team_id,team_name,field_id,field_name,num_fields
1016,מכבי ע.ק. אתא,326,קרית אתא,1
1023,"מכבי חיפה ""עלמני""",271,חיפה קצף תחתון,1
1029,מכבי חיפה מקס,636,חיפה קצף סינטטי,1
1040,מכבי יבנה,349,יבנה דרך הנשיאים,1
1051,מכבי צור שלום ק. ביאליק,174,צור שלום,1
1052,"מכבי פ""ת משה דיין",954,פתח תקוה מכבי סינטטי,1
1054,מכבי הרצליה,334,הרצליה רן 1,1
1060,מכבי ע. שדרות,66,שדרות,1
1073,"מכבי ת""א שחר",69,נס ציונה אצטדיון,1
1074,מכבי אחי נצרת,331,נצרת עילוט אימונים סינטטי,1
1076,מכבי הרצליה ליאור אסולין,334,הרצליה רן 1,1
1079,מכבי שעריים מדהלה,1212,רחובות שעריים וייסגל סינטטי,1
1084,מכבי צור שלום ק. ביאליק,174,צור שלום,1
1092,מכבי אחי נצרת,331,נצרת עילוט אימונים סינטטי,1
1100,מכבי עמק חפר אברהם,1020,בת חפר יישוב,1
1105,מכבי יבנה שמעון,5,יבנה אצטדיון טוטו,1
1111,מכבי הרצליה רן מסיקה,334,הרצליה רן 1,1
1112,מכבי נתניה,1078,נתניה שפירא,1
1113,מכבי חיפה גולדשנפלד,1060,מעגן מיכאל,1
1116,מכבי חיפה גולדשנפלד,1060,מעגן מיכאל,1
1131,"מכבי חיפה ""הרדי""",271,חיפה קצף תחתון,1
1143,מכבי נתניה שלומי,1127,נתניה בית מכבי נתניה,1
1144,מכבי הרצליה י כהנא,154,הרצליה אצטדיון טוטו,1
1146,"מכבי פ""ת עסיסי דוד",1111,פתח תקוה אצטדיון שלמה ביטוח,1
1164,מכבי עמק חפר,1020,בת חפר יישוב,1
1180,מכבי ע.ק. אתא,326,קרית אתא,1
1183,מכבי צור שלום ק. ביאליק,174,צור שלום,1
1199,מ.ס. אשדוד,72,"אשדוד אצטדיון הי""א",1
1200,מ.ס. אשדוד/ז'ילבר,215,אשדוד סינטטי,1
1201,מ.ס. אשדוד אלונה,215,אשדוד סינטטי,1
1202,מ.ס. אשדוד מוריס,215,אשדוד סינטטי,1
1229,מכבי יבנה 2,349,יבנה דרך הנשיאים,1
1231,"מכבי פ""ת  יהודה פרטוש",954,פתח תקוה מכבי סינטטי,1
1241,"א.ס נורדיה י-ם ""נועם חבה""",1208,ירושלים הר חומה סינטטי,1
1245,מכבי ע. נתיבות,1280,נתיבות חדש סינטטי,1
1250,מכבי אחי נצרת,285,נצרת אצטדיון עילוט,2
1253,מכבי צור שלום ק. ביאליק,174,צור שלום,1
1283,"מכבי עמישב פ""ת",595,פתח תקוה סירקין ספורטק אצטדיון,1
1303,הפ' בני ערערה עארה,88,ערערה,1
1320,מכבי ע.ק. אתא,326,קרית אתא,1
1335,מ.ס. צעירי כפר קנא,78,כפר כנא,1
1337,מ.ס. צעירי כפר קנא,78,כפר כנא,1
1338,"מכבי ת""א אלדד",336,תל אביב קרית שלום סינטטי,1
1348,מ.ס. צעירי כפר קנא,78,כפר כנא,1
1372,מכבי עין מאהל אדהם,232,עין מאהל,1
1399,מ.ס. הפ' ירוחם,38,ירוחם,1
1432,מכבי חיפה יהויכים,271,חיפה קצף תחתון,1
1467,בני יהוד,1012,יהוד ק.סביונים,1
1469,בני יהוד,1012,יהוד ק.סביונים,1
1476,א.ס נורדיה ירושלים,1208,ירושלים הר חומה סינטטי,1
1480,עירוני באר יעקב,68,באר יעקב,1
1481,עירוני באר יעקב,68,באר יעקב,1
1482,"מכבי נווה שאנן יוסף שריקי ""צו פיוס""",400,חיפה אבי רן,1
1483,מכבי נווה שאנן אינג' יוסף ינון,400,חיפה אבי רן,1
1484,מכבי נווה שאנן  יוסי שטח,400,חיפה אבי רן,1
1526,מכבי עירוני נתיבות,1280,נתיבות חדש סינטטי,1
1531,מכבי שעריים רחובות,1212,רחובות שעריים וייסגל סינטטי,1
1534,מכבי רחובות,1215,רחובות מכבי רחובות וייסגל סינטטי,1
1547,"מכבי ב""ש",330,באר שבע טאובל,1
1548,"מכבי ב""ש ""צו פיוס""",330,באר שבע טאובל,1
1571,בני יהוד,1012,יהוד ק.סביונים,1
1580,עירוני נשר,1006,נשר אצטדיון,1
1586,מכבי נווה שאנן ז'אק בז'ה,400,חיפה אבי רן,1
1593,"מכבי ת""א עודד",183,תל אביב קרית שלום 1,1
1595,הפועל עליה כפ״ס,1004,"כפר סבא עליה כ""ס",1
1598,"מכבי פ""ת כלפו",954,פתח תקוה מכבי סינטטי,1
1606,מכבי נתניה רפאל,1078,נתניה שפירא,1
1607,"מכבי ת""א אלי פוקס",183,תל אביב קרית שלום 1,1
1640,"מכבי ב""ש",330,באר שבע טאובל,1
1641,"מכבי ב""ש 2",330,באר שבע טאובל,1
1669,מכבי אחי נצרת,331,נצרת עילוט אימונים סינטטי,1
1699,מ.ס. חיפה רובי שפירא,400,חיפה אבי רן,1
1704,"מ.ס. בני ""ממבע"" הגולן והגליל",1259,בוקעתא,1
1705,"מ.ס. בני ""ממבע"" הגולן והגליל",1259,בוקעתא,1
1706,"מ.ס. בני ""ממבע"" הגולן והגליל",1259,בוקעתא,1
1716,אגודת ספורט אשדוד,1203,אשדוד סינטטי 2 קטן,1
1717,אגודת ספורט אשדוד,1203,אשדוד סינטטי 2 קטן,1
1728,הפ' קרית חיים ליבוביץ יעקב,1238,קרית חיים בית נגלר מזרחי (אתוס לשעבר),1
1752,מכבי נתניה יונתן יוני,1078,נתניה שפירא,1
1766,מכבי יבנה,349,יבנה דרך הנשיאים,1
1786,הפ' קרית חיים ליבוביץ יעקב,1239,קרית חיים בית נגלר מערבי (אתוס לשעבר),1
1792,מ.ס. איחוד דרום השרון,1279,ירחיב,1
1793,מ.ס. איחוד דרום השרון,1279,ירחיב,1
1794,מ.ס. איחוד דרום השרון,1279,ירחיב,1
1802,הפועל מטה יהודה,1278,(סגור)רייסר 4 סגור/ישן,1
1828,מ.ס. איחוד דרום השרון,1279,ירחיב,1
1869,מ.כ חולון ירמיהו,1260,חולון אימונים סינטטי ליד בית העלמין,1
1870,מכבי הרצליה ב,334,הרצליה רן 1,1
1887,מ.כ. חולון ירמיהו,1316,חולון טוטו,1
1888,מ.כ. חולון ירמיהו צפון,1260,חולון אימונים סינטטי ליד בית העלמין,1
1889,מ.כ. חולון ירמיהו,1260,חולון אימונים סינטטי ליד בית העלמין,1
1927,מ.ס. הפועל לוד 'ניקי מיכאלי',1123,לוד סינטטי חדש,1
1928,מ.ס. הפועל לוד בני רגב,1123,לוד סינטטי חדש,1
1929,מ.ס. הפועל לוד בני רגב,1123,לוד סינטטי חדש,1
1930,הפועל טירת כרמל,32,טירת כרמל,1
1939,מ.כ.ע. אריאל,255,אריאל,1
1945,"הפועל רמת ישראל ""חיים""",1274,תל אביב ספורטק דרום 2 סינטטי,1
1946,הפועל רמת ישראל,1274,תל אביב ספורטק דרום 2 סינטטי,1
1947,הפועל רמת ישראל,1274,תל אביב ספורטק דרום 2 סינטטי,1
1971,"מ.כ. מתנ""ס אופקים",133,אופקים,1
1981,צעירי סכנין,981,סכנין אימונים,1
1982,צעירי סכנין,981,סכנין אימונים,1
1983,מכבי אחווה שעב,162,שעב,1
1989,מ.כ. צעירי עילוט,331,נצרת עילוט אימונים סינטטי,1
1997,אהלי טמרה,254,טמרה,1
2004,הפ מ. יהודה,197,פתח תקוה מחנה יהודה,1
2015,מכבי נוג'ידאת אחמד,1311,בועיינה נוג'ידאת מזרחי חדש,1
2030,הפועל כפר סבא מערב,282,כפר סבא אימונים תחתון (סינטטי),1
2041,הפ' בארי אשכול,132,נופי הבשור מועצה אזורית אשכול,1
2059,הפועל חיפה 2,3,קרית חיים,1
2061,"הפועל ר""ג ""רונן פרץ""",181,רמת גן השקמה,2
2065,ה.מ. יהודה סתיו חלפון צו פיוס,197,פתח תקוה מחנה יהודה,1
2068,"הפועל ק""ש",75,צפת,2
2072,הפועל רהט,562,רהט הפועל רהט,1
2085,"הפועל ב""ש",1081,באר שבע וסרמיל 4,1
2087,הפועל עכו,1167,עכו הפועל עכו חדש,1
2092,הפ' ע.ס. אבו גוש מבשרת ציון,120,מבשרת ציון,1
2098,"הפ' נ.יהודה ראשל"" שאול מוספי",153,(סגור)ראשון לציון נחלת יהודה,1
2112,הפועל פרדסייה,105,פרדסיה,1
2120,הפועל עפולה,1132,עפולה סינטטי,1
2130,הפועל הרצליה עירוני,334,הרצליה רן 1,1
2137,הפועל הרצליה עירוני,334,הרצליה רן 1,1
2141,הפועל ד.א. כרמל,58,דלית אל כרמל,1
2153,"הפועל ק""ש ""צו פיוס""",383,קרית שמונה,1
2165,"הפ' פ""ת שלומי וורצל",1059,פתח תקוה סירקין אימונים 2 (סינטטי),1
2169,הפועל חיפה 1 ניר,3,קרית חיים,1
2181,הפועל באר שבע,966,באר שבע וסרמיל 1,1
2204,"הפ' ת""א ""מרדכי גרינברג""",417,תל אביב וולפסון 2,1
2216,הפועל אורנית,516,אורנית,1
2227,"הפועל ת""א ישין",417,תל אביב וולפסון 2,1
2231,"הפועל ק""ש",1198,קרית שמונה סינטטי חדש,1
2234,"הפועל רעננה ""אביתר עטואר""",363,רעננה פארק צפוני סינטטי,1
2253,"הפ' מרמורק רחובות חיים ""צו פיוס""",1215,רחובות מכבי רחובות וייסגל סינטטי,1
2255,הפ' בקעת הירדן,327,מושב תומר,1
2257,הפועל נוף הגליל,1318,נוף הגליל סינטטי חדש,1
2278,הפועל פרדסייה,105,פרדסיה,1
2289,הפועל עכו,1167,עכו הפועל עכו חדש,1
2294,"הפועל ב""ש",1081,באר שבע וסרמיל 4,1
2302,הפועל הוד השרון,284,הוד השרון גני צבי,1
2303,"הפ' ת""א צחי בן פורת",417,תל אביב וולפסון 2,1
2305,"הפועל ראשל""צ",361,ראשון לציון סופרלנד מערבי סינטטי,1
2307,הפועל רעננה,363,רעננה פארק צפוני סינטטי,1
2312,הפועל עפולה,1132,עפולה סינטטי,1
2316,הפועל חדרה  משה,1331,חדרה מתחם אימונים סינטטי,1
2323,הפועל רעננה 2,363,רעננה פארק צפוני סינטטי,1
2333,הפועל עכו,1167,עכו הפועל עכו חדש,1
2345,"הפועל ראשל""צ",361,ראשון לציון סופרלנד מערבי סינטטי,1
2358,"הפ' פתח תקוה ד""ר בכר",1059,פתח תקוה סירקין אימונים 2 (סינטטי),1
2365,"הפ' פ""ת ע. אופיר",1059,פתח תקוה סירקין אימונים 2 (סינטטי),1
2367,"הפ' ת""א ניסנוב",245,בת ים אצטדיון טוטו,1
2373,"הפ' ב""ש השלושה",1081,באר שבע וסרמיל 4,1
2381,הפ' ראשל'צ יהודה,158,ראשון לציון אצטדיון הברפלד,1
2385,"הפועל ק""ש",1198,קרית שמונה סינטטי חדש,1
2396,הפ' מחנה יהודה,197,פתח תקוה מחנה יהודה,1
2412,"הפ' כפ""ס ""יובי""",282,כפר סבא אימונים תחתון (סינטטי),1
2414,הפועל מגדל העמק,54,מגדל העמק,1
2420,מ.ס. הפועל לוד בני רגב,573,לוד אימונים 1,1
2429,הפועל חדרה,1330,חדרה מתחם אימונים,1
2440,הפ' מחנה יהודה אברהם בן דוד,197,פתח תקוה מחנה יהודה,1
2441,הפ' רעננה רועי,157,רעננה,1
2443,עירוני בית דגן,124,בית דגן,1
2457,"הפ' קרית אונו ""אברום""",28,קרית אונו ישן,1
2461,"הפ' נחלת יהודה ראשל""צ",153,(סגור)ראשון לציון נחלת יהודה,1
2473,הפ' חיפה רובי,1238,קרית חיים בית נגלר מזרחי (אתוס לשעבר),1
2475,הפועל עכו,21,עכו אצטדיון טוטו,1
2479,"הפ' כפ""ס ישראל",345,כפר סבא אימונים עליון,2
2488,"הפועל קרית אונו ""אלכס גל און""",28,קרית אונו ישן,1
2489,"הפ' פ""ת נחום סטלמך",1111,פתח תקוה אצטדיון שלמה ביטוח,1
2494,"הפועל כפ""ס אילן",345,כפר סבא אימונים עליון,1
2497,"הפועל כפ""ס ""יונגר""",282,כפר סבא אימונים תחתון (סינטטי),1
2500,"הפועל ר""ג 'רוני נכטיילר'",181,רמת גן השקמה,2
2502,מכבי כנות,583,כנות,1
2524,הפועל מגדל העמק,54,מגדל העמק,1
2532,מכבי בני ריינה,1291,ריינה סינטטי,1
2551,הפ' מ.ס. חבל מודיעין,1153,כפר בן שמן,1
2552,הפועל חדרה מערב,1264,חדרה רמדה,1
2555,הפ' בארי אשכול,132,נופי הבשור מועצה אזורית אשכול,1
2563,מ.כ. בני רעננה,363,רעננה פארק צפוני סינטטי,1
2565,מ.כ. בני רעננה,1065,הדר יוסף,1
2579,הפ' פרדסייה גיל,105,פרדסיה,1
2583,הפועל כאוכב,80,כאוכב,1
2592,הפועל עליה כפ״ס,1004,"כפר סבא עליה כ""ס",1
2595,הפועל מטה אשר,1103,עין המפרץ נעמן,1
2604,"הפועל ר""ג",181,רמת גן השקמה,2
2629,מכבי אחי איכסל,237,איכסל,1
2634,מכבי אחי איכסל,237,איכסל,1
2642,הפועל רמת ישראל,1274,תל אביב ספורטק דרום 2 סינטטי,1
2651,"הפועל ניר רמה""ש",1281,רמת השרון סינטטי קטן,1
2670,הפ' חולון צפרירים מא,22,חולון צפרירים חולון,1
2717,הפועל רעננה ליאור אסולין,363,רעננה פארק צפוני סינטטי,1
2718,הפועל מטה אשר,1103,עין המפרץ נעמן,1
2722,הפ' איחוד כמאל בני סמיע,165,כפר סמיע,1
2724,הפועל חדרה מתי,1331,חדרה מתחם אימונים סינטטי,1
2727,הפ' ניר רמת השרון,1106,רמת השרון סינטטי,1
2728,הפ' חיפה בן ציון,1238,קרית חיים בית נגלר מזרחי (אתוס לשעבר),1
2730,הפועל הוד השרון,284,הוד השרון גני צבי,1
2731,הפ' הוד השרון צפון,284,הוד השרון גני צבי,1
2734,"בית""ר נהריה",1306,נהריה 3 סינטטי,1
2736,"בית""ר נהריה",1305,נהריה 2 סינטטי,1
2759,הפ' ניר רמת השרון,1106,רמת השרון סינטטי,1
2763,"הפועל ר""ג דרום",613,רמת גן ספארי,1
2765,הפועל חיפה שלום,1239,קרית חיים בית נגלר מערבי (אתוס לשעבר),1
2772,איחוד בני מג'דל כרום,48,מג'ד אל כרום,1
2786,הפ' נוף הגליל,1318,נוף הגליל סינטטי חדש,1
2827,מ.ס. קרית ים ''עדי'',1269,קרית ים סינטטי,1
2832,"מ.ס. קרית ים ""עידו""",1269,קרית ים סינטטי,1
2843,הפ' ניר רמת השרון,25,"רמת השרון אצטדיון טוטו ע""ש גרונדמן",1
2845,הפ' ראשון לציון יורם,361,ראשון לציון סופרלנד מערבי סינטטי,1
2846,הפ' נוף הגליל,1318,נוף הגליל סינטטי חדש,1
2848,"מ.ס. רשת מתנ""סים טבעון",200,קרית טבעון,1
2862,"הפ' מרמורק רחובות חיים ""צו פיו",1215,רחובות מכבי רחובות וייסגל סינטטי,1
2868,הפ. רעננה דן ווידנבאום,363,רעננה פארק צפוני סינטטי,1
2881,הפועל כאוכב,80,כאוכב,1
2882,הפועל הוד השרון,284,הוד השרון גני צבי,1
2904,הפועל עפולה,1132,עפולה סינטטי,1
2905,הפועל חדרה טל אליהו,1331,חדרה מתחם אימונים סינטטי,1
2908,הפועל כפר כנא,78,כפר כנא,1
2963,"הפועל קרית אונו ""יעקב סופר""",28,קרית אונו ישן,1
2980,הפועל עליה כפ״ס,1004,"כפר סבא עליה כ""ס",1
2985,"הפ' נחלת יהודה ראשל""צ 1",153,(סגור)ראשון לציון נחלת יהודה,1
3004,"בית""ר טוברוק",13,נתניה טוברוק,1
3005,"שמשון ת""א רועי פלס",1352,תל אביב ספורטק צפון מגרש מזרחי,1
3006,"בית""ר טוברוק אורן",13,נתניה טוברוק,1
3009,"בית""ר ר""ג",225,רמת גן אימונים,1
3031,"בית""ר י-ם גדי ""צו פיוס""",187,ירושלים בית וגן 1 תחתון,1
3033,"שמשון ת""א",1352,תל אביב ספורטק צפון מגרש מזרחי,1
3037,"בית""ר פרדס חנה",91,פרדס חנה,1
3040,"בית""ר טוברוק ""צו פיוס""",13,נתניה טוברוק,1
3043,"בית""ר טוברוק",13,נתניה טוברוק,1
3066,צעירי סכנין,596,סכנין אימונים סינטטי,1
3079,הפועל בועיינה,1311,בועיינה נוג'ידאת מזרחי חדש,1
3084,הפועל בועיינה,1311,בועיינה נוג'ידאת מזרחי חדש,1
3107,מ.כ. צעירי עילוט,331,נצרת עילוט אימונים סינטטי,1
3113,אהלי טמרה,254,טמרה,1
3141,מ.כ מכבי אשקלון ''שמעון'',1145,"אשקלון סינטטי ע""ש איציק ""חיפה"" כהן",1
3142,מ.כ. מכבי אשקלון,1145,"אשקלון סינטטי ע""ש איציק ""חיפה"" כהן",1
3143,מ.כ. מכבי אשקלון,1145,"אשקלון סינטטי ע""ש איציק ""חיפה"" כהן",1
3145,הפועל לב השרון,161,כפר יונה,1
3146,הפועל לב השרון,161,כפר יונה,1
3156,מ.כ. קרית חיים,1239,קרית חיים בית נגלר מערבי (אתוס לשעבר),1
3157,מ.כ. קרית חיים,1238,קרית חיים בית נגלר מזרחי (אתוס לשעבר),1
3158,מ.כ. קרית חיים,1239,קרית חיים בית נגלר מערבי (אתוס לשעבר),1
3160,מכבי נוג'ידאת אחמד,1311,בועיינה נוג'ידאת מזרחי חדש,1
3161,מכבי נוג'ידאת אחמד,1311,בועיינה נוג'ידאת מזרחי חדש,1
3164,הפועל מרום הגליל,75,צפת,1
3165,"בית""ר גדרה",1224,גדרה,1
3167,"בית""ר גדרה",1224,גדרה,1
3171,מ.ס. רמלה עובד גרא,1158,רמלה פארק עופר ע״ש מאיר נימני,1
3172,מ.ס. רמלה,1158,רמלה פארק עופר ע״ש מאיר נימני,1
3173,"מ.ס. רמלה ""צו פיוס""",1158,רמלה פארק עופר ע״ש מאיר נימני,1
3174,הפועל בני ג'סר א זרקא,296,ג'סר אל זרקה,1
3183,הפועל עירוני עראבה,317,דיר חנא,1
3184,הפועל עירוני עראבה,317,דיר חנא,1
3185,הפועל עירוני עראבה,317,דיר חנא,1
3202,מ.כ. מכבי אשקלון אופק,1145,"אשקלון סינטטי ע""ש איציק ""חיפה"" כהן",1
3218,הפועל לב השרון,161,כפר יונה,1
3230,מ.כ. קרית חיים,1239,קרית חיים בית נגלר מערבי (אתוס לשעבר),1
3239,"בית""ר גדרה",1224,גדרה,1
3245,"מ.ס. רמלה ""צו פיוס""",1158,רמלה פארק עופר ע״ש מאיר נימני,1
3257,הפועל עירוני עראבה,317,דיר חנא,1
3262,מ.ס. בני יפיע,1309,יפיע סינטטי,1
3263,איחוד בני שפרעם,1251,שפרעם חדש סינטטי,1
3264,איחוד בני שפרעם,1251,שפרעם חדש סינטטי,1
3265,איחוד בני שפרעם,1251,שפרעם חדש סינטטי,1
3266,בני מג'אר,603,בענה,1
3267,בני מג'אר,603,בענה,1
3268,בני מג'אר,603,בענה,1
3269,מ.ס. ראמה,1162,כפר ראמה,1
3270,מ.ס. ראמה,1162,כפר ראמה,1
3271,מ.ס. ראמה,1162,כפר ראמה,1
3277,מ.ס. צעירי חיפה,1159,חיפה אגרטק (אתוס 1 לשעבר),1
3279,עוצמה באר שבע,1257,באר שבע רייסר 4 סינטטי,1
3280,עוצמה באר שבע,1257,באר שבע רייסר 4 סינטטי,1
3281,מכבי כפר סבא,282,כפר סבא אימונים תחתון (סינטטי),1
3282,מכבי כפר סבא,282,כפר סבא אימונים תחתון (סינטטי),1
3283,מכבי כפר סבא מזרח,282,כפר סבא אימונים תחתון (סינטטי),1
3290,מ.ס. כדורגל הפועל קרית ים,250,נהלל,1
3291,מ.ס. כדורגל הפועל קרית ים,250,נהלל,1
3292,מ.ס. כדורגל הפועל קרית ים,250,נהלל,1
3312,הפ' עירוני גדרה,1224,גדרה,1
3313,הפ' עירוני גדרה,1224,גדרה,1
3314,הפ' עירוני גדרה,1224,גדרה,1
3316,"בית""ר תל אביב חולון 1",1316,חולון טוטו,1
3324,"בית""ר ר""ג",225,רמת גן אימונים,1
3325,"בית""ר ר""ג",225,רמת גן אימונים,1
3326,"בית""ר ר""ג",225,רמת גן אימונים,1
3333,"בית""ר טוברוק 2",13,נתניה טוברוק,1
3340,"בית""ר חיפה ""טום לוי""",1159,חיפה אגרטק (אתוס 1 לשעבר),1
3346,"בית""ר חיפה",1159,חיפה אגרטק (אתוס 1 לשעבר),1
3395,מ.ס. בני יפיע,1309,יפיע סינטטי,1
3398,איחוד בני שפרעם,1251,שפרעם חדש סינטטי,1
3410,מ.ס. צעירי חיפה,400,חיפה אבי רן,1
3413,עוצמה באר שבע,1257,באר שבע רייסר 4 סינטטי,1
3431,איחוד צעירי איכסל סמיר,237,איכסל,1
3432,איחוד צעירי איכסל סמיר,237,איכסל,1
3435,מ.ס. בית ג'אן,1305,נהריה 2 סינטטי,1
3463,הפ' איחוד בני ג'ת,341,כפר ג'ת המשולש,1
3514,מ.כ. כרמל חיפה,1159,חיפה אגרטק (אתוס 1 לשעבר),1
3515,מ.כ. כרמל חיפה,1159,חיפה אגרטק (אתוס 1 לשעבר),1
3516,מ.כ. שפרעם,1251,שפרעם חדש סינטטי,1
3519,מ.ס. בית ג'אן,1305,נהריה 2 סינטטי,1
3520,מ.ס. בית ג'אן,1305,נהריה 2 סינטטי,1
3521,מ.ס. בית ג'אן,1305,נהריה 2 סינטטי,1
3522,עירוני ראש העין,1339,ראש העין,1
3523,עירוני ראש העין,1339,ראש העין,1
3526,מ.כ. גליל גולן,75,צפת,1
3527,מ.כ. גליל גולן,75,צפת,1
3529,מכבי עתלית,313,עתלית,1
3530,מכבי עתלית,313,עתלית,1
3531,מ.כ. הפועל גלבוע,325,תענך גוש יעל/אסי גלבוע,1
3532,מ.כ. הפועל גלבוע,325,תענך גוש יעל/אסי גלבוע,1
3533,מ.כ. הפועל גלבוע,325,תענך גוש יעל/אסי גלבוע,1
3573,מ.כ. ירושלים,1208,ירושלים הר חומה סינטטי,1
3574,שיכון ותיקים רמת גן,613,רמת גן ספארי,1
3575,"שיכון ותיקים רמת גן ""צו פיוס""",613,רמת גן ספארי,1
3576,"שיכון ותיקים רמת גן ""צו פיוס""",613,רמת גן ספארי,1
3578,צעירי אום אל פאחם,367,אום אל פחם,1
3579,צעירי אום אל פאחם,411,אום אל פאחם סינטטי,1
3580,מ.ס. שפרעם,1251,שפרעם חדש סינטטי,1
3581,מ.ס. שפרעם,1251,שפרעם חדש סינטטי,1
3582,מ.ס. שפרעם,1251,שפרעם חדש סינטטי,1
3601,"בית""ר י-ם אורן ""צו פיוס""",187,ירושלים בית וגן 1 תחתון,1
3602,"בית""ר י-ם שמואל",187,ירושלים בית וגן 1 תחתון,1
3607,מ.כ. כרמל חיפה,1159,חיפה אגרטק (אתוס 1 לשעבר),1
3610,"שמשון ת""א ""צו פיוס""",1352,תל אביב ספורטק צפון מגרש מזרחי,1
3612,"בית""ר י-ם אורן",263,ירושלים אצטדיון טדי,2
3619,מ.כ. שפרעם,1251,שפרעם חדש סינטטי,1
3630,מ.כ. צעירי טמרה,254,טמרה,1
3647,בני אלסלאם רהט,1144,רהט בני אל סאלם רהט,1
3658,מ.כ. גליל גולן דרום,75,צפת,1
3661,"בית""ר חיפה - אבי רן",1159,חיפה אגרטק (אתוס 1 לשעבר),1
3662,"בית""ר חיפה ""חיים טולדנו""",1159,חיפה אגרטק (אתוס 1 לשעבר),1
3701,הפועל יפיע,1309,יפיע סינטטי,1
3707,מ.כ. אור עקיבא,429,אור עקיבא,1
3716,צעירי אום אל פאחם,411,אום אל פאחם סינטטי,1
3719,מ.ס. שפרעם,1251,שפרעם חדש סינטטי,1
3720,"שמשון ת""א",1352,תל אביב ספורטק צפון מגרש מזרחי,1
3763,מכבי יהוד מונוסון,1012,יהוד ק.סביונים,1
3771,הפועל חורפיש,1259,בוקעתא,1
3778,מ.כ. שדרות,66,שדרות,1
3781,מכבי בני טורעאן,317,דיר חנא,1
3783,מכבי בני טורעאן,317,דיר חנא,1
3803,מ.כ. מיתר,1293,מיתר,1
3806,מכבי יהוד מונוסון,1012,יהוד ק.סביונים,1
3809,"מ.ס. בית""ר כפר מנדא",152,כפר מנדא חדש,1
3834,"בית""ר עירוני קרית גת דודו",1190,קרית גת סינטטי אגוז,1
3835,"בית""ר עירוני קרית גת דודו",1190,קרית גת סינטטי אגוז,1
3836,"בית""ר עירוני קרית גת דודו",1190,קרית גת סינטטי אגוז,1
3844,מ.כ. שדרות,66,שדרות,1
3847,מ.כ. שדרות,66,שדרות,1
3859,מ.ס. כדורגל משהד,219,משהד,1
3862,בני דבוריה,293,דבוריה,1
3863,בני דבוריה,293,דבוריה,1
3864,בני דבוריה,293,דבוריה,1
3917,מכבי גבעת שמואל,124,בית דגן,1
3933,מכבי צעירי ירכא,571,ירכא,1
3948,מ.ס. קרית חיים,1238,קרית חיים בית נגלר מזרחי (אתוס לשעבר),1
3952,מ.כ. צופי חיפה,400,חיפה אבי רן,1
3962,מ.כ. נהלל יזרעאל,250,נהלל,1
3963,מ.כ. נהלל יזרעאל,250,נהלל,1
3964,מ.כ. נהלל יזרעאל,250,נהלל,1
3999,מ.ס. כאבול,84,כאבול,1
4003,א.ס. רמת אליהו גנט דעבול,184,ראשון לציון רמת אליהו,1
4004,"גדנע ת""א רוני",1302,תל אביב גדנע ת״א חדש,1
4006,מ.כ. נוה יוסף,1159,חיפה אגרטק (אתוס 1 לשעבר),1
4010,מ.כ. נוה יוסף,1159,חיפה אגרטק (אתוס 1 לשעבר),1
4020,בני סכנין,981,סכנין אימונים,1
4023,"עוצמה מ.כ.""הרצל"" חולון",1316,חולון טוטו,1
4024,"עוצמה מ.כ.""הרצל"" חולון 1",1316,חולון טוטו,1
4025,"עוצמה מ.כ.""הרצל"" חולון",1316,חולון טוטו,1
4028,"בית""ר תל אביב חולון",245,בת ים אצטדיון טוטו,1
4033,"בית""ר משה ת""א חולון",1316,חולון טוטו,1
4046,מ.כ. מכבי נהריה,1305,נהריה 2 סינטטי,1
4053,א.ס. רמת אליהו מאור כהן,184,ראשון לציון רמת אליהו,1
4054,א.ס. רמת אליהו,184,ראשון לציון רמת אליהו,1
4077,מ.ס. כפר קאסם,61,כפר קאסם עליון סינטטי,1
4087,מ.כ. נוה יוסף,1159,חיפה אגרטק (אתוס 1 לשעבר),1
4099,"בני יהודה ת""א גרונדמן ""צו פיוס""",346,תל אביב שכונת התקוה סינטטי 2,1
4100,מ.ס. כפר יאסיף,257,שיח-דנון,1
4101,מ.ס. כפר יאסיף,257,שיח-דנון,1
4102,מ.ס. כפר יאסיף,257,שיח-דנון,1
4117,בני סכנין,981,סכנין אימונים,1
4133,מכבי עספיא,57,עספיא,1
4146,מ.ק. גולן  קצרין,283,קצרין,1
4176,מ.כ. צופי חיפה,400,חיפה אבי רן,1
4202,מועדון צעירי רהט,368,רהט צעירי רהט,1
4204,מועדון צעירי רהט,368,רהט צעירי רהט,1
4236,"בית""ר תל אביב חולון 2",1316,חולון טוטו,1
4243,"ע.בית שמש ""צו פיוס""",1266,בית שמש אצטדיון,1
4255,בני סכנין,981,סכנין אימונים,1
4303,מ.כ. הפועל פסוטה,257,שיח-דנון,1
4311,מכבי גן יבנה,1326,גן יבנה אצטדיון,1
4327,מכבי גן יבנה,1326,גן יבנה אצטדיון,1
4328,מכבי גן יבנה,1326,גן יבנה אצטדיון,1
4329,מכבי גן יבנה,1326,גן יבנה אצטדיון,1
4344,איחוד בני עכו,1167,עכו הפועל עכו חדש,1
4353,מ.כ. עירוני קלנסואה,341,כפר ג'ת המשולש,1
4354,מ.כ. עירוני קלנסואה,341,כפר ג'ת המשולש,1
4360,עירוני אשקלון,1145,"אשקלון סינטטי ע""ש איציק ""חיפה"" כהן",1
4361,עירוני אשקלון,1145,"אשקלון סינטטי ע""ש איציק ""חיפה"" כהן",1
4362,עירוני אשקלון,1145,"אשקלון סינטטי ע""ש איציק ""חיפה"" כהן",1
4367,אחווה כפר קרע,89,כפר קרע,1
4425,"בני יהודה ת'א ""צו פיוס""",346,תל אביב שכונת התקוה סינטטי 2,1
4445,מ.כ. עירוני קלנסואה,341,כפר ג'ת המשולש,1
4448,עירוני אשקלון,1145,"אשקלון סינטטי ע""ש איציק ""חיפה"" כהן",1
4452,אחווה כפר קרע,89,כפר קרע,1
4485,מ.כ. ירושלים,1208,ירושלים הר חומה סינטטי,1
4499,מכבי באר יעקב עמית,68,באר יעקב,1
4500,מכבי באר יעקב עמית,68,באר יעקב,1
4501,מכבי באר יעקב עמית,68,באר יעקב,1
4505,מ.כ. הפועל ירכא,571,ירכא,1
4510,מ.ס. קרית חיים,1238,קרית חיים בית נגלר מזרחי (אתוס לשעבר),1
4524,אתלטיקו שפרעם,1251,שפרעם חדש סינטטי,1
4526,מ.כ. מועצה אזורית יואב,583,כנות,1
4678,"גדנע ת""א ניסים",1302,תל אביב גדנע ת״א חדש,1
4692,"בני יהודה ת""א בראל חדריה שמואל",1273,תל אביב ספורטק דרום 1,1
4695,"גדנע ת""א יהודה",1302,תל אביב גדנע ת״א חדש,1
4698,בני יהודה ת'א,1274,תל אביב ספורטק דרום 2 סינטטי,2
4700,"גדנע ת""א יעקב",1302,תל אביב גדנע ת״א חדש,1
4727,עירוני בית שמש,1266,בית שמש אצטדיון,1
4735,הפועל ריינה,1291,ריינה סינטטי,1
4753,מ.כ. נוה יוסף,1159,חיפה אגרטק (אתוס 1 לשעבר),1
4778,מכבי פרדס כץ,620,רמלה ג'רסי,1
4791,מ.כ. הפ' בני אשדוד 1,1203,אשדוד סינטטי 2 קטן,1
4792,מ.כ. הפ' בני אשדוד,1203,אשדוד סינטטי 2 קטן,1
4795,מ.כ. ערד,211,ערד,1
4796,הפ' בני דיר אל אסד,603,בענה,1
4827,מ.כ. כבביר,1159,חיפה אגרטק (אתוס 1 לשעבר),1
4830,"מ.כ. מתנ""ס אופקים",133,אופקים,1
4838,מ.ס. כפר קאסם,61,כפר קאסם עליון סינטטי,1
4839,מ.ס. כפר קאסם,61,כפר קאסם עליון סינטטי,1
4840,מ.ס. כפר קאסם,61,כפר קאסם עליון סינטטי,1
4865,הפ' נוף הגליל,1318,נוף הגליל סינטטי חדש,1
4869,מכבי ע.ק. אתא,326,קרית אתא,1
4873,הפועל עליה כפ״ס,1004,"כפר סבא עליה כ""ס",1
4887,מכבי נתניה 2,1078,נתניה שפירא,1
4898,הפועל מגדל העמק,54,מגדל העמק,1
4901,הפועל קרית אונו,28,קרית אונו ישן,1
4905,הפ' פרדסייה נועם,105,פרדסיה,1
4907,הפועל ד.א.כרמל,58,דלית אל כרמל,1
4915,מכבי חיפה שמעון,1060,מעגן מיכאל,1
4919,מ.ס.פרדס חנה כרכור,91,פרדס חנה,1
4923,מכבי עמק חפר,1020,בת חפר יישוב,1
4937,מועדון צעירי רהט,368,רהט צעירי רהט,1
4944,מכבי ע. נתיבות,1280,נתיבות חדש סינטטי,1
4945,"מכבי עמישב פ""ת ""שי ארוס""",595,פתח תקוה סירקין ספורטק אצטדיון,1
4956,"בית""ר תל אביב חולון",1316,חולון טוטו,1
4959,הפ' יוקנעם ארז,55,יקנעם,1
4964,הפ' בארי אשכול,132,נופי הבשור מועצה אזורית אשכול,1
4968,"בית""ר כ""ס שלומי",439,כפר סבא קפלן,1
4975,הפ' איחוד בני סמיע,165,כפר סמיע,1
4994,"בית""ר ע. קרית גת דודו",1190,קרית גת סינטטי אגוז,1
4995,מכבי עירוני כפר יונה,161,כפר יונה,1
4998,"מ. עמישב פ""ת ברק הלפרן צו פיוס",595,פתח תקוה סירקין ספורטק אצטדיון,1
5014,מ.ס. דימונה צחי,1294,דימונה סינטטי חדש,1
5015,מ.ס.דימונה,1294,דימונה סינטטי חדש,1
5016,מ.ס דימונה,1294,דימונה סינטטי חדש,1
5017,מ.ס.דימונה נועם אבו,1294,דימונה סינטטי חדש,1
5020,מ.ק.גולן קצרין,283,קצרין,1
5021,מ.ס. ג'דידה מכר,79,ג'דידה,1
5040,"הפועל חוף הכרמל / מ""מ",258,קיבוץ החותרים,1
5045,מ.ס. ג'דידה מכר,79,ג'דידה,1
5054,עירוני בית שמש,1266,בית שמש אצטדיון,1
5061,מכבי רחובות,1215,רחובות מכבי רחובות וייסגל סינטטי,1
5096,הפ' מרמורק רחובות חיים,1215,רחובות מכבי רחובות וייסגל סינטטי,1
5114,ע.בית שמש,1266,בית שמש אצטדיון,1
5116,"בית""ר ע. מעלה אדומים",515,מעלה אדומים אצטדיון טוטו,1
5117,"בית""ר ע.מעלה אדומים ""צו פיוס""",515,מעלה אדומים אצטדיון טוטו,1
5126,מ.ס. פרדס חנה כרכור,91,פרדס חנה,1
5128,מכבי ע. כפר יונה,161,כפר יונה,1
5132,"הפועל חוף הכרמל / מ""מ",258,קיבוץ החותרים,1
5136,"הכח מכבי עמידר ר""ג ""לופא"" קדוש",181,רמת גן השקמה,2
5137,"הכח מכבי עמידר ר""ג מיכה",181,רמת גן השקמה,1
5139,"הכח מכבי עמידר ר""ג ""שגב שושן""",181,רמת גן השקמה,1
5141,"הכח מכבי עמידר ר""ג",181,רמת גן השקמה,1
5161,מכבי יבנה,349,יבנה דרך הנשיאים,1
5173,"הפועל ""יהודה"" אזור",41,אזור,1
5174,"הפועל ""יהודה"" אזור",41,אזור,1
5181,"בית""ר כפר סבא שלומי",439,כפר סבא קפלן,1
5182,"בית""ר כפר סבא שלומי",439,כפר סבא קפלן,1
5185,שמשון בני טייבה,53,טייבה,1
5186,שמשון בני טייבה,53,טייבה,1
5201,מכבי כנות,583,כנות,1
5205,"מכבי עמישב פ""ת",595,פתח תקוה סירקין ספורטק אצטדיון,1
5210,מכבי עירוני שדרות,66,שדרות,1
5221,מכבי עירוני חורה,1144,רהט בני אל סאלם רהט,1
5222,"בית""ר י-ם 1",187,ירושלים בית וגן 1 תחתון,1
5228,"ס. נס ציונה ""שקד חבני""",1303,נס ציונה אימונים סינטטי חדש,1
5229,ס. נס ציונה,1303,נס ציונה אימונים סינטטי חדש,1
5230,ס. נס ציונה,1303,נס ציונה אימונים סינטטי חדש,1
5231,ס. נס ציונה,1303,נס ציונה אימונים סינטטי חדש,1
5246,מ.ס. טירה,106,טירה,1
5247,מ.ס. טירה,106,טירה,1
5289,מכבי שעריים רחובות,1212,רחובות שעריים וייסגל סינטטי,1
5290,מכבי רחובות,1215,רחובות מכבי רחובות וייסגל סינטטי,1
5308,הפועל עפולה,1243,עפולה גבעת המורה עפולה,1
5311,מ.כ.ע.אור יהודה פרידמן צו פיוס,39,אור יהודה,1
5323,מכבי ע. כפר יונה,161,כפר יונה,1
5325,"הפועל חוף הכרמל / מ""מ",258,קיבוץ החותרים,1
5329,"בית""ר כ""ס שלומי",439,כפר סבא קפלן,1
5330,מ.ס.קדימה צורן,464,קדימה,1
5340,מ.כ.עירוני אור יהודה,39,אור יהודה,1
5341,מ.כ.עירוני אור יהודה,39,אור יהודה,1
5344,מ.ס. פרדס חנה כרכור,91,פרדס חנה,1
5358,מכבי ברקאי,512,קיבוץ ברקאי,1
5359,"מכבי ברקאי ""צו פיוס""",512,קיבוץ ברקאי,1
5389,בני סכנין,596,סכנין אימונים סינטטי,1
5400,מכבי סקציה מעלות תרשיחא,44,מעלות,1
5403,"הפועל ""יהודה"" אזור ""צו פיוס""",41,אזור,1
5416,בני אילת,1312,אילת קרית הספורט סינטטי,1
5418,בני אילת,1312,אילת קרית הספורט סינטטי,1
5419,בני אילת,1312,אילת קרית הספורט סינטטי,1
5434,מ.ס. טירה,106,טירה,1
5441,איחוד בני בקה,49,בקה אל גרביה,1
5442,הפועל דיר חנא,317,דיר חנא,1
5448,מכבי קרית מלאכי,45,קרית מלאכי,1
5449,מכבי קרית מלאכי,45,קרית מלאכי,1
5456,עירוני טבריה,14,טבריה,1
5457,עירוני טבריה,14,טבריה,1
5459,עירוני טבריה 'עמרי',14,טבריה,1
5493,מכבי השקמה חן דרום,181,רמת גן השקמה,1
5495,מכבי שוהם,608,שוהם,1
5501,"הפועל אזור הפועל ""יהודה"" אזור",41,אזור,1
5507,מכבי כנות,583,כנות,1
5513,שמשון בני טייבה,53,טייבה,1
5514,מ.ס. פרדס חנה כרכור,91,פרדס חנה,1
5521,הפ' יוקנעם ארז,55,יקנעם,1
5522,מכבי השרון נתניה בקשי יעקב,1078,נתניה שפירא,1
5537,מכבי קרית מלאכי עירוני,45,קרית מלאכי,1
5539,מכבי ס. מעלות תרשיחא,44,מעלות,1
5540,מכבי ס. מעלות,44,מעלות,1
5544,מ.ס. קדימה צורן,464,קדימה,1
5548,מ.ס. טירה,106,טירה,1
5549,"בית""ר א.א. פאחם",411,אום אל פאחם סינטטי,1
5563,איחוד בני בקה,1142,בקה אל גרביה סינטטי,1
5571,הפ' בני ג'סר אל זרקא,296,ג'סר אל זרקה,1
5572,הפ' בני ג'סר אל זרקא,296,ג'סר אל זרקה,1
5574,הפ' בני ג'סר אל זרקה,296,ג'סר אל זרקה,1
5575,הפועל כפר כנא,78,כפר כנא,1
5581,מ. כ. אחווה כפר מנדא,152,כפר מנדא חדש,1
5603,הפ' ע.ס. אבו גוש מ. ציון,120,מבשרת ציון,1
5604,הפ' ע.ס אבו גוש מבשרת ציון,120,מבשרת ציון,1
5606,הפ' דיר חנא חוסאם,317,דיר חנא,1
5610,הפועל חדרה מערב,1264,חדרה רמדה,1
5644,"מ.ס. ב""ש",1253,באר שבע רייסר 1 סינטטי,1
5645,"מ.ס. ב""ש",1253,באר שבע רייסר 1 סינטטי,1
5646,"מ.ס. ב""ש",1253,באר שבע רייסר 1 סינטטי,1
5647,"מ.ס. ב""ש",1253,באר שבע רייסר 1 סינטטי,1
5670,מכבי ע. כפר יונה,161,כפר יונה,1
5674,מכבי שוהם,608,שוהם,1
5680,מכבי השקמה חן דרום,181,רמת גן השקמה,1
5683,מ.כ. מג'דל כרום שאגור,1306,נהריה 3 סינטטי,1
5685,איחוד בני בקה,1142,בקה אל גרביה סינטטי,1
5688,"בית""ר י-ם צפון",188,ירושלים בית וגן 2 עליון סינטטי,1
5695,עירוני טבריה,14,טבריה,1
5705,מכבי עמק חפר,1020,בת חפר יישוב,1
5710,מכבי שעריים רחובות,1212,רחובות שעריים וייסגל סינטטי,1
5728,עירוני נשר,1006,נשר אצטדיון,1
5756,מכבי ע. בת ים ליאור קבילו,245,בת ים אצטדיון טוטו,1
5757,מכבי ע. בת ים אופק קמחי,245,בת ים אצטדיון טוטו,1
5758,מכבי ע. בת ים משה נהרדע,245,בת ים אצטדיון טוטו,1
5759,מכבי ע. בת ים דרום,245,בת ים אצטדיון טוטו,1
5770,מ.כ. מזכרת בתיה,122,"מזכרת בתיה ע""ש אדיר פורטוגל",1
5774,ה.כפר שלם עדן ירושלמי,1274,תל אביב ספורטק דרום 2 סינטטי,1
5779,מכבי יפו קביליו יעקב משולם,119,תל אביב יפו נוה גולן,1
5780,"מכבי יפו קביליו ""יצחק אסא""",119,תל אביב יפו נוה גולן,1
5787,מ.כ. אחווה כפר מנדא,152,כפר מנדא חדש,1
5789,מ.כ. אחווה כפר מנדא,152,כפר מנדא חדש,1
5792,איחוד בני בקה,1142,בקה אל גרביה סינטטי,1
5828,"בית""ר א.א. פאחם",411,אום אל פאחם סינטטי,1
5834,"הפועל כפר שלם ""צו פיוס""",1274,תל אביב ספורטק דרום 2 סינטטי,1
5849,הפועל עמק הירדן,1147,קיבוץ מעגן,1
5855,הפועל מטה אשר,1103,עין המפרץ נעמן,1
5857,שמשון בני טייבה,53,טייבה,1
5858,מכבי שוהם,608,שוהם,1
5860,הפ' בית שאן מסילות,148,בית שאן,1
5861,הפ' בית שאן מסילות,148,בית שאן,1
5862,הפ' בית שאן מסילות,365,בית שאן אימונים,1
5863,הפ' בית שאן מסילות אבנר,365,בית שאן אימונים,1
5876,מ.ס. צעירי טייבה,53,טייבה,1
5882,"מכבי יפו קביליו ""קונורטי""",119,תל אביב יפו נוה גולן,1
5883,עירוני בני כאבול,84,כאבול,1
5886,עירוני בני כאבול,84,כאבול,1
5890,עירוני בית דגן,124,בית דגן,1
5893,מ.ס. שיכון המזרח,233,ראשון לציון מתחת לגשר,1
5895,עירוני נשר,1006,נשר אצטדיון,1
5896,עירוני נשר,1006,נשר אצטדיון,1
5901,הפועל עירוני כרמיאל,580,כרמיאל,1
5902,"הפועל עירוני כרמיאל ""עילי""",580,כרמיאל,1
5903,הפועל עירוני כרמיאל,580,כרמיאל,1
5904,הפועל עירוני כרמיאל ''איאד'',580,כרמיאל,1
5914,מכבי עירוני ברטעה,1075,ברטעה,1
5918,מ.כ.ע. אור יהודה שלמה אברהם,39,אור יהודה,1
5920,"בית""ר פ""ת משה לוי",595,פתח תקוה סירקין ספורטק אצטדיון,1
5921,"בית""ר פ""ת משה לוי",1059,פתח תקוה סירקין אימונים 2 (סינטטי),1
5922,"בית""ר פ""ת משה לוי",1059,פתח תקוה סירקין אימונים 2 (סינטטי),1
5923,"בית""ר פ""ת ""משה לוי""",1059,פתח תקוה סירקין אימונים 2 (סינטטי),1
5950,מ.כ. אחווה כפר מנדא,152,כפר מנדא חדש,1
5961,הפ' כפר שלם יוסי שרעבי,1274,תל אביב ספורטק דרום 2 סינטטי,1
5986,הפ' איחוד אעבלין,236,אעבלין,1
6027,הפ' י-ם אורי נתן,1310,אבו גוש,1
6028,הפועל מטה אשר,1103,עין המפרץ נעמן,1
6033,מ.ס. שיכון המזרח,233,ראשון לציון מתחת לגשר,1
6035,מ.כ. מג'דל כרום שאגור,1306,נהריה 3 סינטטי,1
6036,מכבי שוהם איתי,608,שוהם,1
6037,א.ס. רמת אליהו בני ספיר,184,ראשון לציון רמת אליהו,1
6047,מכבי אחי איכסל,237,איכסל,1
6048,הפועל כפר שלם 'יוחנן אברהמי',1274,תל אביב ספורטק דרום 2 סינטטי,1
6053,הפ' בית אליעזר,50,חדרה בית אליעזר,1
6116,הפועל הרצליה עירוני,334,הרצליה רן 1,1
6117,"מ.ס. רשת מתנ""סים טבעון",200,קרית טבעון,1
6125,הפ' אלאתיחאד נצרת,331,נצרת עילוט אימונים סינטטי,1
6129,עירוני מודיעין,1186,מודיעין מגרש ליגד,1
6134,עירוני מודיעין,1186,מודיעין מגרש ליגד,1
6135,ע. מודיעין,1186,מודיעין מגרש ליגד,1
6145,הפ' בית שאן מסילות,148,בית שאן,1
6222,הפועל י-ם,1210,ירושלים עמק הארזים 2,1
6245,הפועל הוד השרון,284,הוד השרון גני צבי,1
6246,מכבי אחי איכסל,237,איכסל,1
6247,הפ' בית אליעזר,50,חדרה בית אליעזר,1
6249,עירוני מודיעין,1186,מודיעין מגרש ליגד,1
6256,הפועל בני בענה,603,בענה,1
6260,מכבי יפו קביליו,119,תל אביב יפו נוה גולן,1
6264,מכבי השרון נתניה ויקטור עטיה,1078,נתניה שפירא,1
6273,בני א.א.פאחם,411,אום אל פאחם סינטטי,1
6279,הפ' איחוד בני ג'ת,341,כפר ג'ת המשולש,1
6291,הפ' ע. בקה אל גרבייה,1142,בקה אל גרביה סינטטי,1
6302,הפועל א.א. פאחם,411,אום אל פאחם סינטטי,1
6303,הפועל א.א. פאחם,411,אום אל פאחם סינטטי,1
6305,הפועל א.א. פאחם,411,אום אל פאחם סינטטי,1
6313,"אליצור יפו ת""א",119,תל אביב יפו נוה גולן,1
6314,"מ.ס. רשת מתנ""סים טבעון",200,קרית טבעון,1
6321,"מ.ס.קרית ים ""דניאל""",1269,קרית ים סינטטי,1
6324,הפ' בני אעבלין,254,טמרה,1
6336,מ.כ. מזכרת בתיה,122,"מזכרת בתיה ע""ש אדיר פורטוגל",1
6343,מכבי בני ריינה,1291,ריינה סינטטי,1
6449,הפ' ירושלים,1310,אבו גוש,1
6454,מ.כ. אלנהדה נצרת,331,נצרת עילוט אימונים סינטטי,1
6463,מ.כ. מכבי נהריה,1305,נהריה 2 סינטטי,1
6472,מ.ס. שיכון המזרח,233,ראשון לציון מתחת לגשר,1
6473,הפ' איחוד בני ג'ת,341,כפר ג'ת המשולש,1
6477,הפועל הרצליה עירוני,334,הרצליה רן 1,1
6480,מ.כ. מג'דל כרום שאגור,48,מג'ד אל כרום,1
6486,הפועל בני בענה,603,בענה,1
6494,הפועל נחף,81,נחף,1
6496,מכבי השרון נתניה ויקטור עטיה,1078,נתניה שפירא,1
6503,מכבי קרית גת,1190,קרית גת סינטטי אגוז,1
6504,"מכבי קרית גת ""צו פיוס""",1190,קרית גת סינטטי אגוז,1
6506,מכבי קרית גת,1190,קרית גת סינטטי אגוז,1
6507,מכבי קרית גת,1190,קרית גת סינטטי אגוז,1
6516,מכבי בני ריינה,1291,ריינה סינטטי,1
6518,מכבי בני ריינה,1291,ריינה סינטטי,1
6522,הפ' מ.ס חבל מודיעין,1153,כפר בן שמן,1
6533,מ.כ. מכבי נהריה,1305,נהריה 2 סינטטי,1
6535,מ.ס. כפר קמא,141,כפר כמא,1
6540,הפ' בני אעבלין,254,טמרה,1
6541,"מ.ס. קרית ים ""שלו""",1269,קרית ים סינטטי,1
6553,מ.ס בני יפו אורתודוכסים,63,תל אביב יפו צעירי יפו,1
6554,מ.ס בני יפו אורתודוכסים,63,תל אביב יפו צעירי יפו,1
6555,מ.ס בני יפו אורתודוכסים,63,תל אביב יפו צעירי יפו,1
6558,מ.ס. נתניה קולט כהן,161,כפר יונה,1
6561,הפ' עירוני בקה אל גרבייה,1142,בקה אל גרביה סינטטי,1
6602,הפועל בני בענה,603,בענה,1
6635,הפ' עירוני בקה אל גרבייה,1142,בקה אל גרביה סינטטי,1
6636,"הפועל ניר רמה""ש 2",1281,רמת השרון סינטטי קטן,1
6643,הפועל רהט,562,רהט הפועל רהט,1
6648,הפ' עירוני בקה אל גרבייה,1142,בקה אל גרביה סינטטי,1
6651,מ.ס. נתניה קולט כהן,161,כפר יונה,1
6655,הפ' ירושלים,1310,אבו גוש,1
6664,"מכבי השרון נתניה ויקטור עטיה """,1078,נתניה שפירא,1
6672,מ.כ. אלנהדה נצרת,331,נצרת עילוט אימונים סינטטי,1
6675,מ.כ. מכבי נהריה,1305,נהריה 2 סינטטי,1
6686,הפועל בני בענה,603,בענה,1
6691,הפועל ע. ערערה,88,ערערה,1
6692,מכבי עירוני טמרה,254,טמרה,1
6696,מ.ס בני יפו אורתודוכסים,63,תל אביב יפו צעירי יפו,1
6703,מכבי עין מאהל אדהם,232,עין מאהל,1
6704,מכבי עין מאהל,232,עין מאהל,1
6706,מכבי עספיא,57,עספיא,1
6708,הפ' בני אעבלין,254,טמרה,1
6714,"בית""ר נהריה",1306,נהריה 3 סינטטי,1
6715,"בית""ר נהריה יוראי",1304,נהריה 1 דשא,1
6733,מ.ס. ג'דידה מכר,79,ג'דידה,1
6738,מכבי עירוני חורה,1144,רהט בני אל סאלם רהט,1
6826,מכבי עמק חפר,1020,בת חפר יישוב,1
6833,מ.כ. מעיליא,257,שיח-דנון,1
6878,א.ס נורדיה ירושלים,1208,ירושלים הר חומה סינטטי,1
6880,אגודת ספורט נורדיה ירושלים,1208,ירושלים הר חומה סינטטי,1
6893,מ.ס. חיפה רובי שפירא,1159,חיפה אגרטק (אתוס 1 לשעבר),1
6894,מ.ס. חיפה רובי שפירא,400,חיפה אבי רן,1
6901,הפועל ראשון לציון מערב,361,ראשון לציון סופרלנד מערבי סינטטי,1
6903,"הפועל נחלת יהודה ראשל""צ 2",397,ראשון לציון תיכון עמית,1
6907,צעירי שעב,162,שעב,1
6908,הפ' בני דיר אל אסד,603,בענה,1
6914,הפועל קרית אונו 2,28,קרית אונו ישן,1
6942,מ.כ. מכבי ע. אשדוד,215,אשדוד סינטטי,1
6943,מ.כ. מכבי ע. אשדוד,215,אשדוד סינטטי,1
6944,מ.כ. מכבי ע. אשדוד,215,אשדוד סינטטי,1
6945,מ.כ. מכבי ע. אשדוד,215,אשדוד סינטטי,1
6948,צעירי שעב,162,שעב,1
6954,מ.כ ערד,211,ערד,1
6956,עירוני באר יעקב,68,באר יעקב,1
6958,הפועל טירת כרמל,32,טירת כרמל,1
6963,הפועל טירת כרמל,32,טירת כרמל,1
6964,הפועל טירת כרמל,32,טירת כרמל,1
6965,"שיכון ותיקים ר""ג ""צו פיוס""",613,רמת גן ספארי,1
6972,מ.כ. מעיליא,257,שיח-דנון,1
6977,"מ.ס בני ""ממבע"" הגולן והגליל",1259,בוקעתא,1
6990,מ.כ.ע אריאל,255,אריאל,1
7037,הפועל הרצליה ע. מערב,334,הרצליה רן 1,1
7044,מ.כ. הפ' בני אשדוד,1203,אשדוד סינטטי 2 קטן,1
7046,"א.ס. אשדוד ""רפי אלבז",215,אשדוד סינטטי,1
7049,א.ס. אשדוד,1203,אשדוד סינטטי 2 קטן,1
7051,מכבי קרית גת 2,1190,קרית גת סינטטי אגוז,1
7055,מ.כ.ע אריאל,255,אריאל,1
7057,מ.כ. הפ' בני אשדוד 1,1203,אשדוד סינטטי 2 קטן,1
7059,הפ' חולון צפרירים,22,חולון צפרירים חולון,1
7061,"הפ' מרמורק רחובות ""עופר""",1215,רחובות מכבי רחובות וייסגל סינטטי,1
7148,מ.כ. כבביר,1159,חיפה אגרטק (אתוס 1 לשעבר),1
7157,"הפועל ר""ג צפון",613,רמת גן ספארי,1
7162,"שמשון ת""א 2",1352,תל אביב ספורטק צפון מגרש מזרחי,1
7164,"מ.ס. ב""ש 2",1253,באר שבע רייסר 1 סינטטי,1
7166,הפ' הרצליה ע. מערב,334,הרצליה רן 1,1
7235,עירוני מודיעין 2,1186,מודיעין מגרש ליגד,1
7236,הפועל הרצליה ע. מערב,334,הרצליה רן 1,1
7241,"הפועל ר""ג צפון",181,רמת גן השקמה,2
7253,"שמשון ת""א 2",1352,תל אביב ספורטק צפון מגרש מזרחי,1
7272,"מכבי ב""ש ""צו פיוס""",330,באר שבע טאובל,1
7331,הפועל חדרה מערב,1331,חדרה מתחם אימונים סינטטי,1
7359,מכבי כפר סבא,282,כפר סבא אימונים תחתון (סינטטי),1
7361,בני אילת 2,1312,אילת קרית הספורט סינטטי,1
7437,"מכבי קרית גת 2 ""צו פיוס""",1190,קרית גת סינטטי אגוז,1
7451,מכבי שוהם 2,608,שוהם,1
7454,"מכבי ב""ש 2",330,באר שבע טאובל,1
7456,מ.ס. הפועל שגב שלום,1257,באר שבע רייסר 4 סינטטי,1
7457,"בית""ר קרית אתא כפיר",1331,חדרה מתחם אימונים סינטטי,1
7458,מ.ס טירת כרמל,32,טירת כרמל,1
7582,"מ.ס.באר שבע 2 ""צו פיוס""",1253,באר שבע רייסר 1 סינטטי,1
7613,הפועל חורפיש,603,בענה,1
7670,הפועל נוף הגליל 2,1318,נוף הגליל סינטטי חדש,1
7680,"בית""ר חיפה",1159,חיפה אגרטק (אתוס 1 לשעבר),1
7743,מ.כ. מועצה איזורית חוף אשקלון,1350,הודיה,1
7861,הפ' ניר רמת השרון 2,1106,רמת השרון סינטטי,1
7871,מ.עתלית,313,עתלית,1
7910,איחוד בני מג'דל כרום,603,בענה,1
7911,א.ב.מג'דל כרום,48,מג'ד אל כרום,1
7977,מ.כ. מועצה אזורית יואב,583,כנות,1
7981,מ.כ. נהלל יזרעאל,250,נהלל,1
7983,מכבי צורן,464,קדימה,1
7985,מ.ס באר שבע 2,1253,באר שבע רייסר 1 סינטטי,1
8004,מ.כדורגל נהלל יזראעל,250,נהלל,1
8043,מ.כ. מועצה איזורית חוף אשקלון,1350,הודיה,1
8115,ה. קרית אונו ב',28,קרית אונו ישן,1
8117,ס. נס ציונה 2,1303,נס ציונה אימונים סינטטי חדש,1
8122,מ.ס קדימה צורן 2,464,קדימה,1
8130,מ.כ מכבי אשקלון צפון,1145,"אשקלון סינטטי ע""ש איציק ""חיפה"" כהן",1
8146,מכבי השקמה חן צפון,181,רמת גן השקמה,1
8149,"הפ' ת""א ""אלון שמלי"" צפון",417,תל אביב וולפסון 2,2
8180,הפועל סכנין,596,סכנין אימונים סינטטי,1
8346,מכבי השקמה חן צפון,181,רמת גן השקמה,1
8352,סקציה נס ציונה 2,1303,נס ציונה אימונים סינטטי חדש,1
8353,מכבי ס.מעלות תרשיחא 12,44,מעלות,1
8355,מכבי באר שבע 2,330,באר שבע טאובל,1
8358,מכבי יהוד מונסון 2,1012,יהוד ק.סביונים,1
8367,מכבי כפר סבא מערב,282,כפר סבא אימונים תחתון (סינטטי),1
8369,מ.כ. נהלל יזרעאל,250,נהלל,1
8370,"מ.כ. נהלל יזרעאל 1 ""צו פיוס""",250,נהלל,1
8371,מ.כ. מכבי אשקלון צפון,564,אשקלון אימונים-3,2
8375,מ.ס הפועל לוד בני רגב,573,לוד אימונים 1,1
8381,מכבי יבנה 2,349,יבנה דרך הנשיאים,1
8387,"בית""ר נהריה 2",1305,נהריה 2 סינטטי,1
8389,מכבי באר יעקב עמית,68,באר יעקב,1
8401,אגודת ספורט נורדיה ירושלים 2,1208,ירושלים הר חומה סינטטי,1
8406,הפועל בני עין מאהל,232,עין מאהל,1
8416,אתלטיקו שפרעם,1251,שפרעם חדש סינטטי,1
8441,הפועל עירוני כרמיאל 2,580,כרמיאל,1
8452,"בית""ר פ""ת משה לוי 2",1252,פתח תקוה סירקין אימונים 3,1
8515,עירוני הרצליה,588,הרצליה רן 2 (ילדים וטרומים),1
8570,"מכ""א אשקלון",1361,מקיף ו׳ אשקלון,1
8575,מ.כ. אולמות מכבי נתניה,1174,"אולם בי""ס נעמי שמר (בן גוריון) נתניה",1
8579,מ.כ. אולמות ראשון לציון,633,"אולם גן נחום ראשל""צ",1
8581,מ.כ. אולמות רמת גן,1000,"מרום נווה ר""ג",1
1012,מכבי יבנה,1265,יבנה קרית הספורט,1
1021,"מכבי ת""א",395,תל אביב קרית שלום 3 סינטטי,1
1028,"מכבי באר שבע ""צו פיוס""",330,באר שבע טאובל,1
1030,"מכבי באר שבע ""צו פיוס""",330,באר שבע טאובל,1
1033,"מכבי ת""א ""עופר דקל""",393,"תל אביב אוניברסיטת ת""א",1
1034,"מכבי ת""א",336,תל אביב קרית שלום סינטטי,1
1039,מכבי באר שבע,330,באר שבע טאובל,1
1045,"מכבי פ""ת",310,פתח תקוה מכבי אימונים,2
1046,מכבי כפר קרע עירוני,89,כפר קרע,1
1047,מכבי יהוד,1012,יהוד ק.סביונים,1
1049,"מכבי פ""ת מנשה משיח",954,פתח תקוה מכבי סינטטי,1
1055,מכבי חיפה עודד,636,חיפה קצף סינטטי,1
1057,מכבי נתניה,1078,נתניה שפירא,1
1058,"מכבי ת""א דרום",336,תל אביב קרית שלום סינטטי,1
1065,מכבי שעריים רחובות,1212,רחובות שעריים וייסגל סינטטי,1
1067,מכבי שעריים רחובות,1212,רחובות שעריים וייסגל סינטטי,1
1069,מכבי שעריים רחובות,1212,רחובות שעריים וייסגל סינטטי,1
1080,מכבי עירוני קרית אתא,326,קרית אתא,1
1081,מכבי ע. טמרה,254,טמרה,1
1083,מכבי עירוני קרית אתא,326,קרית אתא,1
1087,מכבי תל אביב,395,תל אביב קרית שלום 3 סינטטי,1
1088,"מכבי סקציה מעלות תרשיחא ""צו פיוס""",44,מעלות,1
1093,מכבי נתניה 2,1078,נתניה שפירא,1
1094,מכבי ע. טירת הכרמל ציון מזרחי,32,טירת כרמל,1
1096,"מכבי רחובות ""צו פיוס""",1215,רחובות מכבי רחובות וייסגל סינטטי,1
1097,מ.ס. אשדוד סולומון,1323,אשדוד סינטטי מזרחי תשעיות,1
1101,מכבי עמק חפר,1020,בת חפר יישוב,1
1102,מכבי סקציה מעלות תרשיחא 2,44,מעלות,1
1103,"מכבי השקמה חן דרום ""צו פיוס""",181,רמת גן השקמה,1
1106,מכבי עמק חפר,1020,בת חפר יישוב,1
1107,מכבי עמק חפר,1020,בת חפר יישוב,1
1109,מכבי עמק חפר,352,קיבוץ גבעת חיים,1
1110,מכבי השקמה חן צפון,181,רמת גן השקמה,1
1114,מכבי הרצליה -ב',588,הרצליה רן 2 (ילדים וטרומים),1
1117,מכבי חיפה אפרים,636,חיפה קצף סינטטי,1
1119,"מכבי השקמה חן דרום ""צו פיוס""",181,רמת גן השקמה,1
1124,מ.ס. אשדוד אבירם,215,אשדוד סינטטי,1
1125,"מכבי פ""ת כוכבה",954,פתח תקוה מכבי סינטטי,1
1127,מכבי השקמה חן,181,רמת גן השקמה,1
1134,מכבי עירוני שדרות,66,שדרות,2
1137,מכבי חדרה עמוס,18,(סגור)חדרה הפועל חדרה,2
1145,מכבי קרית גת,77,(סגור)קרית גת,2
1149,מכבי תל אביב 3,393,"תל אביב אוניברסיטת ת""א",1
1156,מכבי אחי נצרת,331,נצרת עילוט אימונים סינטטי,1
1162,מכבי רחובות צפון,1215,רחובות מכבי רחובות וייסגל סינטטי,1
1168,מכבי חיפה מיכאל,636,חיפה קצף סינטטי,1
1169,מכבי רחובות דרום,1215,רחובות מכבי רחובות וייסגל סינטטי,1
1172,מכבי ד.א. כרמל,58,דלית אל כרמל,1
1174,מכבי חדרה,18,(סגור)חדרה הפועל חדרה,1
1176,מכבי חיפה גולדשנפלד,250,נהלל,1
1178,מכבי קרית עקרון,121,קרית עקרון,1
1179,מכבי קרית מלאכי,1088,קרית מלאכי סינטטי,1
1181,מכבי קרית מלאכי,1088,קרית מלאכי סינטטי,1
1187,מכבי ע.ק. אתא,326,קרית אתא,1
1188,מכבי קרית גת,77,(סגור)קרית גת,1
1195,מכבי אום אל פאחם,411,אום אל פאחם סינטטי,1
1197,איחוד בני כפר קרע,89,כפר קרע,1
1203,מכבי עירוני טמרה,254,טמרה,1
1204,מכבי עירוני טמרה,254,טמרה,1
1207,מכבי עירוני טמרה,254,טמרה,1
1208,"מכבי השרון נתניה ויקטור עטיה ""צו פיוס""",1078,נתניה שפירא,1
1209,מכבי הרצליה צפון,588,הרצליה רן 2 (ילדים וטרומים),1
1213,איחוד בני כפר קרע,89,כפר קרע,1
1214,"מכבי יבנה בני ביטון ""צו פיוס""",349,יבנה דרך הנשיאים,1
1221,מכבי דלית אל כרמל,58,דלית אל כרמל,1
1223,איחוד בני כפר קרע,89,כפר קרע,1
1224,איחוד בני כפר קרע,89,כפר קרע,1
1225,איחוד בני כפר קרע,89,כפר קרע,1
1228,מכבי א.א. פאחם,367,אום אל פחם,1
1232,מכבי צור שלום ק. ביאליק,174,צור שלום,1
1233,מכבי צור שלום ק. ביאליק,174,צור שלום,1
1240,מכבי א.א. פאחם,367,אום אל פחם,1
1243,מ.ס. אשדוד,215,אשדוד סינטטי,1
1244,מכבי יבנה,1265,יבנה קרית הספורט,1
1262,"מכבי ת""א אהרון",393,"תל אביב אוניברסיטת ת""א",1
1263,מכבי תל אביב עוז,336,תל אביב קרית שלום סינטטי,1
1264,מכבי הרצליה,588,הרצליה רן 2 (ילדים וטרומים),1
1270,מכבי עין מאהל אדהם 2,232,עין מאהל,1
1272,מכבי ע.ג'ת אלאהלי,1142,בקה אל גרביה סינטטי,2
1273,מכבי ע. ג'ת אלאהלי,1142,בקה אל גרביה סינטטי,2
1274,"מכבי ת""א צפון",393,"תל אביב אוניברסיטת ת""א",1
1277,מכבי ע.ט. הכרמל גל קובי,32,טירת כרמל,1
1279,מכבי ע. ג'ת אלאהלי,341,כפר ג'ת המשולש,1
1280,"מכבי ת""א שלמה",393,"תל אביב אוניברסיטת ת""א",1
1284,מ.ס. אשדוד,1323,אשדוד סינטטי מזרחי תשעיות,1
1289,מכבי הרצליה 2 צפון,588,הרצליה רן 2 (ילדים וטרומים),1
1291,מכבי נתניה,1078,נתניה שפירא,1
1293,מכבי נתניה,1078,נתניה שפירא,1
1294,מכבי עירוני שדרות,66,שדרות,1
1295,מכבי שעריים רחובות,1212,רחובות שעריים וייסגל סינטטי,1
1296,מכבי נתניה,1078,נתניה שפירא,1
1297,מכבי עירוני שדרות,66,שדרות,1
1298,מכבי עירוני שדרות,66,שדרות,1
1299,מכבי עירוני שדרות,1233,שדרות אצטדיון שדרות,1
1300,איחוד בני כפר קרע,89,כפר קרע,1
1301,איחוד בני כפר קרע,89,כפר קרע,1
1302,איחוד בני כפר קרע,89,כפר קרע,1
1306,מכבי יבנה,1265,יבנה קרית הספורט,1
1307,מכבי הרצליה,588,הרצליה רן 2 (ילדים וטרומים),1
1310,מכבי עירוני כפר יונה,161,כפר יונה,1
1311,"מכבי עמישב פתח תקווה ""צו פיוס""",595,פתח תקוה סירקין ספורטק אצטדיון,1
1312,איחוד בני כפר קרע,89,כפר קרע,1
1313,איחוד בני כפר קרע,89,כפר קרע,1
1319,"מכבי עמישב פ""ת אלי ""צו פיוס""",595,פתח תקוה סירקין ספורטק אצטדיון,1
1322,מכבי עירוני ברטעה,1075,ברטעה,1
1330,מכבי עירוני ברטעה,1075,ברטעה,1
1336,מ.ס. צעירי כפר קנא,78,כפר כנא,1
1341,מכבי עירוני נתיבות,1280,נתיבות חדש סינטטי,1
1342,"מכבי עירוני נתיבות ""צו פיוס""",1280,נתיבות חדש סינטטי,1
1345,מכבי עירוני נתיבות,1280,נתיבות חדש סינטטי,1
1346,מכבי עירוני נתיבות,1280,נתיבות חדש סינטטי,1
1347,מכבי עירוני נתיבות,1280,נתיבות חדש סינטטי,1
1349,מ.ס. צעירי כפר קנא,78,כפר כנא,1
1350,מכבי אור עקיבא,429,אור עקיבא,1
1351,מכבי עירוני נתיבות,1280,נתיבות חדש סינטטי,1
1354,מ.ס. צעירי כפר קנא,78,כפר כנא,1
1355,מ.ס. צעירי כפר קנא,78,כפר כנא,1
1356,מ.ס. צעירי כפר קנא 2,78,כפר כנא,1
1357,מ.ס. הפ' ירוחם,38,ירוחם,1
1358,מ.ס. הפ' ירוחם,38,ירוחם,1
1359,מ.ס. הפ' ירוחם,38,ירוחם,1
1360,הפועל בני ראמה,1162,כפר ראמה,1
1361,הפועל בני ראמה,1162,כפר ראמה,1
1362,הפועל בני ראמה,1162,כפר ראמה,1
1363,מכבי הרצליה הדר,588,הרצליה רן 2 (ילדים וטרומים),1
1369,מכבי אחי נצרת,331,נצרת עילוט אימונים סינטטי,1
1371,מכבי צור שלום ק. ביאליק,174,צור שלום,1
1373,מכבי צור שלום ק. ביאליק,174,צור שלום,1
1375,מכבי כפר קרע עירוני,89,כפר קרע,1
1379,הפועל כאוכב,80,כאוכב,1
1383,מכבי א.א. פאחם,411,אום אל פאחם סינטטי,2
1386,הפועל כאוכב,80,כאוכב,1
1387,מכבי הרצליה ב' צפון,324,הרצליה משק אימונים,2
1389,הפועל כאוכב,80,כאוכב,1
1394,הפועל כאוכב,80,כאוכב,1
1396,הפועל אשכול,132,נופי הבשור מועצה אזורית אשכול,1
1400,מ.ס. הפ' ירוחם,38,ירוחם,1
1401,מ.ס. הפ' ירוחם,38,ירוחם,1
1404,הפועל אשכול,132,נופי הבשור מועצה אזורית אשכול,1
1406,הפועל אשכול,132,נופי הבשור מועצה אזורית אשכול,1
1413,מ.ס. הפ' ירוחם,38,ירוחם,1
1414,מ.ס. הפ' ירוחם,38,ירוחם,1
1418,הפועל נהריה,30,(סגור)נהריה,1
1421,הפ' רמות מנשה מגידו,58,דלית אל כרמל,1
1422,הפ' רמות מנשה מגידו,58,דלית אל כרמל,1
1426,מכבי פ'ת - ב',310,פתח תקוה מכבי אימונים,2
1433,"מכבי סקציה מעלות תרשיחא ""צו פי",44,מעלות,1
1435,מכבי ע.ק. אתא 2,326,קרית אתא,1
1439,הפועל חיפה 1,3,קרית חיים,1
1440,הפועל באר שבע,966,באר שבע וסרמיל 1,1
1443,הפועל באר שבע,966,באר שבע וסרמיל 1,1
1444,הפועל באר שבע,966,באר שבע וסרמיל 1,1
1448,מכבי קרית גת,77,(סגור)קרית גת,2
1451,הפועל עכו,1167,עכו הפועל עכו חדש,1
1452,הפועל בני ראמה,1162,כפר ראמה,1
1459,מכבי צעירי שפרעם,31,שפרעם,1
1468,בני יהוד,1012,יהוד ק.סביונים,1
1470,הפ' בני פקיעין,290,פקיעין,1
1473,הפועל בני זלפה,1075,ברטעה,1
1474,הפועל בני זלפה,1075,ברטעה,1
1475,הפועל בני זלפה,1075,ברטעה,1
1477,אגודת ספורט נורדיה ירושלים,1208,ירושלים הר חומה סינטטי,1
1478,א ס נורדיה י-ם יוסיחכם,1208,ירושלים הר חומה סינטטי,1
1479,עירוני באר יעקב,68,באר יעקב,2
1485,"מכבי פ""ת ""בר סעאת""",954,פתח תקוה מכבי סינטטי,1
1486,הפועל עכו,1167,עכו הפועל עכו חדש,1
1499,מכבי הרצליה צפון,588,הרצליה רן 2 (ילדים וטרומים),1
1512,מכבי קרית עקרון,121,קרית עקרון,1
1513,מכבי קרית עקרון 2,121,קרית עקרון,1
1515,"מכבי ב""ש ""צו פיוס""",330,באר שבע טאובל,1
1516,"מכבי ב""ש ""צו פיוס""",330,באר שבע טאובל,1
1518,"הפ' חולון צפרירים ""צו פיוס""",22,חולון צפרירים חולון,1
1524,הפועל הרצליה עירוני,588,הרצליה רן 2 (ילדים וטרומים),1
1529,מכבי נתניה 2,1078,נתניה שפירא,1
1532,מכבי אחי נצרת,331,נצרת עילוט אימונים סינטטי,1
1537,מכבי הרצליה צפון,334,הרצליה רן 1,1
1538,"מכבי ת""א ""ברוך עזרתי""",336,תל אביב קרית שלום סינטטי,1
1543,מכבי יהוד,1012,יהוד ק.סביונים,1
1545,מכבי קרית עקרון,121,קרית עקרון,1
1546,מכבי ע. נתיבות,135,נתיבות,1
1569,הפועל מצליח,965,מושב מצליח,1
1570,הפועל מצליח,965,מושב מצליח,1
1572,בני יהוד,1012,יהוד ק.סביונים,1
1573,בני יהוד 'רון יהודאי',1012,יהוד ק.סביונים,1
1574,הפ' בני פקיעין,290,פקיעין,1
1575,הפ' בני פקיעין,290,פקיעין,1
1577,הפועל בני זלפה,1075,ברטעה,1
1578,הפועל בני זלפה,1075,ברטעה,1
1579,הפועל בני זלפה,1018,מועאויה,1
1581,עירוני נשר,1006,נשר אצטדיון,1
1582,עירוני נשר,1006,נשר אצטדיון,2
1583,עירוני באר יעקב,68,באר יעקב,1
1584,עירוני באר יעקב,68,באר יעקב,1
1585,עירוני באר יעקב,68,באר יעקב,1
1587,מכבי נווה שאנן אלדד,400,חיפה אבי רן,1
1588,"מכבי נווה שאנן אלדד ""צו פיוס""",400,חיפה אבי רן,1
1590,מכבי בסמת טבעון,382,בסמת טבעון,2
1591,מכבי בסמת טבעון,84,כאבול,1
1597,הפועל מצליח,965,מושב מצליח,1
1600,"הפועל כפר שלם ""צו פיוס""",1274,תל אביב ספורטק דרום 2 סינטטי,1
1601,הפועל כפר שלם,1274,תל אביב ספורטק דרום 2 סינטטי,1
1602,הפועל מצליח,965,מושב מצליח,1
1603,הפועל מצליח,965,מושב מצליח,1
1605,בני יהוד,1012,יהוד ק.סביונים,1
1609,הפועל כפר שלם,1274,תל אביב ספורטק דרום 2 סינטטי,1
1610,הפועל כפר שלם,1274,תל אביב ספורטק דרום 2 סינטטי,1
1611,הפועל כפר שלם,1274,תל אביב ספורטק דרום 2 סינטטי,1
1615,הפועל אזור,41,אזור,1
1616,הפועל מרחבים,67,מרחבים,1
1617,הפועל מרחבים,67,מרחבים,1
1619,הפועל מרחבים,67,מרחבים,1
1620,מכבי עירוני ק. אתא 2,326,קרית אתא,1
1621,מכבי אור עקיבא,429,אור עקיבא,1
1622,מכבי הרצליה דרום,588,הרצליה רן 2 (ילדים וטרומים),1
1629,מכבי חיפה גולדשנפלד,636,חיפה קצף סינטטי,1
1631,מכבי כפר קרע /עירוני,89,כפר קרע,1
1638,מכבי אור עקיבא,429,אור עקיבא,1
1644,מכבי צור שלום ק. ביאליק,174,צור שלום,1
1645,הפועל עפולה,1132,עפולה סינטטי,1
1646,מכבי יהוד,1012,יהוד ק.סביונים,1
1647,מכבי יהוד,1012,יהוד ק.סביונים,1
1648,מכבי יהוד,1012,יהוד ק.סביונים,1
1650,"מכבי רחובות צפון ""צו פיוס""",1215,רחובות מכבי רחובות וייסגל סינטטי,1
1660,מכבי אור עקיבא,429,אור עקיבא,1
1668,בני יהוד,1012,יהוד ק.סביונים,1
1671,הפ' בית אליעזר גרשון,50,חדרה בית אליעזר,1
1672,הפ' בית אליעזר גרשון,18,(סגור)חדרה הפועל חדרה,2
1673,בני יהוד,1012,יהוד ק.סביונים,1
1677,עירוני נשר,1006,נשר אצטדיון,1
1678,עירוני נשר,1026,נשר סינטטי,1
1679,עירוני נשר,1026,נשר סינטטי,1
1680,עירוני באר יעקב,68,באר יעקב,1
1682,מכבי נווה שאנן אלדד,400,חיפה אבי רן,1
1683,מכבי נווה שאנן אלדד,602,חיפה אבי רן 2,1
1684,מכבי נווה שאנן אלדד,400,חיפה אבי רן,1
1687,הפועל כפר ברא,1104,כפר ברא,1
1690,עירוני נשר,1026,נשר סינטטי,1
1692,מכבי בסמת טבעון,84,כאבול,1
1697,עוצמה אגודת ספורט כפר ורדים,171,ינוח,2
1698,מ.ס. חיפה רובי רובי שפירא,1238,קרית חיים בית נגלר מזרחי (אתוס לשעבר),1
1700,מ.ס. חיפה רובי שפירא 2,1159,חיפה אגרטק (אתוס 1 לשעבר),1
1703,מ.כ. גני תקווה,1247,גני תקווה,1
1707,אגודת ספורט חולון מור,1082,"(סגור)חולון אימונים ע""י בית העלמין",1
1708,אגודת ספורט חולון מור,279,"חולון חדש ע""י בית העלמין",1
1709,אגודת ספורט חולון מור,1110,חולון אימונים בית העלמין,2
1714,מ.כ. מושב חוסן יהודה אדרי,44,מעלות,1
1715,"מ.כ. מושב חוסן יהודה אדרי ""צו",44,מעלות,1
1718,א.ס. אשדוד,1203,אשדוד סינטטי 2 קטן,1
1719,בני מושריפה ביאדה,1075,ברטעה,1
1722,מ.כ. צעירי לוד,573,לוד אימונים 1,2
1723,מ.כ. צעירי לוד,1151,(סגור)לוד רכבת,2
1724,מ.כ. צעירי לוד,1123,לוד סינטטי חדש,1
1726,"הפועל חוף הכרמל / מ""מ",1060,מעגן מיכאל,1
1727,"הפועל חוף הכרמל / מ""מ",1060,מעגן מיכאל,1
1731,מ.כ. כבביר,1159,חיפה אגרטק (אתוס 1 לשעבר),1
1732,מ.כ. כבביר,400,חיפה אבי רן,1
1733,מ.כ. כבביר,400,חיפה אבי רן,1
1743,מ.ס. חיפה רובי שפירא,1160,חיפה אגרטק (אתוס 2 לשעבר),1
1744,מ.ס. חיפה רובי שפירא 1,1159,חיפה אגרטק (אתוס 1 לשעבר),1
1745,מ.כ. גני תקווה,1247,גני תקווה,1
1746,מ.כ. גני תקווה,1247,גני תקווה,1
1747,מ.כ. גני תקווה,1247,גני תקווה,1
1748,"מ.ס. בני ""ממבע"" הגולן והגליל",1259,בוקעתא,1
1749,"מ.ס. בני ""ממבע"" הגולן והגליל",1259,בוקעתא,1
1750,"מ.ס. בני ""ממבע"" הגולן והגליל",1259,בוקעתא,1
1751,אגודת ספורט חולון מור,1082,"(סגור)חולון אימונים ע""י בית העלמין",2
1755,הפ' ע.ס.אבו גוש מבשרת ציון,120,מבשרת ציון,1
1758,"מ.ס. בני ""ממבע"" הגולן והגליל",1259,בוקעתא,1
1760,אגודת ספורט חולון מור,1082,"(סגור)חולון אימונים ע""י בית העלמין",1
1764,"מ.כ. מושב חוסן יהודה אדרי ""צו",44,מעלות,1
1765,"מ.כ. מושב חוסן יהודה אדרי ""צו",44,מעלות,1
1773,מ.כ. מושב חוסן יהודה אדרי,44,מעלות,1
1776,"א.ס אשדוד ""משה גלינה""",1203,אשדוד סינטטי 2 קטן,1
1777,אגודת ספורט אשדוד,1203,אשדוד סינטטי 2 קטן,1
1778,אגודת ספורט אשדוד,1203,אשדוד סינטטי 2 קטן,1
1782,מ.כ. צעירי לוד,572,לוד אימונים-2,1
1789,מ.כ. כבביר,400,חיפה אבי רן,1
1790,מ.כ. כבביר,1159,חיפה אגרטק (אתוס 1 לשעבר),1
1791,מ.כ. כבביר,1159,חיפה אגרטק (אתוס 1 לשעבר),1
1795,הפ' בני טובא זנגריה,243,טובא,1
1797,הפ' בני טובא זנגריה,243,טובא,1
1801,הפועל מטה יהודה,1257,באר שבע רייסר 4 סינטטי,1
1803,הפועל מטה יהודה,1310,אבו גוש,1
1804,מ.כ. הפ' ערערה בנגב,38,ירוחם,2
1805,מ.כ. הפ' ערערה בנגב,38,ירוחם,2
1806,מ.כ. הפ' ערערה בנגב,38,ירוחם,2
1807,מכבי חדרה,18,(סגור)חדרה הפועל חדרה,1
1810,הפועל סכנין,596,סכנין אימונים סינטטי,1
1813,בני מושריפה ביאדה,1075,ברטעה,1
1817,"מכבי פ""ת צפון",1307,פתח תקוה מושבה צפוני חדש,1
1820,הפ' איחוד בני סמיע,165,כפר סמיע,1
1827,מ.כ. כבביר,602,חיפה אבי רן 2,1
1829,מ.ס. איחוד דרום השרון מערב,1279,ירחיב,1
1830,מ.ס. איחוד דרום השרון מערב,1279,ירחיב,1
1838,הפ' איחוד בני סמיע,165,כפר סמיע,1
1839,הפ' איחוד בני סמיע,165,כפר סמיע,1
1840,הפ' איחוד בני סמיע,165,כפר סמיע,1
1845,הפ' איחוד בני סמיע,165,כפר סמיע,1
1850,"מכבי חיפה ""שמואל""",636,חיפה קצף סינטטי,1
1851,מכבי נתניה 1,1078,נתניה שפירא,1
1852,הפ' נחלת יהודה ראשון לציון,153,(סגור)ראשון לציון נחלת יהודה,1
1856,הפ' אחוה חיפה,1159,חיפה אגרטק (אתוס 1 לשעבר),1
1866,מ.כ. מעיליא,257,שיח-דנון,1
1867,מ.כ. מעיליא,257,שיח-דנון,1
1868,מ.כ. מעיליא,257,שיח-דנון,1
1871,הפועל דיר חנא,317,דיר חנא,1
1872,הפועל דיר חנא,317,דיר חנא,1
1873,"מכבי ב""ש צפון ""צו פיוס""",330,באר שבע טאובל,1
1875,הפועל דיר חנא,317,דיר חנא,1
1881,הפ' איכסל עמאד,237,איכסל,1
1882,הפ' איכסל עמאד,237,איכסל,1
1886,מ.כ. מעיליא,257,שיח-דנון,1
1894,הפועל יוקנעם,55,יקנעם,1
1895,הפ' אלאתיחאד נצרת,331,נצרת עילוט אימונים סינטטי,1
1896,מ.כ. חולון ירמיהו,1260,חולון אימונים סינטטי ליד בית העלמין,1
1897,"מ.כ. חולון ירמיהו ""בניה רובל"" ""צו פיוס""",1260,חולון אימונים סינטטי ליד בית העלמין,1
1898,מ.כ. חולון ירמיהו דרום,1260,חולון אימונים סינטטי ליד בית העלמין,1
1902,מ.כ. צעירי נווה מדבר,610,דימונה אימונים,2
1903,מ.כ. צעירי נווה מדבר,38,ירוחם,1
1904,מ.כ. צעירי נווה מדבר,38,ירוחם,1
1905,הפ' בני פרדיס מ. עבדאלעאל,170,פרדיס,1
1906,הפ' בני פרדיס מ. עבדאלעאל,170,פרדיס,1
1907,הפ' בני פרדיס מ. עבדאלעאל,170,פרדיס,1
1908,"מכבי ת""א לייבו",393,"תל אביב אוניברסיטת ת""א",1
1909,מכבי ס. מעלות תרשיחא,44,מעלות,1
1912,הפ' אלאתיחאד נצרת,331,נצרת עילוט אימונים סינטטי,1
1913,הפ' אלאתיחאד נצרת,331,נצרת עילוט אימונים סינטטי,1
1914,הפ' אלאתיחאד נצרת,331,נצרת עילוט אימונים סינטטי,1
1915,"מ.כ. חולון ירמיהו דרום ""צו פיוס""",1260,חולון אימונים סינטטי ליד בית העלמין,1
1916,מ.כ. חולון ירמיהו,1260,חולון אימונים סינטטי ליד בית העלמין,1
1917,מ.כ. חולון ירמיהו,1110,חולון אימונים בית העלמין,2
1924,הפ' בני פרדיס מ. עבדאלעאל,170,פרדיס,1
1925,הפ' בני פרדיס מ. עבדאלעאל,170,פרדיס,1
1926,הפ' בני פרדיס מ. עבדאלעאל,170,פרדיס,1
1931,"הפועל טירת כרמל ""צו פיוס""",32,טירת כרמל,1
1932,הפועל טירת כרמל,32,טירת כרמל,1
1938,מכבי הבשור,132,נופי הבשור מועצה אזורית אשכול,1
1940,מ.כ.ע. אריאל,255,אריאל,1
1942,מ.כ. בני ביר אל מכסור,295,(סגור)ביר אל מכסור,2
1948,"מ.כ. מכבי ע. אשדוד ""צו פיוס""",1203,אשדוד סינטטי 2 קטן,1
1949,מ.כ. מכבי ע. אשדוד,1203,אשדוד סינטטי 2 קטן,1
1950,"מ.כ. מכבי ע. אשדוד ""צו פיוס""",1203,אשדוד סינטטי 2 קטן,1
1951,הפ' בני דיר אל אסד,603,בענה,1
1961,מכבי צעירי בענה,603,בענה,1
1962,מכבי צעירי בענה,603,בענה,1
1964,מכבי אחווה פרדיס,170,פרדיס,1
1970,"מ.כ. מתנ""ס אופקים",133,אופקים,1
1978,אגודת ספורט נורדיה ירושלים,1208,ירושלים הר חומה סינטטי,1
1980,צעירי סכנין,981,סכנין אימונים,1
1984,מכבי אחווה שעב,162,שעב,1
1986,הפועל בני עראבה,81,נחף,2
1988,הפועל בני עראבה,81,נחף,2
1990,מ.כ. צעירי עילוט,331,נצרת עילוט אימונים סינטטי,1
1991,מ.כ. צעירי עילוט,331,נצרת עילוט אימונים סינטטי,1
1999,מ.ס. כדורגל שפרעם,31,שפרעם,1
2000,מ.ס. כדורגל שפרעם,31,שפרעם,1
2003,ה.מ.יהודה צפון אליה טולדנו,197,פתח תקוה מחנה יהודה,1
2008,הפ' ניר רמת השרון צפון,1281,רמת השרון סינטטי קטן,1
2014,"הפועל ב""ש ""לבן""",966,באר שבע וסרמיל 1,1
2019,"הפועל בני שמעון ""צו פיוס""",67,מרחבים,1
2021,הפ' יוקנעם ארז,55,יקנעם,1
2023,הפועל יוקנעם איתי גליסקו,55,יקנעם,1
2024,"הפ' אורנית עירוני ""צו פיוס""",516,אורנית,1
2025,הפ' אורנית עירוני,516,אורנית,1
2027,הפ' גבעת אולגה,56,(סגור)חדרה גבעת אולגה,2
2031,הפועל ד.א. כרמל,58,דלית אל כרמל,1
2033,הפ' ע.ס.אבו גוש מבשרת ציון,120,מבשרת ציון,1
2036,הפ' עירוני ערערה,88,ערערה,1
2039,"הפ' מרמורק רחובות חיים ""צו פיוס""",238,(סגור)רחובות מכבי רחובות קריית משה,1
2043,"הפועל ניר רמה""ש רום וילדר ז""ל",1281,רמת השרון סינטטי קטן,1
2045,הפ' ניר רמת השרון דרום,1281,רמת השרון סינטטי קטן,1
2054,הפ' נוף הגליל 2,1318,נוף הגליל סינטטי חדש,1
2058,הפ' נוף הגליל,1318,נוף הגליל סינטטי חדש,1
2060,הפועל אשקלון,370,(סגור)אשקלון אימונים-2,2
2062,"הפ' נחלת יהודה ראשל""צ 2",153,(סגור)ראשון לציון נחלת יהודה,1
2063,הפ' ירושלים נתנאל,196,ירושלים קרית יובל,1
2064,הפועל דיר חנא,317,דיר חנא,1
2066,הפועל אסי גלבוע,325,תענך גוש יעל/אסי גלבוע,1
2075,"הפועל רעננה ""צו פיוס""",363,רעננה פארק צפוני סינטטי,1
2078,הפועל חדרה,1264,חדרה רמדה,1
2082,הפ' אחוה חיפה,602,חיפה אבי רן 2,2
2089,הפועל מגדל העמק ''מאיר'',54,מגדל העמק,1
2091,הפועל מ.א. משגב,513,משגב,1
2096,"הפועל ת""א צפון",1351,תל אביב ספורטק צפון מגרש מערבי,1
2097,הפועל מועאויה,1075,ברטעה,1
2107,הפועל כפר ברא,1104,כפר ברא,1
2109,הפועל בני לקייה,562,רהט הפועל רהט,1
2114,הפועל פרדסייה,105,פרדסיה,1
2117,הפועל חיפה 1,1269,קרית ים סינטטי,1
2126,הפועל מ.א. משגב,513,משגב,1
2128,הפועל ד.א. כרמל,58,דלית אל כרמל,1
2129,הפ' בית אליעזר,50,חדרה בית אליעזר,1
2131,הפועל מרחבים,67,מרחבים,1
2132,הפועל בני לקייה,368,רהט צעירי רהט,1
2134,"הפועל ת""א ""איתי תמיר""",417,תל אביב וולפסון 2,1
2135,הפועל קלנסואה,1104,כפר ברא,2
2138,הפועל אשקלון 2,564,אשקלון אימונים-3,2
2140,הפ' בני לוד רכבת,573,לוד אימונים 1,1
2143,"הפועל ב""ש 2",966,באר שבע וסרמיל 1,1
2144,הפועל בני לקייה,562,רהט הפועל רהט,1
2145,"הפועל ת""א ""אלון שמלי"" צפון",417,תל אביב וולפסון 2,1
2147,הפועל בני לקייה,368,רהט צעירי רהט,1
2148,הפ' רמות מנשה מגידו,350,רמות מנשה,1
2150,הפועל עפולה,1132,עפולה סינטטי,1
2154,הפ' תל אביב צפון,1351,תל אביב ספורטק צפון מגרש מערבי,1
2157,הפועל חיפה 2,3,קרית חיים,1
2159,הפועל סכנין,981,סכנין אימונים,2
2161,הפ' ניר רמת השרון דרום,1281,רמת השרון סינטטי קטן,1
2163,הפועל עוספיא,57,עספיא,1
2167,הפועל עוספיא,57,עספיא,1
2177,הפ' גבעת אולגה,50,חדרה בית אליעזר,1
2178,הפועל רעננה אור,635,רעננה פארק דרומי,1
2180,הפועל אשקלון,370,(סגור)אשקלון אימונים-2,2
2191,הפ' ירושלים דני,196,ירושלים קרית יובל,1
2198,"הפועל כפ""ס שלמה ""צו פיוס""",282,כפר סבא אימונים תחתון (סינטטי),1
2201,הפ' מועצה אזורית משגב,513,משגב,1
2205,הפועל פרדסייה 2,105,פרדסיה,1
2206,"הפועל נחלת יהודה ראשל""צ",153,(סגור)ראשון לציון נחלת יהודה,1
2209,"הפ' ראשל""צ אברמלה",1061,ראשון לציון סופרלנד מרכזי תשעיות,1
2215,הפ' בית אליעזר*ב,50,חדרה בית אליעזר,1
2218,הפועל אורנית,516,אורנית,1
2219,הפועל רעננה,363,רעננה פארק צפוני סינטטי,1
2220,הפועל רעננה 2,635,רעננה פארק דרומי,2
2221,"הפ' כ""ס ""קפלן"" מערב ""צו פיוס""",345,כפר סבא אימונים עליון,1
2222,"הפ' פ""ת אורי קרני",1136,פתח תקוה מושבה דרומי,1
2223,הפ' מועצה אזורית משגב,513,משגב,1
2224,הפועל כפר ברא,1104,כפר ברא,1
2228,"הפועל ר""ג אייל הלפרין",613,רמת גן ספארי,1
2235,"הפועל ק""ש",1198,קרית שמונה סינטטי חדש,1
2249,הפ' בקעת הירדן,1013,קיבוץ עינת,1
2254,"הפועל ראשל""צ",361,ראשון לציון סופרלנד מערבי סינטטי,1
2259,הפ' גבעת אולגה,50,חדרה בית אליעזר,1
2262,הפ' גבעת אולגה,50,חדרה בית אליעזר,1
2268,"הפועל חוף הכרמל / מ""מ",258,קיבוץ החותרים,1
2272,הפ' בקעת הירדן,327,מושב תומר,1
2273,הפ' בקעת הירדן,327,מושב תומר,1
2274,הפועל מ.א. משגב 'גלעד',513,משגב,1
2276,הפועל פרדסייה,105,פרדסיה,1
2280,הפ' ירושלים תובל,196,ירושלים קרית יובל,1
2291,הפועל אשקלון,370,(סגור)אשקלון אימונים-2,2
2299,"בית""ר כפר כנא",78,כפר כנא,2
2304,"הפ' חולון צפרירים מא ""צו פיוס""",22,חולון צפרירים חולון,1
2308,הפועל עוספיא,57,עספיא,1
2309,הפועל חיפה 2,1269,קרית ים סינטטי,1
2310,הפ' ניר רמת השרון מרכז,1106,רמת השרון סינטטי,1
2311,הפועל ג'לג'וליה,62,ג'לגו'ליה,1
2315,"הפ' נחלת יהודה ראשל""צ",153,(סגור)ראשון לציון נחלת יהודה,1
2317,"הפ' נחלת יהודה ראשל""צ",397,ראשון לציון תיכון עמית,1
2318,"בית""ר כפר כנא",78,כפר כנא,1
2320,"הפועל ת""א עופרי",574,תל אביב וולפסון 4,1
2321,"הפועל כ""ס",345,כפר סבא אימונים עליון,1
2325,הפ' ירושלים איציק עדיקה,196,ירושלים קרית יובל,1
2336,הפועל חיפה 1,1239,קרית חיים בית נגלר מערבי (אתוס לשעבר),1
2346,הפ' רעננה רחמים,363,רעננה פארק צפוני סינטטי,1
2347,הפועל פרדסייה,105,פרדסיה,1
2351,הפועל איכסל,237,איכסל,1
2353,הפועל כאוכב,80,כאוכב,1
2354,הפועל איכסל,237,איכסל,1
2355,הפועל הוד השרון,1116,הוד השרון גני צבי-תשיעיות,1
2356,הפ' חולון צפרירים מא,22,חולון צפרירים חולון,1
2359,"הפועל כפ""ס יאיר",345,כפר סבא אימונים עליון,1
2364,"בית""ר עירוני מעלה אדומים",515,מעלה אדומים אצטדיון טוטו,1
2377,מ.ס. קדימה צורן,464,קדימה,1
2378,הפועל אשקלון,1145,"אשקלון סינטטי ע""ש איציק ""חיפה"" כהן",1
2379,הפ' ירושלים סמי מלכה,196,ירושלים קרית יובל,1
2380,מ.ס. קדימה צורן,464,קדימה,1
2392,"הפועל ת""א 'ערן הרינג'",417,תל אביב וולפסון 2,1
2393,הפועל בני נצרת,331,נצרת עילוט אימונים סינטטי,1
2394,הפועל קרית אונו צפון,28,קרית אונו ישן,1
2395,הפועל קרית אונו,28,קרית אונו ישן,1
2398,הפועל מחנה יהודה מוטי גריזים,197,פתח תקוה מחנה יהודה,1
2402,הפועל אשקלון,370,(סגור)אשקלון אימונים-2,2
2409,שמשון בני טייבה,53,טייבה,1
2410,מרכז קהילתי גולן קצרין,283,קצרין,1
2411,מרכז קהילתי גולן קצרין,283,קצרין,1
2418,מ.א. שער הנגב,392,שער הנגב (מכללת ספיר),1
2422,מועצה אזורית שער הנגב,392,שער הנגב (מכללת ספיר),1
2425,"מ.ס. הפועל לוד בני רגב ""צו פיוס""",1123,לוד סינטטי חדש,1
2426,"מ.ס. הפועל לוד 2 בני רגב ""צו פיוס""",1123,לוד סינטטי חדש,1
2427,"מ.ס. הפועל לוד בני רגב ""צו פיוס""",1123,לוד סינטטי חדש,1
2430,עירוני בית שמש,1266,בית שמש אצטדיון,1
2432,עירוני בית שמש,1266,בית שמש אצטדיון,1
2433,"הפ' פ""ת אור כרמי",1136,פתח תקוה מושבה דרומי,1
2439,עירוני בית דגן,124,בית דגן,1
2442,הפ' אחוה חיפה,602,חיפה אבי רן 2,2
2444,עירוני בית דגן,124,בית דגן,1
2445,עירוני בית דגן,124,בית דגן,1
2446,הפועל חיפה כרמל,3,קרית חיים,1
2448,גדנע תל אביב יהודה,191,"(סגור)תל אביב גדנע ת""א",1
2450,"מ.ס. הפועל לוד בני רגב ""צו פיוס""",1123,לוד סינטטי חדש,1
2451,הפועל חיפה 2,1239,קרית חיים בית נגלר מערבי (אתוס לשעבר),1
2453,"מ.ס. דימונה כחול ""צו פיוס""",1294,דימונה סינטטי חדש,1
2454,"מ.ס. דימונה ""צו פיוס""",1294,דימונה סינטטי חדש,1
2455,"מ.ס. דימונה ""צו פיוס""",1294,דימונה סינטטי חדש,1
2456,"מ.ס. הפועל לוד 2 בני רגב ""צו פיוס""",1123,לוד סינטטי חדש,1
2460,"הפ' כפ""ס שמעון",345,כפר סבא אימונים עליון,1
2464,הפועל בני זמר,1020,בת חפר יישוב,1
2466,מ.כ. הפ' עמק יזרעאל,250,נהלל,1
2471,הפועל חיפה 1 שרון,1239,קרית חיים בית נגלר מערבי (אתוס לשעבר),1
2472,הפועל חיפה 2,1345,קרית ים רודמן,1
2477,מ.ס. שיכון המזרח,1349,ראשון לציון שיכון המזרח חצבים,1
2483,מ.כ. הפ' עמק יזרעאל,250,נהלל,1
2492,מ.ס. ג'וליס,204,ג׳וליס,1
2496,"הפועל ק""ש",1198,קרית שמונה סינטטי חדש,1
2498,הפועל עכו אסף,1167,עכו הפועל עכו חדש,1
2504,מכבי כנות,583,כנות,1
2508,הפ' ע.ס. אבו גוש מבשרת ציון,120,מבשרת ציון,1
2534,"הפועל כפ""ס הדס",345,כפר סבא אימונים עליון,1
2535,מכבי בני ריינה,1291,ריינה סינטטי,1
2536,מכבי בני ריינה,1291,ריינה סינטטי,1
2541,מכבי בני ריינה,1291,ריינה סינטטי,1
2546,הפועל אסי גלבוע,325,תענך גוש יעל/אסי גלבוע,1
2547,מכבי בני ריינה,1291,ריינה סינטטי,1
2549,מכבי בני ריינה,1291,ריינה סינטטי,1
2554,"הפ' נחלת יהודה ראשל""צ 1",153,(סגור)ראשון לציון נחלת יהודה,1
2557,הפ' מ.ס. חבל מודיעין,1153,כפר בן שמן,1
2559,"הפ' חולון צפרירים ""צו פיוס""",1316,חולון טוטו,1
2560,הפ' מ.ס. חבל מודיעין,1153,כפר בן שמן,1
2567,"הפ' פ""ת שמואל בייגל",1136,פתח תקוה מושבה דרומי,1
2568,הפועל עכו 1,1167,עכו הפועל עכו חדש,1
2569,הפועל מרחבים,67,מרחבים,1
2570,מ.כ. בני רעננה,363,רעננה פארק צפוני סינטטי,1
2571,מ.כ. בני רעננה,363,רעננה פארק צפוני סינטטי,1
2577,מ.כ. בני רעננה,363,רעננה פארק צפוני סינטטי,1
2580,"הפועל ר""ג דרום",612,רמת גן אימונים 2(טרומים),2
2584,הפועל ג'לג'וליה,62,ג'לגו'ליה,1
2585,הפועל ג'לג'וליה,62,ג'לגו'ליה,1
2599,איחוד בני בקה,1142,בקה אל גרביה סינטטי,1
2600,מכבי ברקאי,512,קיבוץ ברקאי,1
2606,בני אילת,1312,אילת קרית הספורט סינטטי,1
2607,בני אילת,1312,אילת קרית הספורט סינטטי,1
2608,מכבי הבשור,132,נופי הבשור מועצה אזורית אשכול,1
2609,מכבי הבשור,132,נופי הבשור מועצה אזורית אשכול,1
2616,בני אילת,1312,אילת קרית הספורט סינטטי,1
2617,הפ' כפר קאסם שועאע,61,כפר קאסם עליון סינטטי,1
2621,מ.כ. אחווה כפר מנדא,152,כפר מנדא חדש,1
2622,מ.כ. אחווה כפר מנדא,152,כפר מנדא חדש,1
2623,מ.כ. אחווה כפר מנדא,152,כפר מנדא חדש,1
2626,הפ' רעננה ניצן,635,רעננה פארק דרומי,1
2627,מ.כ. אחווה כפר מנדא,152,כפר מנדא חדש,1
2636,מכבי אחי איכסל,237,איכסל,1
2637,מכבי אחי איכסל,237,איכסל,1
2638,מכבי אחי איכסל,237,איכסל,1
2645,הפועל אשקלון,370,(סגור)אשקלון אימונים-2,2
2648,הפועל ערד,211,ערד,1
2650,מכבי עירוני יפיע,99,יפיע,1
2653,הפועל אשקלון,370,(סגור)אשקלון אימונים-2,2
2655,עירוני טבריה,14,טבריה,1
2656,עירוני טבריה,14,טבריה,1
2658,"הפועל רמת ישראל ""צו פיוס""",1275,תל אביב ספורטק דרום 3 סינטטי,1
2659,"הפועל רמת ישראל ""צו פיוס""",1274,תל אביב ספורטק דרום 2 סינטטי,1
2660,הפועל קרית אונו דרום,28,קרית אונו ישן,1
2664,הפועל רמת ישראל,1274,תל אביב ספורטק דרום 2 סינטטי,1
2665,"הפועל רמת ישראל ""צו פיוס""",1274,תל אביב ספורטק דרום 2 סינטטי,1
2666,הפועל רמת ישראל,1274,תל אביב ספורטק דרום 2 סינטטי,1
2667,"מ.כ. מכבי ע. אשדוד ""צו פיוס""",1203,אשדוד סינטטי 2 קטן,1
2668,מ.כ. מכבי ע. אשדוד,1203,אשדוד סינטטי 2 קטן,1
2669,הפועל רהט,562,רהט הפועל רהט,1
2671,מ.ס. כפר כמא,141,כפר כמא,1
2672,מ.ס. כפר כמא,141,כפר כמא,1
2677,הפ' גליל עליון,75,צפת,1
2678,הפ' גליל עליון,75,צפת,1
2679,הפ' גליל עליון,75,צפת,1
2680,מכבי בני דיר אל אסד,81,נחף,1
2682,מכבי בני דיר אל אסד,81,נחף,1
2683,מכבי צעירי בענה,603,בענה,1
2684,מכבי צעירי בענה,603,בענה,1
2685,מכבי צעירי בענה,603,בענה,1
2686,הפ' גבעת אולגה רמי,56,(סגור)חדרה גבעת אולגה,2
2689,מ.ס. ראשון לציון,153,(סגור)ראשון לציון נחלת יהודה,1
2690,הפ' גליל עליון,75,צפת,1
2693,הפועל קרית אונו צפון,28,קרית אונו ישן,1
2694,מ.ס. ראשון לציון,397,ראשון לציון תיכון עמית,1
2695,מ.ס. ראשון לציון,397,ראשון לציון תיכון עמית,1
2696,מ.ס. ראשון לציון,397,ראשון לציון תיכון עמית,1
2698,מכבי בני דיר אל אסד,81,נחף,1
2699,הפ' ירושלים גבע,196,ירושלים קרית יובל,1
2702,בני יצ'אלאל רחובות,1215,רחובות מכבי רחובות וייסגל סינטטי,1
2706,הפועל יוקנעם,55,יקנעם,1
2707,הפועל שפרעם,31,שפרעם,1
2708,"בית""ר אייל טייבי פ""ת ""צו פיוס""",1252,פתח תקוה סירקין אימונים 3,1
2709,"בית""ר אייל טייבי פ""ת",1252,פתח תקוה סירקין אימונים 3,1
2713,הפ' בקעת הירדן,327,מושב תומר,1
2714,מכבי בני ג'לג'וליה,1104,כפר ברא,1
2715,הפ' אחוה חיפה,1159,חיפה אגרטק (אתוס 1 לשעבר),2
2732,הפועל הוד השרון,284,הוד השרון גני צבי,1
2733,הפועל הוד השרון,1116,הוד השרון גני צבי-תשיעיות,1
2739,"בית""ר נהריה",1306,נהריה 3 סינטטי,1
2740,"הפועל ר""ג דרום",402,רמת גן ספארי (תשיעיות),1
2742,"מ.כ. מתנ""ס גן יבנה",984,(סגור)גן יבנה,1
2743,הפ' חולון צפרירים מא,22,חולון צפרירים חולון,1
2748,הפועל אסי גלבוע,325,תענך גוש יעל/אסי גלבוע,1
2753,ה.מ יהודה ד. תומר ברק צו פיוס,197,פתח תקוה מחנה יהודה,1
2754,"הפועל ראשל""צ",1061,ראשון לציון סופרלנד מרכזי תשעיות,1
2755,"הפועל ב""ש אדום",966,באר שבע וסרמיל 1,2
2756,"הפועל ב""ש",966,באר שבע וסרמיל 1,1
2757,הפ'חולון צפרירים מא,22,חולון צפרירים חולון,1
2758,"הפ' חולון צפרירים מא ""צו פיוס""",22,חולון צפרירים חולון,1
2760,עירוני בני כאבול,84,כאבול,1
2761,הפועל ר'ג צפון,613,רמת גן ספארי,1
2762,עירוני בני כאבול,84,כאבול,1
2764,עירוני בני כאבול,84,כאבול,1
2766,עירוני בני כאבול,84,כאבול,1
2767,איחוד בני מג'דל כרום,48,מג'ד אל כרום,1
2768,איחוד בני מג'דל כרום,48,מג'ד אל כרום,1
2773,איחוד בני מג'דל כרום,48,מג'ד אל כרום,1
2774,איחוד בני מג'דל כרום,48,מג'ד אל כרום,1
2775,מכבי צעירי בענה,603,בענה,1
2779,הפועל חדרה מערב,50,חדרה בית אליעזר,1
2780,איחוד בני מג'דל כרום,603,בענה,1
2783,הפ' חולון צפרירים שמעון,186,(סגור)חולון ישן,2
2785,הפועל בני בענה,603,בענה,1
2793,הפועל ירושלים,196,ירושלים קרית יובל,1
2794,"הפועל כפ""ס מערב",345,כפר סבא אימונים עליון,1
2795,הפ' איחוד אעבלין,236,אעבלין,1
2796,"הפועל פ""ת לבנדה אברהם",1136,פתח תקוה מושבה דרומי,1
2797,הפועל חיפה 1,1239,קרית חיים בית נגלר מערבי (אתוס לשעבר),1
2798,הפ' איחוד אעבלין,236,אעבלין,1
2801,מכבי אחווה פרדיס,170,פרדיס,1
2802,מכבי אחווה פרדיס,170,פרדיס,1
2803,מכבי אחווה פרדיס,170,פרדיס,1
2805,הפועל ערבה,38,ירוחם,1
2806,"הפועל ראשל""צ",361,ראשון לציון סופרלנד מערבי סינטטי,1
2807,"מ.כ. מזכרת בתיה ""צו פיוס""",122,"מזכרת בתיה ע""ש אדיר פורטוגל",1
2808,הפ' חולון צפרירים מא,22,חולון צפרירים חולון,1
2809,"מ.כ.מזכרת בתיה אדיר ""צו פיוס""",122,"מזכרת בתיה ע""ש אדיר פורטוגל",1
2810,מ.כ. מזכרת בתיה,122,"מזכרת בתיה ע""ש אדיר פורטוגל",1
2811,"הפועל ר""ג דרום",402,רמת גן ספארי (תשיעיות),1
2812,הפועל קרית אונו צפון,28,קרית אונו ישן,1
2813,מ.כ. מזכרת בתיה,122,"מזכרת בתיה ע""ש אדיר פורטוגל",1
2816,מכבי אחווה פרדיס,170,פרדיס,1
2818,"הפ' פ""ת זכריה רצאבי",1136,פתח תקוה מושבה דרומי,1
2820,מ.ס. דבוריה,293,דבוריה,1
2824,הפועל איכסל,237,איכסל,1
2826,מ.ס. צעירי טייבה,1077,(סגור)טייבה מנארה,2
2833,מ.ס. קרית ים,1269,קרית ים סינטטי,1
2834,מ.ס. קרית ים,1269,קרית ים סינטטי,1
2837,"מ.כ. מתנ""ס אופקים",133,אופקים,1
2838,הפועל ד.א. כרמל,58,דלית אל כרמל,1
2847,"מ.ס. רשת מתנ""סים טבעון",200,קרית טבעון,1
2849,"הפועל כפ""ס אור",282,כפר סבא אימונים תחתון (סינטטי),1
2852,מ.כ. בני עראבה,163,עראבה,1
2854,"מ.כ. מתנ""ס אופקים",133,אופקים,1
2855,הפועל אשקלון,564,אשקלון אימונים-3,2
2858,מ.כ. בני עראבה,163,עראבה,1
2859,מ.כ. בני עראבה,596,סכנין אימונים סינטטי,1
2860,מ.כ. בני עראבה,163,עראבה,1
2863,הפועל אורנית,516,אורנית,1
2864,מ.כ. בני עראבה,163,עראבה,1
2866,הפועל רעננה,363,רעננה פארק צפוני סינטטי,1
2867,הפ' עירוני ערערה,88,ערערה,1
2869,"הפועל רעננה 2 ""צו פיוס""",363,רעננה פארק צפוני סינטטי,1
2871,הפ' אחוה חיפה,602,חיפה אבי רן 2,1
2873,"הפועל רעננה """,363,רעננה פארק צפוני סינטטי,1
2875,ההפ' בני אעבלין,254,טמרה,1
2878,"הפועל ראשל""צ ויימן",361,ראשון לציון סופרלנד מערבי סינטטי,1
2879,הפועל תרשיחא,253,תרשיחא,1
2880,הפ' בית שאן מסילות,148,בית שאן,1
2883,הפועל הוד השרון,284,הוד השרון גני צבי,1
2892,הפועל מטה אשר,1103,עין המפרץ נעמן,1
2893,הפועל מטה אשר 2,1103,עין המפרץ נעמן,1
2894,הפועל מטה אשר,342,ראש הנקרה,1
2895,הפ' רמות מנשה מגידו,350,רמות מנשה,1
2897,מ.ס גבעת אולגה מנדו פוזננסקי,56,(סגור)חדרה גבעת אולגה,1
2898,מ.ס גבעת אולגה יעקב אזולאי,56,(סגור)חדרה גבעת אולגה,1
2900,מ.ס גבעת אולגה שמואל סבג,56,(סגור)חדרה גבעת אולגה,1
2902,"הפ' מרמורק רחובות חיים ""צו פיוס""",1215,רחובות מכבי רחובות וייסגל סינטטי,1
2906,הפועל ערד,211,ערד,1
2911,הפועל שפרעם,31,שפרעם,1
2912,"הפ' ת""א יאיר לרמן",574,תל אביב וולפסון 4,1
2913,מ.ס. גבעת אולגה,56,(סגור)חדרה גבעת אולגה,1
2914,מ.ס גבעת אולגה,56,(סגור)חדרה גבעת אולגה,1
2921,הפועל ברנר,121,קרית עקרון,1
2924,הפועל ירושלים,196,ירושלים קרית יובל,1
2926,הפועל ד.א. כרמל 2,58,דלית אל כרמל,1
2927,הפועל מגדל העמק,54,מגדל העמק,1
2930,הפ' ירושלים מזרח,1310,אבו גוש,1
2931,הפועל ירושלים מזרח,1310,אבו גוש,1
2932,הפ' ירושלים מזרח,1310,אבו גוש,1
2935,הפ' ירושלים מזרח,1310,אבו גוש,1
2938,הפועל באר שבע 2,966,באר שבע וסרמיל 1,1
2939,הפ' ירושלים,1310,אבו גוש,1
2941,הפועל אסי גלבוע,325,תענך גוש יעל/אסי גלבוע,1
2954,הפועל קרית אונו,28,קרית אונו ישן,1
2959,מ.ס. צעירי טורעאן,301,טורעאן,1
2964,הפועל הוד השרון,1116,הוד השרון גני צבי-תשיעיות,1
2965,מ.ס. צעירי טורעאן,1079,בועיינה נוג'ידאת,2
2967,אחי ביר אלמכסור,295,(סגור)ביר אל מכסור,1
2970,הפועל אסי גלבוע,325,תענך גוש יעל/אסי גלבוע,1
2971,אחי ביר אלמכסור,293,דבוריה,1
2972,הפועל מועאויה,1075,ברטעה,1
2973,אחי ביר אלמכסור,295,(סגור)ביר אל מכסור,2
2975,הפועל ערד,211,ערד,1
2977,הפועל נוף הגליל,1318,נוף הגליל סינטטי חדש,1
2981,הפועל איכסל,237,איכסל,1
2982,אחי ביר אלמכסור,31,שפרעם,2
2989,הפועל אורנית,516,אורנית,1
2993,הפועל פרדסייה ב,105,פרדסיה,1
2997,הפועל עפולה,1132,עפולה סינטטי,1
2998,הפועל עפולה,1132,עפולה סינטטי,1
2999,"הפ' בית אליעזר ""צו פיוס""",50,חדרה בית אליעזר,1
3000,אחי ביר אלמכסור,31,שפרעם,1
3001,"בית""ר עירוני אריאל",255,אריאל,1
3002,"בית""ר ג.זאב שבי",399,גבעת זאב,1
3007,"בית""ר טוברוק",13,נתניה טוברוק,1
3011,שמשון כפר קאסם,61,כפר קאסם עליון סינטטי,1
3013,"בית""ר טוברוק 2",13,נתניה טוברוק,1
3016,"בית""ר טוברוק",13,נתניה טוברוק,1
3019,"בית""ר טוברוק",13,נתניה טוברוק,1
3020,"בית""ר גבעת זאב",399,גבעת זאב,1
3021,"בית""ר גבעת זאב",399,גבעת זאב,1
3022,"בית""ר גבעת זאב",399,גבעת זאב,1
3023,שמשון כפר קאסם,62,ג'לגו'ליה,2
3024,שמשון כפר קאסם,142,(סגור)כפר קאסם תחתון,2
3025,"בית""ר אום אל פחם",411,אום אל פאחם סינטטי,1
3026,"בית""ר א.א. פחם",411,אום אל פאחם סינטטי,1
3027,שמשון כפר קאסם,61,כפר קאסם עליון סינטטי,1
3028,שמשון כפר קאסם,61,כפר קאסם עליון סינטטי,1
3030,"הפועל ברנר ""צו פיוס""",121,קרית עקרון,1
3032,"בית""ר ר""ג דרום",225,רמת גן אימונים,1
3038,"בית""ר פרדס חנה",1146,פרדס חנה אימונים,1
3042,"בית""ר טוברוק",13,נתניה טוברוק,1
3053,שמשון תל אביב מרכז,1352,תל אביב ספורטק צפון מגרש מזרחי,1
3055,"בית""ר י-ם 1",188,ירושלים בית וגן 2 עליון סינטטי,1
3058,מכבי בני דיר חנא,317,דיר חנא,1
3059,הפועל ברנר,121,קרית עקרון,1
3060,הפועל ברנר,121,קרית עקרון,1
3065,הפועל ברנר,238,(סגור)רחובות מכבי רחובות קריית משה,1
3068,מכבי עירוני זכרון יעקב,51,זכרון יעקב,1
3074,"בית""ר עירוני אריאל",255,אריאל,1
3077,"בית""ר עירוני אריאל",255,אריאל,1
3085,הפועל בועיינה,1311,בועיינה נוג'ידאת מזרחי חדש,1
3086,הפועל בועיינה,1311,בועיינה נוג'ידאת מזרחי חדש,1
3087,צעירי סכנין,596,סכנין אימונים סינטטי,1
3088,צעירי סכנין,596,סכנין אימונים סינטטי,1
3089,צעירי סכנין,596,סכנין אימונים סינטטי,1
3091,הפועל בועיינה,1311,בועיינה נוג'ידאת מזרחי חדש,1
3093,הפועל בועיינה,1311,בועיינה נוג'ידאת מזרחי חדש,1
3095,הפועל בועיינה,1311,בועיינה נוג'ידאת מזרחי חדש,1
3096,הפועל בועיינה,1311,בועיינה נוג'ידאת מזרחי חדש,1
3097,הפועל תרשיחא,253,תרשיחא,1
3098,צעירי סכנין,596,סכנין אימונים סינטטי,1
3099,צעירי סכנין,596,סכנין אימונים סינטטי,1
3100,צעירי סכנין,596,סכנין אימונים סינטטי,1
3104,הפועל בני עראבה,81,נחף,2
3105,הפועל בני עראבה,603,בענה,1
3108,מ.כ. צעירי עילוט,331,נצרת עילוט אימונים סינטטי,1
3109,מ.כ. צעירי עילוט,331,נצרת עילוט אימונים סינטטי,1
3110,הפועל אל קסום,562,רהט הפועל רהט,1
3121,הפועל תרשיחא,253,תרשיחא,1
3129,מ.כ. צעירי עילוט,331,נצרת עילוט אימונים סינטטי,1
3130,מ.כ. צעירי עילוט,331,נצרת עילוט אימונים סינטטי,1
3131,מ.כ. צעירי עילוט,331,נצרת עילוט אימונים סינטטי,1
3135,אהלי טמרה,254,טמרה,1
3136,אהלי טמרה,254,טמרה,1
3137,אהלי טמרה,254,טמרה,1
3138,מ.ס. כדורגל שפרעם,31,שפרעם,1
3139,מ.ס. כדורגל שפרעם,31,שפרעם,1
3140,מ.ס. כדורגל שפרעם,31,שפרעם,1
3152,הפועל שדרות,66,שדרות,1
3159,מכבי נוג'ידאת אחמד,1311,בועיינה נוג'ידאת מזרחי חדש,1
3162,הפועל מרום הגליל,1276,ריחאניה,1
3163,הפועל מרום הגליל,1198,קרית שמונה סינטטי חדש,1
3166,"בית""ר גדרה",1224,גדרה,1
3175,הפועל בני ג'סר א זרקא,296,ג'סר אל זרקה,1
3176,הפועל בני ג'סר א זרקא,296,ג'סר אל זרקה,1
3177,"בית""ר אשדוד",215,אשדוד סינטטי,1
3178,"בית""ר אשדוד",215,אשדוד סינטטי,1
3179,"בית""ר אשדוד",215,אשדוד סינטטי,1
3180,הפועל מ.כ. עירוני צפת,75,צפת,1
3181,הפועל מ.כ. עירוני צפת,75,צפת,1
3182,הפועל מ.כ. עירוני צפת,75,צפת,1
3186,שמשון תל אביב מרכז,1352,תל אביב ספורטק צפון מגרש מזרחי,1
3187,הפועל נחף,81,נחף,1
3191,מ.כ. צעירי עילוט,331,נצרת עילוט אימונים סינטטי,1
3193,מ.ס. בני יפו אורתודוכסים,63,תל אביב יפו צעירי יפו,1
3196,אהלי טמרה,254,טמרה,1
3197,אהלי טמרה,254,טמרה,1
3198,אהלי טמרה,254,טמרה,1
3199,מ.ס. כדורגל שפרעם,31,שפרעם,1
3200,מ.ס. כדורגל שפרעם,31,שפרעם,1
3203,מ.כ. מכבי אשקלון,1145,"אשקלון סינטטי ע""ש איציק ""חיפה"" כהן",1
3204,מ.כ. מכבי אשקלון,1145,"אשקלון סינטטי ע""ש איציק ""חיפה"" כהן",1
3210,מ.כ. מכבי אשקלון,1145,"אשקלון סינטטי ע""ש איציק ""חיפה"" כהן",1
3211,"בית""ר ר""ג דרום",225,רמת גן אימונים,1
3215,מ.כ. מכבי אשקלון,1145,"אשקלון סינטטי ע""ש איציק ""חיפה"" כהן",1
3216,מ.כ. מכבי אשקלון,1145,"אשקלון סינטטי ע""ש איציק ""חיפה"" כהן",1
3219,הפועל לב השרון צפון,161,כפר יונה,1
3220,הפועל לב השרון,161,כפר יונה,1
3221,הפועל עין סהלה,88,ערערה,1
3222,הפועל עין סהלה,88,ערערה,1
3223,הפועל עין סהלה,88,ערערה,1
3225,הפועל שדרות,66,שדרות,2
3226,הפועל שדרות,66,שדרות,2
3228,הפועל חליסה,400,חיפה אבי רן,2
3229,הפועל חליסה,602,חיפה אבי רן 2,2
3231,"מ.כ. קרית חיים ""צו פיוס""",1239,קרית חיים בית נגלר מערבי (אתוס לשעבר),1
3232,"מ.כ קרית חיים ""שמשון ""צו פיוס""",1239,קרית חיים בית נגלר מערבי (אתוס לשעבר),1
3233,מכבי נוג'ידאת אחמד,1311,בועיינה נוג'ידאת מזרחי חדש,1
3234,מכבי נוג'ידאת אחמד,1079,בועיינה נוג'ידאת,1
3235,מכבי נוג'ידאת אחמד,1311,בועיינה נוג'ידאת מזרחי חדש,1
3236,הפועל מרום הגליל,75,צפת,1
3237,הפועל מרום הגליל,75,צפת,1
3240,"בית""ר גדרה",1224,גדרה,1
3241,"בית""ר גדרה",1224,גדרה,1
3246,מ.ס. רמלה,620,רמלה ג'רסי,1
3247,מ.ס. רמלה,620,רמלה ג'רסי,1
3248,הפועל בני ג'סר א זרקא,296,ג'סר אל זרקה,1
3251,"בית""ר אשדוד",215,אשדוד סינטטי,2
3252,"בית""ר אשדוד",339,(סגור)אשדוד,2
3254,הפועל מ.כ. עירוני צפת,75,צפת,1
3255,הפועל מ.כ. עירוני צפת,75,צפת,1
3256,הפועל מ.כ. עירוני צפת,75,צפת,1
3258,הפועל עירוני עראבה,317,דיר חנא,1
3259,הפועל עירוני עראבה,317,דיר חנא,1
3261,מ.ס. בני יפיע,1309,יפיע סינטטי,1
3272,מכבי בני אבו סנאן,294,אבו סנאן,1
3284,מ.ס. כדורגל שגב שלום,1257,באר שבע רייסר 4 סינטטי,1
3286,מ.ס כדורגל שגב שלום,38,ירוחם,2
3293,הפועל קלנסואה,1104,כפר ברא,2
3299,איחוד צעירי איכסל סמיר,237,איכסל,1
3302,"בית""ר ר""ג",612,רמת גן אימונים 2(טרומים),1
3303,"בית""ר ר""ג",612,רמת גן אימונים 2(טרומים),1
3305,"בית""ר טוברוק שחר",13,נתניה טוברוק,1
3311,"בית""ר עירוני  אריאל",255,אריאל,1
3317,הפ' עירוני גדרה,1224,גדרה,1
3318,"בית""ר י-ם צפון",188,ירושלים בית וגן 2 עליון סינטטי,1
3321,"בית""ר טוברוק 2",13,נתניה טוברוק,1
3323,הפ' עירוני גדרה 2,1170,(סגור)בני עייש,1
3327,הפ' עירוני גדרה,1224,גדרה,1
3331,"בית""ר י-ם",188,ירושלים בית וגן 2 עליון סינטטי,1
3336,עירוני בני שעב,162,שעב,1
3337,"בית""ר ר""ג",612,רמת גן אימונים 2(טרומים),1
3341,עירוני בני שעב,162,שעב,1
3344,"בית""ר פרדס חנה",1146,פרדס חנה אימונים,1
3352,הפועל עין סהלה,88,ערערה,1
3353,הפועל עין סהלה,88,ערערה,1
3357,הפועל חליסה,400,חיפה אבי רן,1
3360,מ.כ. קרית חיים,1239,קרית חיים בית נגלר מערבי (אתוס לשעבר),1
3361,מכבי נוג'ידאת אחמד,1311,בועיינה נוג'ידאת מזרחי חדש,1
3362,מכבי נוג'ידאת אחמד,1311,בועיינה נוג'ידאת מזרחי חדש,1
3363,מכבי נוג'ידאת אחמד,1311,בועיינה נוג'ידאת מזרחי חדש,1
3367,"בית""ר ""גיא שמחי"" גדרה",1224,גדרה,1
3368,"בית""ר גדרה",1224,גדרה,1
3369,"בית""ר גדרה",1224,גדרה,1
3373,מ.ס. רמלה,620,רמלה ג'רסי,1
3374,מ.ס. רמלה,620,רמלה ג'רסי,1
3375,מ.ס. רמלה,620,רמלה ג'רסי,1
3377,"בית""ר י-ם",188,ירושלים בית וגן 2 עליון סינטטי,1
3392,הפועל עירוני עראבה,317,דיר חנא,1
3393,הפועל עירוני עראבה,317,דיר חנא,1
3396,מ.ס. בני יפיע,1309,יפיע סינטטי,1
3397,מ.ס. בני יפיע,99,יפיע,1
3399,איחוד בני שפרעם,1251,שפרעם חדש סינטטי,1
3400,איחוד בני שפרעם,1251,שפרעם חדש סינטטי,1
3401,בני מג'אר,603,בענה,1
3402,בני מג'אר 2,603,בענה,1
3403,בני מג'אר,603,בענה,1
3404,מ.ס. ראמה,1162,כפר ראמה,1
3405,מ.ס. ראמה,1162,כפר ראמה,1
3406,מ.ס. ראמה,1162,כפר ראמה,1
3408,מכבי בני אבו סנאן,294,אבו סנאן,1
3411,מ.ס. צעירי חיפה,400,חיפה אבי רן,1
3412,מ.ס. צעירי חיפה,602,חיפה אבי רן 2,1
3414,עוצמה באר שבע,1257,באר שבע רייסר 4 סינטטי,1
3415,"עוצמה באר שבע ""שמעיה"" ""צו פיוס""",1257,באר שבע רייסר 4 סינטטי,1
3416,"מכבי כפ""ס מערב",439,כפר סבא קפלן,1
3417,מכבי כפר סבא,439,כפר סבא קפלן,1
3418,"מכבי כפ""ס מערב",439,כפר סבא קפלן,1
3419,מ.ס. כדורגל שגב שלום,38,ירוחם,2
3420,מ.ס. כדורגל שגב שלום,368,רהט צעירי רהט,1
3425,מ.ס. כדורגל הפועל קרית ים,1269,קרית ים סינטטי,1
3426,מ.ס.כ. הפועל קרית ים,1269,קרית ים סינטטי,1
3427,מ.ס. כדורגל הפועל קרית ים,1269,קרית ים סינטטי,1
3430,הפועל גליל תבור,1122,כפר תבור,1
3433,איחוד צעירי איכסל סמיר,237,איכסל,1
3464,הפ' איחוד בני ג'ת,341,כפר ג'ת המשולש,1
3467,הפועל עירוני עראבה,317,דיר חנא,1
3468,מ.ס. בני יפיע,99,יפיע,1
3469,מ.ס. בני יפיע,1309,יפיע סינטטי,1
3471,איחוד בני שפרעם,31,שפרעם,1
3472,איחוד בני שפרעם,1251,שפרעם חדש סינטטי,1
3473,איחוד בני שפרעם,1251,שפרעם חדש סינטטי,1
3474,בני מג'אר,603,בענה,1
3475,בני מג'אר,603,בענה,1
3476,בני מג'אר,81,נחף,1
3477,מ.ס. ראמה,1162,כפר ראמה,1
3478,מ.ס. ראמה,1162,כפר ראמה,1
3481,מכבי בני אבו סנאן,294,אבו סנאן,1
3483,מ.ס. צעירי חיפה,400,חיפה אבי רן,1
3484,מ.ס. צעירי חיפה,1159,חיפה אגרטק (אתוס 1 לשעבר),1
3485,מ.ס צעירי חיפה,313,עתלית,1
3486,"עוצמה באר שבע ""דימה"" ""צו פיוס""",1257,באר שבע רייסר 4 סינטטי,1
3489,"מכבי כפ""ס מזרח",439,כפר סבא קפלן,1
3490,מכבי כפר סבא,439,כפר סבא קפלן,1
3493,מ.ס. כדורגל שגב שלום,1278,(סגור)רייסר 4 סגור/ישן,1
3496,מ.ס. כדורגל הפועל קרית ים,1269,קרית ים סינטטי,1
3497,מ.ס. כדורגל הפועל קרית ים,1269,קרית ים סינטטי,1
3498,מ.ס. כדורגל הפועל קרית ים,1269,קרית ים סינטטי,1
3502,איחוד צעירי איכסל סמיר,237,איכסל,1
3503,איחוד צעירי איכסל סמיר,237,איכסל,1
3504,איחוד צעירי איכסל סמיר,237,איכסל,1
3513,מ.כ. כרמל חיפה,1159,חיפה אגרטק (אתוס 1 לשעבר),1
3517,מ.כ. שפרעם,1251,שפרעם חדש סינטטי,1
3518,מ.כ. שפרעם,31,שפרעם,2
3524,עירוני ראש העין,1339,ראש העין,1
3528,"מכבי עתלית ""צו פיוס""",313,עתלית,1
3536,מ.ס. עמק חפר,512,קיבוץ ברקאי,1
3537,הפועל צעירי נצרת,285,נצרת אצטדיון עילוט,1
3543,מכבי זכרון יעקב,51,זכרון יעקב,1
3544,מכבי זכרון יעקב,51,זכרון יעקב,1
3545,מכבי זכרון יעקב,51,זכרון יעקב,1
3547,מכבי צורן,464,קדימה,1
3548,מכבי צורן,464,קדימה,1
3549,מכבי צורן,464,קדימה,1
3550,מ.ס. טירת כרמל גל קובי,32,טירת כרמל,1
3555,בני דיר חנא,317,דיר חנא,1
3562,מ.כ. מועצה אזורית יואב,1224,גדרה,1
3563,מ.כ. אור עקיבא,91,פרדס חנה,2
3566,מ.כ. דלית אל כרמל,58,דלית אל כרמל,1
3570,"בית""ר גן יבנה",984,(סגור)גן יבנה,1
3571,"בית""ר גן יבנה",984,(סגור)גן יבנה,1
3577,צעירי אום אל פאחם,411,אום אל פאחם סינטטי,1
3589,הפ' עירוני בני אעבלין,236,אעבלין,1
3593,מ.ס. צעירי חיפה,313,עתלית,1
3597,הפ' עירוני בני אעבלין,236,אעבלין,1
3598,הפ' עירוני בני אעבלין,236,אעבלין,1
3599,הפ' עירוני בני אעבלין,236,אעבלין,1
3600,איחוד צעירי איכסל סמיר,237,איכסל,1
3603,הפ' עירוני בני אעבלין,236,אעבלין,1
3608,מ.כ. כרמל חיפה,1159,חיפה אגרטק (אתוס 1 לשעבר),1
3609,מ.כ. כרמל חיפה,1159,חיפה אגרטק (אתוס 1 לשעבר),1
3615,הפ' צעירי קלנסואה,62,ג'לגו'ליה,1
3616,מ.כ. כרמל חיפה,1159,חיפה אגרטק (אתוס 1 לשעבר),1
3617,"מ.כ. כרמל חיפה ""צו פיוס""",1159,חיפה אגרטק (אתוס 1 לשעבר),1
3618,מ.כ. כרמל חיפה,1159,חיפה אגרטק (אתוס 1 לשעבר),1
3620,מ.כ. שפרעם,1251,שפרעם חדש סינטטי,1
3621,מ.כ. שפרעם,1251,שפרעם חדש סינטטי,1
3622,מ.ס. בית ג'אן,1305,נהריה 2 סינטטי,1
3623,מ.ס. בית ג'אן,1306,נהריה 3 סינטטי,1
3625,עירוני ראש העין,1339,ראש העין,1
3626,עירוני ראש העין דרום,1339,ראש העין,1
3629,בני אום אל פאחם,367,אום אל פחם,1
3632,מ.כ. שפרעם,1251,שפרעם חדש סינטטי,1
3633,מ.כ. שפרעם,1251,שפרעם חדש סינטטי,1
3634,מ.כ. שפרעם,1251,שפרעם חדש סינטטי,1
3639,מ.כ. צעירי טמרה,254,טמרה,1
3640,מ.כ. צעירי טמרה,254,טמרה,1
3641,מ.כ. צעירי טמרה,254,טמרה,1
3648,בני אלסלאם רהט,1144,רהט בני אל סאלם רהט,1
3649,בני אלסלאם רהט,1144,רהט בני אל סאלם רהט,1
3650,מ.כ. שפרעם,1251,שפרעם חדש סינטטי,1
3651,"עירוני ראש העין דרום ""צו פיוס""",1339,ראש העין,1
3652,עירוני ראש העין,1339,ראש העין,1
3654,בני אלסלאם רהט,1144,רהט בני אל סאלם רהט,1
3655,בני אלסלאם רהט,1144,רהט בני אל סאלם רהט,1
3659,מ.כ. גליל גולן,75,צפת,1
3660,"בית""ר טוברוק 2",13,נתניה טוברוק,1
3674,מ.כ. גליל גולן צפון,75,צפת,1
3675,מ.כ. גליל גולן דרום,75,צפת,1
3676,מ.כ. גליל גולן דרום,75,צפת,1
3677,"מ. עתלית ""צו פיוס""",313,עתלית,1
3678,"מכבי עתלית ""צו פיוס""",313,עתלית,1
3679,"מכבי עתלית ""צו פיוס""",313,עתלית,1
3680,מ.כ. הפועל גלבוע,325,תענך גוש יעל/אסי גלבוע,1
3681,מ.כ הפועל גלבוע,325,תענך גוש יעל/אסי גלבוע,1
3682,מ.כ. הפועל גלבוע,325,תענך גוש יעל/אסי גלבוע,1
3683,מ.ס. עמק חפר דרום,512,קיבוץ ברקאי,1
3684,מ.ס. עמק חפר דרום,512,קיבוץ ברקאי,1
3685,מ.ס. עמק חפר דרום,512,קיבוץ ברקאי,1
3688,הפועל צעירי נצרת,285,נצרת אצטדיון עילוט,1
3689,הפועל צעירי נצרת,331,נצרת עילוט אימונים סינטטי,1
3690,מכבי זכרון יעקב משה,51,זכרון יעקב,1
3691,מכבי זכרון יעקב,51,זכרון יעקב,1
3693,מכבי צורן,464,קדימה,1
3699,בני דיר חנא,317,דיר חנא,1
3702,הפועל יפיע,1309,יפיע סינטטי,1
3703,הפועל יפיע,1309,יפיע סינטטי,1
3708,מ.כ. אור עקיבא,429,אור עקיבא,1
3709,מ.כ. אור עקיבא,429,אור עקיבא,1
3710,"בית""ר גן יבנה",984,(סגור)גן יבנה,1
3711,"בית""ר גן יבנה",984,(סגור)גן יבנה,1
3712,"בית""ר גן יבנה",984,(סגור)גן יבנה,1
3713,"שיכון ותיקים רמת גן ""צו פיוס""",613,רמת גן ספארי,1
3714,"שיכון ותיקים רמת גן ""צו פיוס""",613,רמת גן ספארי,1
3715,"שיכון ותיקים רמת גן ""צו פיוס""",402,רמת גן ספארי (תשיעיות),1
3717,צעירי אום אל פאחם,411,אום אל פאחם סינטטי,1
3718,צעירי אום אל פאחם,411,אום אל פאחם סינטטי,1
3726,"מכבי עתלית ""צו פיוס""",313,עתלית,1
3727,"מכבי עתלית ""צו פיוס""",313,עתלית,1
3728,מכבי עתלית,313,עתלית,1
3729,מ.כ. הפועל גלבוע,325,תענך גוש יעל/אסי גלבוע,1
3732,מ.ס. עמק חפר,512,קיבוץ ברקאי,1
3733,מ.ס. עמק חפר,512,קיבוץ ברקאי,1
3737,בני דיר חנא,317,דיר חנא,1
3740,הפועל יפיע,1309,יפיע סינטטי,1
3741,הפועל יפיע,1309,יפיע סינטטי,1
3743,מ.כ. אור עקיבא,429,אור עקיבא,1
3744,מ.כ. אור עקיבא,429,אור עקיבא,1
3746,"בית""ר גן יבנה",984,(סגור)גן יבנה,1
3747,"בית""ר גן יבנה",984,(סגור)גן יבנה,1
3749,"שיכון ותיקים רמת גן ""צו פיוס""",402,רמת גן ספארי (תשיעיות),1
3750,שיכון ותיקים רמת גן,402,רמת גן ספארי (תשיעיות),1
3752,צעירי אום אל פאחם,411,אום אל פאחם סינטטי,1
3753,צעירי אום אל פאחם,411,אום אל פאחם סינטטי,1
3755,מ.ס. שפרעם,1251,שפרעם חדש סינטטי,1
3756,מ.ס. שפרעם,1251,שפרעם חדש סינטטי,1
3757,מ.ס. שפרעם,1251,שפרעם חדש סינטטי,1
3758,"מ.כ. מיתר ""רז""",1293,מיתר,1
3759,מ.כ. מיתר,1278,(סגור)רייסר 4 סגור/ישן,2
3760,מ.כ. מיתר,1293,מיתר,1
3761,מכבי יהוד מונוסון,1012,יהוד ק.סביונים,1
3762,מכבי יהוד מונוסון,1012,יהוד ק.סביונים,1
3766,"מ.ס. בית""ר כפר מנדא",152,כפר מנדא חדש,1
3767,מכבי דבוריה,293,דבוריה,1
3769,מכבי דבוריה,293,דבוריה,1
3772,הפועל חורפיש,253,תרשיחא,1
3779,"מ.כ. שדרות ""צו פיוס""",66,שדרות,1
3780,מ.כ. שדרות,66,שדרות,2
3782,מכבי בני טורעאן,317,דיר חנא,2
3785,הפועל טובא,243,טובא,2
3787,"בית""ר י-ם",188,ירושלים בית וגן 2 עליון סינטטי,1
3791,"שמשון ת""א מרכז",1352,תל אביב ספורטק צפון מגרש מזרחי,1
3792,הפ' אום אל פאחם 2,411,אום אל פאחם סינטטי,1
3793,מ.ס. חצור הגלילית,231,חצור,2
3794,מ.ס. חצור הגלילית,231,חצור,1
3800,מ.ס. שפרעם,1251,שפרעם חדש סינטטי,1
3801,מ.ס. שפרעם,1251,שפרעם חדש סינטטי,1
3802,מ.ס. שפרעם,1251,שפרעם חדש סינטטי,1
3804,מ.כ. מיתר,1293,מיתר,1
3805,מ.כ. מיתר,1293,מיתר,1
3807,מכבי יהוד מונוסון,1012,יהוד ק.סביונים,1
3808,מכבי יהוד מונוסון,1012,יהוד ק.סביונים,1
3810,"מ.ס. בית""ר כפר מנדא",152,כפר מנדא חדש,1
3811,"מ.ס. בית""ר כפר מנדא",152,כפר מנדא חדש,1
3813,מכבי דבוריה,293,דבוריה,1
3815,הפועל חורפיש,165,כפר סמיע,1
3817,הפועל חורפיש,253,תרשיחא,1
3821,מכבי בני טורעאן,317,דיר חנא,1
3822,מכבי בני טורעאן,317,דיר חנא,1
3825,הפועל טובא,243,טובא,1
3826,הפועל טובא,75,צפת,1
3838,"מ.כ. הפועל אשדוד 1 ""צו פיוס""",1203,אשדוד סינטטי 2 קטן,1
3840,מ.כ. צעירי טירה,106,טירה,1
3841,מ.כ. צעירי טירה,106,טירה,1
3842,הפועל ריינה,1291,ריינה סינטטי,1
3843,הפועל ריינה,1291,ריינה סינטטי,1
3845,"מ.כ. שדרות ""צו פיוס""",66,שדרות,1
3846,"מ.כ. שדרות ""צו פיוס""",66,שדרות,1
3865,צעירי שעב,162,שעב,1
3866,צעירי שעב,162,שעב,1
3875,מ.כ. מועצה איזורית חוף אשקלון,1350,הודיה,1
3879,הפועל בני חורפיש,253,תרשיחא,1
3885,"שמשון ת""א מרכז",1352,תל אביב ספורטק צפון מגרש מזרחי,1
3889,מ.כ. מיתר,1293,מיתר,1
3890,מ.כ. מיתר,1293,מיתר,1
3891,מ.כ. מיתר,1293,מיתר,1
3892,מכבי יהוד מונוסון,1012,יהוד ק.סביונים,1
3893,מכבי יהוד מונוסון,1012,יהוד ק.סביונים,1
3895,מ.ס. צעירי כפר מנדא,152,כפר מנדא חדש,1
3896,מ.ס. צעירי כפר מנדא,152,כפר מנדא חדש,1
3897,מ.ס. צעירי כפר מנדא,152,כפר מנדא חדש,1
3901,הפועל חורפיש,290,פקיעין,1
3902,הפועל חורפיש,165,כפר סמיע,1
3905,מכבי בני טורעאן,1309,יפיע סינטטי,1
3906,מכבי בני טורעאן,1309,יפיע סינטטי,1
3908,הפועל טובא,243,טובא,1
3911,"בית""ר עירוני קרית גת דודו ""צו פיוס""",1190,קרית גת סינטטי אגוז,1
3912,"בית""ר עירוני קרית גת דודו",1190,קרית גת סינטטי אגוז,1
3913,"בית""ר עירוני קרית גת דודו",1190,קרית גת סינטטי אגוז,1
3914,מ.כ. צעירי טירה,106,טירה,1
3915,מ.כ. צעירי טירה,106,טירה,1
3918,מכבי גבעת שמואל,124,בית דגן,1
3919,מכבי גבעת שמואל דרום,124,בית דגן,1
3927,בני דבוריה,293,דבוריה,1
3928,בני דבוריה,293,דבוריה,1
3929,בני דבוריה,293,דבוריה,1
3931,מ.ס. גבעת שמואל,417,תל אביב וולפסון 2,1
3932,מ.ס. גבעת שמואל,613,רמת גן ספארי,1
3934,מכבי צעירי ירכא,571,ירכא,1
3935,מכבי צעירי ירכא,571,ירכא,1
3950,"מ.כ. הפועל אשדוד ""צו פיוס""",1203,אשדוד סינטטי 2 קטן,1
3951,הפועל בני כסייפה,38,ירוחם,1
3954,מ.כ. צופי חיפה,1159,חיפה אגרטק (אתוס 1 לשעבר),1
3955,מ.ס. הפועל שגב שלום,1257,באר שבע רייסר 4 סינטטי,1
3958,איחוד הפועל ביר אל מכסור,1251,שפרעם חדש סינטטי,1
3973,מ.כ. הפועל פסוטה,44,מעלות,1
3986,הפועל בני מזרעה,257,שיח-דנון,1
3987,הפועל בני מזרעה,257,שיח-דנון,1
4000,מ.ס. כאבול,84,כאבול,1
4001,"בני יהודה ת""א",346,תל אביב שכונת התקוה סינטטי 2,1
4007,"גדנע ת""א מנשה",1302,תל אביב גדנע ת״א חדש,1
4017,מ.ס פרדס חנה כרכור,1146,פרדס חנה אימונים,1
4018,א.ס. רמת אליהו,184,ראשון לציון רמת אליהו,1
4021,"עוצמה מ.כ.""הרצל"" חולון",1110,חולון אימונים בית העלמין,2
4022,מ.כ. נוה יוסף,400,חיפה אבי רן,1
4030,עוצמה מ.כ. חולון,1316,חולון טוטו,1
4031,"בית""ר תל אביב חולון 1 ""צו פיוס""",1316,חולון טוטו,1
4034,"בית""ר תל אביב חולון",1316,חולון טוטו,1
4051,א.ס. רמת אליהו-רפי,184,ראשון לציון רמת אליהו,1
4063,א.ס. רמת אליהו מרקו,184,ראשון לציון רמת אליהו,1
4072,עוצמה מ.כ. חולון,1316,חולון טוטו,1
4074,בני בית ג'אן,596,סכנין אימונים סינטטי,2
4076,בני בית ג'אן,81,נחף,1
4081,"בית""ר עכו",1167,עכו הפועל עכו חדש,1
4082,מ.כ. מיתר,1293,מיתר,1
4084,"בית""ר עכו",343,עכו-דרום,1
4085,"בית""ר עכו",343,עכו-דרום,1
4086,"בית""ר עכו",343,עכו-דרום,1
4094,"בית""ר עירוני קרית גת דודו 1",1190,קרית גת סינטטי אגוז,1
4095,"בית""ר עירוני קרית גת דודו 1",1190,קרית גת סינטטי אגוז,1
4106,מ.ס. כפר יאסיף,257,שיח-דנון,1
4107,מ.ס. כפר יאסיף,257,שיח-דנון,1
4108,מ.ס. כפר יאסיף,257,שיח-דנון,1
4110,מ.כ. אלנהדה נצרת,331,נצרת עילוט אימונים סינטטי,1
4111,מ.כ. אלנהדה נצרת,285,נצרת אצטדיון עילוט,2
4113,מ.כ. אלנהדה נצרת,331,נצרת עילוט אימונים סינטטי,1
4119,מ.כ. אלנהדה נצרת,331,נצרת עילוט אימונים סינטטי,1
4120,מ.כ. אלנהדה נצרת,331,נצרת עילוט אימונים סינטטי,1
4121,מ.כ. אלנהדה נצרת,331,נצרת עילוט אימונים סינטטי,1
4127,מ.כ. אלנהדה נצרת,331,נצרת עילוט אימונים סינטטי,1
4141,מ.ק. גולן קצרין,283,קצרין,1
4142,מכבי עספיא,57,עספיא,1
4150,מכבי עספיא,57,עספיא,1
4151,מכבי עספיא,57,עספיא,1
4161,"מ.ס. גבעת שמואל ""צו פיוס""",613,רמת גן ספארי,1
4162,מ.ס. גבעת שמואל,613,רמת גן ספארי,1
4163,"מ.ס. גבעת שמואל ""צו פיוס""",613,רמת גן ספארי,1
4164,מכבי צעירי ירכא,571,ירכא,1
4165,מכבי צעירי ירכא,571,ירכא,1
4166,מכבי צעירי ירכא,571,ירכא,1
4167,"מכבי מתנ""ס רהט",368,רהט צעירי רהט,1
4168,"מכבי מתנ""ס רהט",368,רהט צעירי רהט,1
4169,"מכבי מתנ""ס רהט",368,רהט צעירי רהט,1
4177,מ.כ. צופי חיפה,400,חיפה אבי רן,1
4178,מ.כ. צופי חיפה,1269,קרית ים סינטטי,1
4179,איחוד הפועל ביר אל מכסור,55,יקנעם,1
4180,איחוד הפועל ביר אל מכסור,55,יקנעם,1
4181,איחוד הפועל ביר אל מכסור,55,יקנעם,1
4182,מכבי צעירי משהד,219,משהד,1
4183,מכבי צעירי משהד,219,משהד,1
4184,מכבי צעירי משהד,219,משהד,1
4185,מ.כ. נהלל יזרעאל,250,נהלל,1
4186,מ.כ. נהלל יזרעאל,250,נהלל,1
4187,מ.כ. נהלל יזרעאל,250,נהלל,1
4193,"מכבי גבעתיים ""צו פיוס""",402,רמת גן ספארי (תשיעיות),1
4198,מ.ס. כאבול,84,כאבול,1
4200,מ.כ. מועצה איזורית חוף אשקלון,1350,הודיה,1
4201,מ.כ. מועצה איזורית חוף אשקלון,1350,הודיה,1
4203,הפ' אבירי בת ים,344,בת ים אימונים 1,1
4205,מ. א. חוף אשקלון,1350,הודיה,1
4207,הפ' אבירי בת ים,245,בת ים אצטדיון טוטו,1
4208,הפ' אבירי בת ים,344,בת ים אימונים 1,2
4213,מ.כ. נוה יוסף,1160,חיפה אגרטק (אתוס 2 לשעבר),1
4214,"בית""ר תל אביב חולון ""צו פיוס""",1316,חולון טוטו,1
4215,שמשון בני טייבה,53,טייבה,1
4219,מ.א. שער הנגב,392,שער הנגב (מכללת ספיר),1
4227,הפ' אבירי בת ים,344,בת ים אימונים 1,1
4228,מ.ס פרדס חנה כרכור,1146,פרדס חנה אימונים,1
4229,מ.ס. אום אל פאחם,367,אום אל פחם,1
4230,"מ.א. שער הנגב ""צו פיוס""",392,שער הנגב (מכללת ספיר),1
4231,מ.כ. נוה יוסף 2,1160,חיפה אגרטק (אתוס 2 לשעבר),1
4232,מ.כ. נוה יוסף 2,602,חיפה אבי רן 2,1
4233,הפ' אבירי בת ים,344,בת ים אימונים 1,1
4238,א.ס.רמת אליהו מערב,184,ראשון לציון רמת אליהו,1
4241,מ.א.ש.הנגב נטע אפשטיין,392,שער הנגב (מכללת ספיר),1
4260,הפועל שמשון אשקלון,1145,"אשקלון סינטטי ע""ש איציק ""חיפה"" כהן",1
4265,מ.כ. צופי חיפה,1109,(סגור)קרית ים,1
4266,מ.כ. צופי חיפה,1109,(סגור)קרית ים,1
4267,מ.כ. צופי חיפה,1269,קרית ים סינטטי,1
4268,איחוד הפועל ביר אל מכסור,55,יקנעם,1
4269,איחוד הפועל ביר אל מכסור,55,יקנעם,1
4270,איחוד הפועל ביר אל מכסור,55,יקנעם,1
4271,מכבי צעירי משהד,219,משהד,1
4274,מ.כ. נהלל יזרעאל,250,נהלל,1
4275,מ.כ. נהלל יזרעאל,250,נהלל,1
4276,מ.כ. נהלל יזרעאל,250,נהלל,1
4280,"מכבי גבעתיים ""צו פיוס""",402,רמת גן ספארי (תשיעיות),1
4281,"מכבי גבעתיים ""צו פיוס""",402,רמת גן ספארי (תשיעיות),1
4285,מ.כ. בני כפר יאסיף,603,בענה,1
4286,מ.כ. מועצה איזורית חוף אשקלון,1350,הודיה,1
4288,מכבי בני ג'דידה מכר,79,ג'דידה,1
4317,מ.כ. צופי חיפה,1269,קרית ים סינטטי,1
4318,מ.כ. בני כפר יאסיף,603,בענה,1
4319,"גדנע ת""א רמי",1302,תל אביב גדנע ת״א חדש,1
4334,הפועל גן יבנה,1326,גן יבנה אצטדיון,1
4335,הפועל גן יבנה,1326,גן יבנה אצטדיון,1
4345,איחוד בני עכו,1167,עכו הפועל עכו חדש,1
4346,איחוד בני עכו,294,אבו סנאן,2
4349,מ.כ. עירוני קלנסואה,341,כפר ג'ת המשולש,1
4350,מ.כ. עירוני קלנסואה,341,כפר ג'ת המשולש,1
4351,מ.כ. עירוני קלנסואה,341,כפר ג'ת המשולש,1
4352,מ.כ. עירוני קלנסואה,341,כפר ג'ת המשולש,1
4363,עירוני אשקלון,1145,"אשקלון סינטטי ע""ש איציק ""חיפה"" כהן",1
4364,עירוני אשקלון,1145,"אשקלון סינטטי ע""ש איציק ""חיפה"" כהן",1
4365,עירוני אשקלון,1145,"אשקלון סינטטי ע""ש איציק ""חיפה"" כהן",1
4366,אחווה כפר קרע,89,כפר קרע,1
4369,אחווה כפר קרע,89,כפר קרע,1
4370,אחווה כפר קרע,89,כפר קרע,1
4371,אחווה כפר קרע,89,כפר קרע,1
4375,הפועל אהלי שעב,162,שעב,1
4377,הפועל אהלי שעב,162,שעב,1
4379,הפועל בני פקיעין,290,פקיעין,1
4380,הפועל בני פקיעין,290,פקיעין,1
4388,מ.כ. הפועל רמת ישי,55,יקנעם,1
4389,מ.כ. הפועל רמת ישי,55,יקנעם,1
4391,מ.ס. בני פורדיס,170,פרדיס,1
4393,מ.ס. בני פורדיס,170,פרדיס,1
4405,מ.ס. כאבול,84,כאבול,1
4406,הפועל בסמת טבעון,1309,יפיע סינטטי,1
4407,הפועל בסמת טבעון,1309,יפיע סינטטי,1
4415,מ.ס. כאבול,84,כאבול,1
4419,הפועל בני שמעון,67,מרחבים,1
4428,מועדון השלום מג'דל שמס,1135,מג'דל שמס,1
4430,מכבי גן יבנה,1326,גן יבנה אצטדיון,1
4431,"מכבי גן יבנה ""צו פיוס""",1326,גן יבנה אצטדיון,1
4432,מכבי גן יבנה,1326,גן יבנה אצטדיון,1
4435,מכבי צעירי קלנסואה,102,קלנסואה,1
4436,הפועל גן יבנה,1326,גן יבנה אצטדיון,1
4437,הפועל גן יבנה,1326,גן יבנה אצטדיון,1
4440,מ.כ. קרית אונו,1307,פתח תקוה מושבה צפוני חדש,1
4442,איחוד בני עכו,257,שיח-דנון,1
4446,מ.כ. עירוני קלנסואה,341,כפר ג'ת המשולש,1
4449,עירוני אשקלון,1145,"אשקלון סינטטי ע""ש איציק ""חיפה"" כהן",1
4450,עירוני אשקלון,1145,"אשקלון סינטטי ע""ש איציק ""חיפה"" כהן",1
4453,אחווה כפר קרע,89,כפר קרע,1
4454,אחווה כפר קרע,89,כפר קרע,1
4455,אחווה כפר קרע,89,כפר קרע,1
4457,הפועל אהלי שעב,162,שעב,1
4462,אהלי שפרעם לכדורגל,31,שפרעם,1
4463,אהלי שפרעם לכדורגל,31,שפרעם,1
4464,מ.כ. הפועל רמת ישי,55,יקנעם,1
4465,מ.כ. הפועל רמת ישי,55,יקנעם,1
4486,"מ.כ. ירושלים ""צו פיוס""",1208,ירושלים הר חומה סינטטי,1
4495,הפועל בני פקיעין,290,פקיעין,1
4502,מכבי באר יעקב עמית 1,68,באר יעקב,1
4503,"מכבי באר יעקב עמית 1 ""צו פיוס""",68,באר יעקב,1
4504,מכבי באר יעקב עמית 1,68,באר יעקב,1
4509,מ.ס. קרית חיים,1238,קרית חיים בית נגלר מזרחי (אתוס לשעבר),1
4516,מ.ס. בני הכרמל,57,עספיא,1
4518,מכבי איתחאד מועאוויה,1018,מועאויה,1
4519,מכבי איתחאד מועאוויה,1018,מועאויה,1
4520,מכבי איתחאד מועאוויה,1018,מועאויה,1
4527,מ.ס. כאבול,84,כאבול,1
4528,"הפועל בני שמעון ""צו פיוס""",67,מרחבים,1
4566,"בית""ר מבשרת ציון",120,מבשרת ציון,1
4570,"בית""ר מבשרת ציון",120,מבשרת ציון,1
4573,"בית""ר מבשרת ציון",120,מבשרת ציון,1
4578,מכבי חיפה - פיתוח,271,חיפה קצף תחתון,1
4579,מכבי נתניה - פיתוח,1078,נתניה שפירא,1
4590,מועדון השלום מג'דל שמס,1135,מג'דל שמס,1
4591,מועדון השלום מג'דל שמס,1135,מג'דל שמס,1
4619,מכבי גן יבנה,1326,גן יבנה אצטדיון,1
4625,מכבי עירוני קרית אתא 3,326,קרית אתא,1
4646,מכבי יהוד מונוסון 2,1012,יהוד ק.סביונים,1
4649,מועדון השלום מג'דל שמס,1135,מג'דל שמס,1
4650,מ.ס. עירוני כסייפה,1192,כספייה,1
4651,מ.ס. עירוני כסייפה,1192,כספייה,1
4654,מ.כ. קרית חיים,1239,קרית חיים בית נגלר מערבי (אתוס לשעבר),1
4659,"גדנע ת""א הארבעה",1302,תל אביב גדנע ת״א חדש,1
4666,בני יהודה ת'א,346,תל אביב שכונת התקוה סינטטי 2,1
4671,"בני יהודה ת""א",346,תל אביב שכונת התקוה סינטטי 2,1
4679,הפ' עמק המעיינות ארז,569,קיבוץ מסילות,2
4680,הפ' עמק המעיינות ארז,569,קיבוץ מסילות,2
4681,הפ' עמק המעיינות ארז,569,קיבוץ מסילות,2
4682,בני יהודה ת'א,346,תל אביב שכונת התקוה סינטטי 2,1
4685,מכבי אחווה ירכא,571,ירכא,1
4688,"גדנע ת""א עודד",1302,תל אביב גדנע ת״א חדש,1
4689,מכבי אחווה ירכא,571,ירכא,1
4691,מכבי אחווה ירכא,571,ירכא,1
4693,מכבי אחווה ירכא,571,ירכא,1
4694,מכבי אחווה ירכא,571,ירכא,1
4697,מכבי אחווה ירכא,571,ירכא,1
4699,מכבי אחווה ירכא,571,ירכא,1
4703,הפ' עירוני אור עקיבא,429,אור עקיבא,1
4709,מ.כ. בני דן בית עריף,625,(סגור)אחיסמך,1
4710,מ.כ. בני דן בית עריף,1012,יהוד ק.סביונים,1
4711,מ.כ בני דן בית עריף,1012,יהוד ק.סביונים,1
4718,מ.כ. ג'וליס,204,ג׳וליס,1
4726,א.ס. רמת אליהו מרקו,184,ראשון לציון רמת אליהו,1
4734,הפועל ריינה,1291,ריינה סינטטי,1
4746,מ.כ. גני תקווה 2,1247,גני תקווה,1
4758,מ.כ. כרמל חיפה 2,1159,חיפה אגרטק (אתוס 1 לשעבר),1
4764,"בית""ר נהריה 2",1306,נהריה 3 סינטטי,1
4765,מ.ס. כפר כמא,141,כפר כמא,1
4771,מ.כ. דלית אל כרמל,58,דלית אל כרמל,1
4772,מ.כ. דלית אל כרמל,58,דלית אל כרמל,1
4776,מכבי עספיא,57,עספיא,1
4779,הפועל בני מוסמוס,1018,מועאויה,1
4789,מ.כ. ערד,211,ערד,1
4794,הפועל מיתר,1293,מיתר,1
4801,בני יהודה ת'א,346,תל אביב שכונת התקוה סינטטי 2,1
4821,"בית""ר נהריה 2",1306,נהריה 3 סינטטי,1
4825,מכבי כפר מנדא,152,כפר מנדא חדש,1
4826,מכבי כפר מנדא,152,כפר מנדא חדש,1
4828,הפועל בני עראבה,596,סכנין אימונים סינטטי,2
4829,"מ.כ. קרית חיים ""שמשון ""צו פיוס""",1239,קרית חיים בית נגלר מערבי (אתוס לשעבר),1
4835,מכבי כפר מנדא,152,כפר מנדא חדש,1
4841,מ.ס. כפר קאסם,61,כפר קאסם עליון סינטטי,1
4842,מ.ס. כפר קאסם,61,כפר קאסם עליון סינטטי,1
4845,מכבי כפר מנדא,152,כפר מנדא חדש,1
4846,הפועל כפר ברא,1104,כפר ברא,1
4848,מכבי חיפה גולדשנפלד,1060,מעגן מיכאל,1
4850,מכבי חיפה ישעיהו,636,חיפה קצף סינטטי,1
4851,מכבי הרצליה*ב,334,הרצליה רן 1,2
4852,"בית""ר י-ם",7,(סגור)הר חומה,2
4856,"הפועל כ""ס 2",345,כפר סבא אימונים עליון,2
4858,"הפועל ק""ש",1198,קרית שמונה סינטטי חדש,1
4859,הפ' מרמורק רחובות חיים,12,(סגור)רחובות מרמורק,1
4860,הפ' מרמורק רחובות חיים,12,(סגור)רחובות מרמורק,1
4861,מכבי כפר מנדא,152,כפר מנדא חדש,1
4862,מ.ס. אשדוד,1323,אשדוד סינטטי מזרחי תשעיות,1
4867,מכבי א.עקיבא,429,אור עקיבא,1
4868,מכבי א.עקיבא,429,אור עקיבא,1
4871,הפ' רמות מנשה מגידו,350,רמות מנשה,1
4872,הפ' רמות מנשה מגידו,350,רמות מנשה,1
4884,הפ' בני לוד רכבת,573,לוד אימונים 1,2
4885,הפ' בני לוד רכבת,573,לוד אימונים 1,2
4888,מכבי נתניה 2,1078,נתניה שפירא,1
4895,"הפועל ר""ג דרום",613,רמת גן ספארי,1
4899,"הפועל מגדל העמק ""צו פיוס""",54,מגדל העמק,1
4902,מכבי יהוד,1012,יהוד ק.סביונים,1
4904,"בית""ר גבעת זאב שבי",399,גבעת זאב,1
4906,"מכבי יבנה ""צו פיוס""",349,יבנה דרך הנשיאים,1
4909,הפועל ד.א.כרמל,58,דלית אל כרמל,1
4910,הפועל ד.א. כרמל,58,דלית אל כרמל,1
4911,מ.א. שער הנגב,392,שער הנגב (מכללת ספיר),1
4912,מ.ס. קדימה צורן,464,קדימה,1
4916,מכבי כפר מנדא,152,כפר מנדא חדש,1
4920,מ.ס. פרדס חנה כרכור,1146,פרדס חנה אימונים,1
4921,מ.ס.פ.חנה כרכור,1146,פרדס חנה אימונים,1
4925,"מכבי ת""א",336,תל אביב קרית שלום סינטטי,1
4935,מכבי קרית עקרון,121,קרית עקרון,1
4936,מכבי קרית עקרון,121,קרית עקרון,1
4940,מ.ס. אום אל פאחם,376,(סגור)אום אל פחם ישן,1
4943,הפועל מרחבים,67,מרחבים,1
4946,הפועל עוספיא,57,עספיא,2
4947,הפועל עוספיא,57,עספיא,1
4948,הפועל עוספיא,57,עספיא,1
4949,הפ' בני ג'דידה,79,ג'דידה,1
4950,הפועל מרחבים,67,מרחבים,1
4957,מכבי ע. ג'ת אלאהלי,341,כפר ג'ת המשולש,1
4958,מכבי עירוני ג'ת אלאהלי,341,כפר ג'ת המשולש,1
4960,הפ' יוקנעם ארז,55,יקנעם,1
4966,מ.ס. ג'דידה מכר,79,ג'דידה,1
4967,הפ' עירוני ערערה,1075,ברטעה,2
4969,"בית""ר כפר סבא/שלומי",439,כפר סבא קפלן,1
4970,"בית""ר כ""ס שלומי ""צו פיוס""",439,כפר סבא קפלן,1
4971,"בית""ר כ""ס שלומי ""צו פיוס""",439,כפר סבא קפלן,1
4973,הפ' איחוד בני סמיע,165,כפר סמיע,1
4974,הפ' איחוד בני סמיע,165,כפר סמיע,1
4980,מכבי דלית אל כרמל,58,דלית אל כרמל,1
4981,הפועל כאוכב,80,כאוכב,1
4983,"בית""ר גבעת זאב",399,גבעת זאב,1
4984,הפ' גבעת אולגה 1,50,חדרה בית אליעזר,1
4985,הפ' גבעת אולגה,18,(סגור)חדרה הפועל חדרה,1
4986,"הפ' נחלת יהודה ראשל""צ",397,ראשון לציון תיכון עמית,1
4992,מכבי א.א.פאחם,367,אום אל פחם,1
4993,א.ס.רמת אליהו,184,ראשון לציון רמת אליהו,1
4996,מכבי ע. כפר יונה עוזי,161,כפר יונה,1
4997,מכבי ע. כפר יונה,161,כפר יונה,1
5000,הפועל ע.ס מבשרת ציון,120,מבשרת ציון,1
5001,"הפ' בית אליעזר ""צו פיוס""",50,חדרה בית אליעזר,1
5002,הפועל מ.א.משגב,513,משגב,1
5004,מכבי אום אל פאחם,367,אום אל פחם,1
5009,הפ' בית אליעזר,56,(סגור)חדרה גבעת אולגה,1
5012,הפועל מטה אשר,1103,עין המפרץ נעמן,1
5018,"מ.ס.דימונה ברק ""צו פיוס""",1294,דימונה סינטטי חדש,1
5029,הפועל עליה כפ״ס,1004,"כפר סבא עליה כ""ס",1
5037,הפועל פרדסייה,105,פרדסיה,1
5046,מ.כ.בנימינה,606,בנימינה,1
5047,מ.כ.בנימינה,606,בנימינה,1
5048,מ.כ.בנימינה,606,בנימינה,1
5057,הפועל אסי גלבוע,325,תענך גוש יעל/אסי גלבוע,1
5058,"הפועל חוף הכרמל / מ""מ",1060,מעגן מיכאל,1
5060,"מכבי פ""ת",1307,פתח תקוה מושבה צפוני חדש,1
5062,מכבי ע. טירת הכרמל ציון מזרחי,32,טירת כרמל,1
5063,הפועל נהריה,30,(סגור)נהריה,1
5067,"בית""ר פרדס חנה",1146,פרדס חנה אימונים,1
5070,מכבי שעריים רחובות,1212,רחובות שעריים וייסגל סינטטי,1
5073,הפועל נהריה,575,קיבוץ סער,1
5074,"בית""ר טוברוק 2",13,נתניה טוברוק,2
5075,מ.כ.אחווה עראבה,80,כאוכב,1
5078,"הפ' ת""א בובליל",574,תל אביב וולפסון 4,1
5086,מ.ס. ג'דידה מכר,79,ג'דידה,1
5087,"מכבי פ""ת צפון",1307,פתח תקוה מושבה צפוני חדש,1
5088,מ.ס. ג'דידה מכר,79,ג'דידה,1
5090,מ.ס. כפר קאסם,61,כפר קאסם עליון סינטטי,1
5091,הפועל אשכול,132,נופי הבשור מועצה אזורית אשכול,1
5092,מ.ס. קדימה צורן 2,464,קדימה,1
5093,מ.ס. קדימה צורן,464,קדימה,1
5097,"מכבי השקמה חן ""צו פיוס""",181,רמת גן השקמה,1
5101,"בית""ר חיפה",1159,חיפה אגרטק (אתוס 1 לשעבר),1
5103,מכבי ע.ק. אתא,326,קרית אתא,1
5104,מכבי סקציה מעלות תרשיחא,44,מעלות,1
5105,הפועל עוספיא,57,עספיא,1
5106,מ.א. שער הנגב,392,שער הנגב (מכללת ספיר),1
5107,מכבי ע.ט.הכרמל גל קובי,32,טירת כרמל,1
5108,מכבי ע.ט.כרמל גל קובי,32,טירת כרמל,1
5109,"בני יהודה ת""א צפון שמעון שנהר",464,קדימה,2
5110,"בני יהודה ת""א צפון ""צו פיוס""",346,תל אביב שכונת התקוה סינטטי 2,1
5113,הפ' ניר רמת השרון צפון,1281,רמת השרון סינטטי קטן,1
5115,"בית""ר ע.מעלה אדומים",515,מעלה אדומים אצטדיון טוטו,1
5118,"בית""ר ע.מעלה אדומים ""צו פיוס""",515,מעלה אדומים אצטדיון טוטו,1
5119,"בית""ר ע.מעלה אדומים ""צו פיוס""",515,מעלה אדומים אצטדיון טוטו,1
5120,"בית""ר ע.מעלה אדומים ""צו פיוס""",515,מעלה אדומים אצטדיון טוטו,1
5121,"בית""ר ע.מעלה אדומים ""צו פיוס""",515,מעלה אדומים אצטדיון טוטו,1
5123,"בית""ר י-ם 1",188,ירושלים בית וגן 2 עליון סינטטי,1
5124,מ.כ. בנימינה,606,בנימינה,1
5125,מ.כ.בנימינה,606,בנימינה,1
5129,מכבי ע. כפר יונה,161,כפר יונה,1
5130,מכבי ע. כפר יונה,161,כפר יונה,1
5131,מכבי ע. כפר יונה,161,כפר יונה,1
5133,הפועל מגדל העמק,54,מגדל העמק,1
5138,הכח מכבי עמידר ר'ג,402,רמת גן ספארי (תשיעיות),1
5140,"הכח מכבי עמידר ר""ג 1",181,רמת גן השקמה,2
5142,"הכח מכבי עמידר ר""ג דרום",181,רמת גן השקמה,2
5144,"הכח מכבי עמידר ר""ג צפון",613,רמת גן ספארי,1
5145,"הכח מכבי עמידר ר""ג צפון",613,רמת גן ספארי,1
5146,"הכח מכבי עמידר ר""ג צפון",19,רמת גן רמת עמידר,1
5147,"הכח מכבי עמידר ר""ג צפון",16,רמת גן וינטר,1
5148,"הכח מכבי עמידר ר""ג דרום",16,רמת גן וינטר,1
5150,מכבי עירוני חורה,1144,רהט בני אל סאלם רהט,1
5156,מ.ס. אום אל פאחם,376,(סגור)אום אל פחם ישן,2
5157,מ.ס. אום אל פאחם,376,(סגור)אום אל פחם ישן,1
5158,מ.ס. א.א. פאחם,376,(סגור)אום אל פחם ישן,2
5159,מ.ס. אום אל פאחם,411,אום אל פאחם סינטטי,1
5160,"הפ' נחלת יהודה ראשל""צ",397,ראשון לציון תיכון עמית,1
5165,הפועל סכנין,981,סכנין אימונים,2
5166,מכבי השקמה חן,181,רמת גן השקמה,1
5167,"הפועל ת""א צפון",1351,תל אביב ספורטק צפון מגרש מערבי,1
5170,הפ' נ.עילית ע.יזרעאל 1,33,נוף הגליל אצטדיון בראל,1
5172,הפ' נוף הגליל,1318,נוף הגליל סינטטי חדש,1
5177,מ.ס. ג'וליס,204,ג׳וליס,1
5178,מ.ס. ג'וליס,204,ג׳וליס,1
5179,מ.ס ג'וליס,204,ג׳וליס,1
5180,מ.ס. ג'וליס,204,ג׳וליס,1
5183,"בית""ר כפר סבא/שלומי",439,כפר סבא קפלן,1
5184,"בית""ר כ""ס שלומי",282,כפר סבא אימונים תחתון (סינטטי),1
5187,שמשון בני טייבה 2,53,טייבה,1
5188,שמשון בני טייבה,53,טייבה,1
5192,הפועל נהריה,30,(סגור)נהריה,1
5193,מכבי אום אל פאחם,367,אום אל פחם,1
5194,הפועל מגדל העמק,54,מגדל העמק,1
5195,מכבי עירוני חורה,562,רהט הפועל רהט,1
5197,"בית""ר י-ם צפון",187,ירושלים בית וגן 1 תחתון,2
5198,הפועל אסי גלבוע,325,תענך גוש יעל/אסי גלבוע,1
5199,הפועל אסי גלבוע,325,תענך גוש יעל/אסי גלבוע,1
5200,הפועל עליה כפ״ס,1004,"כפר סבא עליה כ""ס",1
5202,"הכח מכבי עמידר ר""ג דרום",19,רמת גן רמת עמידר,1
5209,הפועל ג'לג'וליה,62,ג'לגו'ליה,1
5214,מ.כ.אחוה עראבה,596,סכנין אימונים סינטטי,1
5217,מ.כ.ע. אור יהודה,39,אור יהודה,1
5218,מ.כ. ע. אור יהודה,39,אור יהודה,1
5219,"מ.כ. אור יהודה ""צו פיוס""",39,אור יהודה,1
5223,"בית""ר תל אביב חולון",344,בת ים אימונים 1,1
5224,הפועל תל שבע,597,תל שבע,1
5225,הפועל תל שבע,597,תל שבע,1
5226,מ.ס. ג'וליס,204,ג׳וליס,1
5232,ס. נס ציונה,1303,נס ציונה אימונים סינטטי חדש,1
5233,ס. נס ציונה,1303,נס ציונה אימונים סינטטי חדש,1
5234,ס. נס ציונה,1303,נס ציונה אימונים סינטטי חדש,1
5235,ס. נס ציונה,1303,נס ציונה אימונים סינטטי חדש,1
5237,מ.ס. ג'וליס,204,ג׳וליס,1
5238,"מ.כ.מג'דל כרום""שאגור""",81,נחף,1
5239,מ.כ.כרום שאגור,48,מג'ד אל כרום,1
5243,מכבי באר יעקב,68,באר יעקב,1
5244,מכבי באר יעקב שמוליק סלומון,68,באר יעקב,1
5248,מ.ס. טירה,106,טירה,1
5249,מ.ס. טירה,106,טירה,1
5250,מ.ס. טירה,106,טירה,1
5251,מ.ס. טירה,106,טירה,1
5254,הפועל ערד,211,ערד,1
5260,מכבי חדרה,18,(סגור)חדרה הפועל חדרה,1
5261,מכבי חדרה,34,(סגור)מכבי חדרה,1
5270,מכבי שוהם,608,שוהם,1
5271,מכבי שוהם צפון,608,שוהם,1
5273,מכבי עמק חפר,352,קיבוץ גבעת חיים,1
5275,מ.כ.צעירי ביר מכסור,295,(סגור)ביר אל מכסור,1
5283,מכבי אור עקיבא,429,אור עקיבא,1
5286,מ.ס.קדימה צורן,464,קדימה,1
5287,מכבי שעריים רחובות,1212,רחובות שעריים וייסגל סינטטי,1
5291,מכבי עירוני חורה,1144,רהט בני אל סאלם רהט,1
5294,מכבי כפר קנא,78,כפר כנא,1
5296,"בית""ר טוברוק 2",13,נתניה טוברוק,1
5298,איחוד בני בקה,1142,בקה אל גרביה סינטטי,1
5299,איחוד בני בקה,1142,בקה אל גרביה סינטטי,1
5300,איחוד בני בקה 2,1142,בקה אל גרביה סינטטי,1
5309,"בני יהודה ת""א צפון",346,תל אביב שכונת התקוה סינטטי 2,1
5310,שמשון בני טייבה,53,טייבה,1
5321,"מכבי פ""ת ""חיים הנדלר""",954,פתח תקוה מכבי סינטטי,1
5322,הפ' בני לוד רכבת,573,לוד אימונים 1,2
5324,"בני יהודה ת""א צפון",190,"(סגור)תל אביב שמשון ת""א-ספורטק",1
5326,מכבי באר יעקב,68,באר יעקב,1
5327,מכבי באר יעקב,68,באר יעקב,1
5328,מכבי באר יעקב,68,באר יעקב,1
5331,מ.ס.קדימה צורן,464,קדימה,1
5332,מ.ס. קדימה צורן,464,קדימה,1
5334,מ.ס.א.א.פאחם,376,(סגור)אום אל פחם ישן,2
5335,מ.ס.א.א.פאחם,376,(סגור)אום אל פחם ישן,2
5336,"בית""ר י-ם צפון",188,ירושלים בית וגן 2 עליון סינטטי,1
5337,מכבי יהוד,1012,יהוד ק.סביונים,1
5338,מכבי יהוד,1012,יהוד ק.סביונים,1
5339,"בית""ר חיפה",1159,חיפה אגרטק (אתוס 1 לשעבר),1
5342,מ.כ.עירוני אור יהודה,39,אור יהודה,1
5343,הפועל עוספיא,57,עספיא,1
5347,הפועל איכסל,237,איכסל,1
5348,הפועל איכסל,237,איכסל,1
5351,מכבי שוהם,608,שוהם,1
5352,מכבי שוהם,608,שוהם,1
5356,מכבי ברקאי,512,קיבוץ ברקאי,1
5357,"מכבי ברקאי ""צו פיוס""",512,קיבוץ ברקאי,1
5360,"מכבי ברקאי ""צו פיוס""",512,קיבוץ ברקאי,1
5361,"מכבי ברקאי ""צו פיוס""",512,קיבוץ ברקאי,1
5362,"מכבי ברקאי ""צו פיוס""",512,קיבוץ ברקאי,1
5363,מכבי ברקאי,512,קיבוץ ברקאי,1
5364,מכבי כנות,583,כנות,1
5367,הפ' אחוה חיפה,602,חיפה אבי רן 2,2
5368,"הפועל אורנית ""צו פיוס""",516,אורנית,1
5370,"בית""ר עירוני מעלה אדומים ""צו פיוס""",515,מעלה אדומים אצטדיון טוטו,1
5371,"בית""ר ע. מעלה אדומים 2",515,מעלה אדומים אצטדיון טוטו,1
5373,"הפ' ראשל""צ מערב",361,ראשון לציון סופרלנד מערבי סינטטי,1
5374,"הפ' ראשל""צ מערב",361,ראשון לציון סופרלנד מערבי סינטטי,1
5377,"בית""ר תל אביב חולון",1316,חולון טוטו,1
5378,איחוד בני בקה,1142,בקה אל גרביה סינטטי,1
5379,איחוד בני בקה,1142,בקה אל גרביה סינטטי,1
5380,הפ' יוקנעם ארז,55,יקנעם,1
5381,מ.כ.בנימינה,606,בנימינה,1
5382,"גדנע ת""א שוני",1302,תל אביב גדנע ת״א חדש,1
5383,"הפועל ת""א צפון",1351,תל אביב ספורטק צפון מגרש מערבי,1
5387,מ.א. שער הנגב,392,שער הנגב (מכללת ספיר),1
5388,מ.א. שער הנגב,392,שער הנגב (מכללת ספיר),1
5391,מכבי ע.שדרות,66,שדרות,1
5398,מ.כ.מ.כרום שאגור,603,בענה,2
5399,מכבי סקציה מעלות תרשיחא,44,מעלות,1
5402,הפ' עירוני חצור,231,חצור,1
5404,הפועל נהריה,30,(סגור)נהריה,1
5405,הפועל רעננה צפון,363,רעננה פארק צפוני סינטטי,1
5406,הפועל אזור,41,אזור,1
5407,"הפועל אזור ""צו פיוס""",41,אזור,1
5408,הפ' בני ג'סר אל זרקה,296,ג'סר אל זרקה,1
5409,הפועל עליה כפ״ס,1004,"כפר סבא עליה כ""ס",1
5411,מ.כ.צעירי ביר מכסור,295,(סגור)ביר אל מכסור,1
5417,בני אילת,584,אילת החוף הצפוני,1
5421,מכבי ע.ג'ת אלאהלי,341,כפר ג'ת המשולש,1
5425,מ.כ. אחווה עראבה,596,סכנין אימונים סינטטי,1
5426,"בית""ר ע.מעלה אדומים ""צו פיוס""",515,מעלה אדומים אצטדיון טוטו,1
5430,"ע. בית שמש ""צו פיוס""",1266,בית שמש אצטדיון,1
5433,מ.ס. טירה,106,טירה,1
5437,מכבי א.עקיבא,429,אור עקיבא,1
5438,מכבי ע.יפיע,99,יפיע,1
5439,מכבי ע.יפיע,99,יפיע,1
5440,מכבי קרית עקרון,121,קרית עקרון,1
5443,מכבי אחי איכסל,237,איכסל,1
5444,בני סכנין,596,סכנין אימונים סינטטי,1
5445,מכבי ע.יפיע,99,יפיע,1
5447,מכבי קרית מלאכי,45,קרית מלאכי,1
5450,"בית""ר חיפה",1159,חיפה אגרטק (אתוס 1 לשעבר),1
5451,"הפועל ק""ש",1198,קרית שמונה סינטטי חדש,1
5458,ע.טבריה,14,טבריה,1
5462,הפועל עליה כפ״ס,1004,"כפר סבא עליה כ""ס",1
5463,מכבי נתניה 3,1078,נתניה שפירא,1
5464,"בית""ר תל אביב חולון",1316,חולון טוטו,1
5474,מ.כ. נוה יוסף 2,1160,חיפה אגרטק (אתוס 2 לשעבר),1
5485,"מכבי פ""ת רום וילדר צפון",1307,פתח תקוה מושבה צפוני חדש,1
5486,הפועל ראשון לציון מערב,361,ראשון לציון סופרלנד מערבי סינטטי,1
5487,הפועל רהט,562,רהט הפועל רהט,1
5488,מכבי חיפה חיים,270,חיפה קצף עליון,1
5489,"בית""ר גבעת זאב",399,גבעת זאב,1
5490,"הכח מכבי עמידר ר""ג דרום",181,רמת גן השקמה,1
5491,הפועל עוספיא,57,עספיא,2
5494,מכבי שוהם,608,שוהם,1
5496,"בית""ר י-ם צפון",188,ירושלים בית וגן 2 עליון סינטטי,1
5497,"מכבי רחובות ""צו פיוס""",1215,רחובות מכבי רחובות וייסגל סינטטי,1
5498,הפ' ר.מנשה מגידו,350,רמות מנשה,1
5499,"בית""ר טוברוק 1",611,טוברוק אימונים,1
5500,"הפועל חוף הכרמל / מ""מ",1060,מעגן מיכאל,1
5502,הפועל אזור,41,אזור,1
5504,מ.ס. בני קלנסואה,62,ג'לגו'ליה,1
5505,מ.ס. בני קלנסואה,102,קלנסואה,1
5506,בני אילת,1312,אילת קרית הספורט סינטטי,1
5508,הפועל הרצליה עירוני,588,הרצליה רן 2 (ילדים וטרומים),1
5509,מ.כ. בנימינה 2,606,בנימינה,1
5515,מ.ס.פרדס חנה כרכור 2,91,פרדס חנה,1
5518,הפ' אחוה חיפה,1159,חיפה אגרטק (אתוס 1 לשעבר),2
5520,מ.כ. צעירי ביר אל מכסור,152,כפר מנדא חדש,1
5523,מכבי עירוני יפיע,99,יפיע,1
5529,"בית""ר פרדס חנה אורי",1146,פרדס חנה אימונים,1
5531,מכבי עירוני יפיע,99,יפיע,1
5532,מכבי עירוני יפיע,99,יפיע,1
5541,"מכבי עמישב פ""ת ""צו פיוס""",595,פתח תקוה סירקין ספורטק אצטדיון,1
5547,הפ' בני מוסמוס,1075,ברטעה,1
5554,בני יצ'אלאל רחובות,1215,רחובות מכבי רחובות וייסגל סינטטי,1
5555,בני יצ'אלאל רחובות,1215,רחובות מכבי רחובות וייסגל סינטטי,1
5557,"בית""ר א.א.פאחם",411,אום אל פאחם סינטטי,1
5560,הפועל הרצליה עירוני,588,הרצליה רן 2 (ילדים וטרומים),1
5564,איחוד בני בקה,1142,בקה אל גרביה סינטטי,1
5569,מכבי פרדיס,170,פרדיס,1
5570,מכבי ע. ג'ת אלאהלי,341,כפר ג'ת המשולש,1
5573,הפ' בני ג'סר אל זרקה,296,ג'סר אל זרקה,1
5576,הפועל כפר כנא,78,כפר כנא,1
5578,"הפ' ראשל""צ מערב",1061,ראשון לציון סופרלנד מרכזי תשעיות,1
5585,"הפ' מרמורק רחובות חיים ""צו פיוס""",1215,רחובות מכבי רחובות וייסגל סינטטי,1
5586,"מ.כ. מתנ""ס גן יבנה",984,(סגור)גן יבנה,1
5588,מכבי כוכב יאיר צור יגאל,570,קיבוץ אייל,1
5589,מכבי כוכב יאיר צור יגאל,570,קיבוץ אייל,1
5590,מכבי כוכב יאיר צור יגאל,570,קיבוץ אייל,1
5591,מכבי כוכב יאיר צור יגאל,570,קיבוץ אייל,1
5592,מכבי כוכב יאיר צור יגאל,570,קיבוץ אייל,1
5593,הפועל אורנית,516,אורנית,1
5594,הפועל מרחבים,67,מרחבים,1
5602,מכבי ק.עקרון,121,קרית עקרון,1
5607,מ.כ. בנימינה,606,בנימינה,1
5608,הפועל דיר חנא,317,דיר חנא,1
5609,מכבי עירוני ג'ת אלאהלי,341,כפר ג'ת המשולש,1
5612,מכבי דלית אל כרמל,58,דלית אל כרמל,1
5613,"בני יהודה ת""א צפון",464,קדימה,2
5621,מכבי ע.טירת הכרמל גל קובי,32,טירת כרמל,1
5624,מכבי בני נחף קאסם,81,נחף,1
5625,הפ' הוד השרון 2,1116,הוד השרון גני צבי-תשיעיות,1
5627,הפועל רעננה,635,רעננה פארק דרומי,2
5629,"הפועל פ""ת מני בסון",1136,פתח תקוה מושבה דרומי,1
5631,"בני יהודה ת""א צפון 2",464,קדימה,2
5632,"הפועל ת""א",417,תל אביב וולפסון 2,1
5633,"בית""ר ר""ג",225,רמת גן אימונים,2
5634,"הפועל כ""ס",345,כפר סבא אימונים עליון,2
5635,"מכבי פ""ת עמיחי כרמלי",954,פתח תקוה מכבי סינטטי,1
5637,הפועל רג דרום,402,רמת גן ספארי (תשיעיות),1
5638,הפועל רמת גן,613,רמת גן ספארי,1
5639,ביתר טוברוק,13,נתניה טוברוק,1
5641,מ.ס.טירה,106,טירה,1
5642,"הפ' רמה""ש עירוני",260,(סגור)רמת השרון אימונים,2
5648,"מ.ס. ב""ש ""צו פיוס""",1253,באר שבע רייסר 1 סינטטי,1
5649,"מ.ס. ב""ש 2 ""צו פיוס""",1253,באר שבע רייסר 1 סינטטי,1
5650,"מ.ס. ב""ש ""צו פיוס""",1253,באר שבע רייסר 1 סינטטי,1
5651,"מ.ס. ב""ש ""צו פיוס""",1254,באר שבע רייסר 2 סינטטי,1
5652,"מ.ס. ב""ש",1253,באר שבע רייסר 1 סינטטי,1
5653,"מ.ס. ב""ש",1253,באר שבע רייסר 1 סינטטי,2
5654,מכבי הרצליה צפון,588,הרצליה רן 2 (ילדים וטרומים),1
5655,מ.ס. בני קלנסואה,102,קלנסואה,1
5656,"מכבי פ""ת אייל טייבי צפון",1307,פתח תקוה מושבה צפוני חדש,1
5657,מכבי עירוני חורה,1144,רהט בני אל סאלם רהט,1
5658,הפ' בני לוד רכבת,573,לוד אימונים 1,2
5659,"בית""ר חיפה",1159,חיפה אגרטק (אתוס 1 לשעבר),1
5660,הפועל עכו 1,1167,עכו הפועל עכו חדש,1
5661,הפ' גבעת אולגה,56,(סגור)חדרה גבעת אולגה,2
5663,הפועל חדרה,1264,חדרה רמדה,1
5664,הפועל חדרה,50,חדרה בית אליעזר,1
5665,הפועל חדרה,50,חדרה בית אליעזר,1
5666,הפ' חדרה שולם שוורץ,50,חדרה בית אליעזר,1
5667,"בית""ר גבעת זאב",399,גבעת זאב,1
5668,הפ' בית אליעזר,50,חדרה בית אליעזר,1
5671,מכבי ע. כפר יונה 2,161,כפר יונה,1
5672,שמשון בני טייבה,53,טייבה,1
5673,מכבי אחי נצרת,331,נצרת עילוט אימונים סינטטי,1
5675,"הפ' נחלת יהודה ראשל""צ 2",153,(סגור)ראשון לציון נחלת יהודה,1
5676,הפ' הוד השרון צפון,1116,הוד השרון גני צבי-תשיעיות,1
5677,הפ' עירוני ערערה,88,ערערה,1
5681,הפועל תל שבע,597,תל שבע,1
5682,מכבי יהוד,1012,יהוד ק.סביונים,1
5686,מ.כ. בנימינה,606,בנימינה,1
5687,מכבי צור שלום ק. ביאליק,174,צור שלום,1
5689,"מ.ס. ראשל""צ",397,ראשון לציון תיכון עמית,1
5690,מכבי א.א. פאחם,367,אום אל פחם,1
5691,בני יצ'אלאל רחובות,1215,רחובות מכבי רחובות וייסגל סינטטי,1
5692,בני יצ'אלאל רחובות,12,(סגור)רחובות מרמורק,2
5694,עירוני בני כאבול,84,כאבול,1
5697,מ.ס. כפר קאסם,61,כפר קאסם עליון סינטטי,1
5698,מ.ס כפר קאסם,142,(סגור)כפר קאסם תחתון,1
5699,"הפ' ראשל""צ מערב",1061,ראשון לציון סופרלנד מרכזי תשעיות,1
5700,"מכבי עמישב פתח תקווה ""צו פיוס""",595,פתח תקוה סירקין ספורטק אצטדיון,1
5701,הפועל כפר ברא,1104,כפר ברא,1
5702,הפועל דיר חנא,317,דיר חנא,1
5704,מכבי באר יעקב,68,באר יעקב,1
5706,ס.ציונה,1303,נס ציונה אימונים סינטטי חדש,1
5707,מכבי כפר כנא,78,כפר כנא,1
5708,"מ.כ. מתנ""ס גן יבנה",984,(סגור)גן יבנה,1
5709,"מ.כ. מתנ""ס גן יבנה",984,(סגור)גן יבנה,1
5711,"ע. בית דגן ""צו פיוס""",124,בית דגן,1
5712,"הפועל ""יהודה"" אזור ""צו פיוס""",41,אזור,1
5714,מכבי ע. טירת הכרמל גל קובי,32,טירת כרמל,1
5715,מכבי ע. טירת הכרמל גל קובי,32,טירת כרמל,1
5718,"בית""ר נהריה 2",1306,נהריה 3 סינטטי,1
5719,"בית""ר נהריה",1305,נהריה 2 סינטטי,1
5721,הפועל נהריה,575,קיבוץ סער,1
5723,א.ס. רמת אליהו מערב,184,ראשון לציון רמת אליהו,1
5724,מכבי ע. יפיע,1309,יפיע סינטטי,1
5729,הפ' מועאויה עירוני,1075,ברטעה,1
5730,הפועל סכנין 1,981,סכנין אימונים,2
5731,הפועל סכנין 2,981,סכנין אימונים,2
5732,מ.ס. כדורגל נשר,1006,נשר אצטדיון,2
5733,עירוני נשר,1006,נשר אצטדיון,1
5734,"עירוני נשר ""צו פיוס""",1006,נשר אצטדיון,1
5735,עירוני נשר,1006,נשר אצטדיון,2
5736,עירוני נשר,1026,נשר סינטטי,1
5737,מ.ס. כדורגל נשר,1006,נשר אצטדיון,1
5739,מכבי עירוני חורה,1144,רהט בני אל סאלם רהט,1
5742,מ.ס.   קרית גת,340,קרית גת אימונים,1
5743,מ.ס. קרית גת,77,(סגור)קרית גת,1
5745,הפועל הרצליה עירוני,588,הרצליה רן 2 (ילדים וטרומים),1
5746,הפ' בני מוסמוס מעלה עירון,1018,מועאויה,1
5747,הפ' בני מוסמוס מעלה עירון,1018,מועאויה,1
5748,מכבי ע. ג'ת אלאהלי,341,כפר ג'ת המשולש,1
5750,א.ס. חולון מור,1082,"(סגור)חולון אימונים ע""י בית העלמין",1
5752,אחי עכו,21,עכו אצטדיון טוטו,1
5753,אחי עכו,21,עכו אצטדיון טוטו,1
5755,הפ' איחוד אעבלין,236,אעבלין,1
5760,מכבי ע. בת ים,344,בת ים אימונים 1,1
5761,"מכבי ע. בת ים דרום ""צו פיוס""",245,בת ים אצטדיון טוטו,1
5762,"מכבי ע. בת ים דרום ""צו פיוס""",245,בת ים אצטדיון טוטו,1
5763,"מכבי ע. בת ים דרום ""צו פיוס""",245,בת ים אצטדיון טוטו,1
5764,מכבי ע. בת ים צפון,344,בת ים אימונים 1,1
5765,מכבי ע. בת ים,245,בת ים אצטדיון טוטו,1
5766,הפ' איחוד אעבלין,236,אעבלין,1
5767,"מ.כ. מתנ""ס גן יבנה",984,(סגור)גן יבנה,1
5771,"מ.כ. מזכרת בתיה ""צו פיוס""",122,"מזכרת בתיה ע""ש אדיר פורטוגל",1
5777,מ.ס. דבוריה,293,דבוריה,1
5778,מ.ס. דבוריה,293,דבוריה,1
5782,מ.ס. צעירי טייבה,53,טייבה,1
5783,מ.ס. צעירי טייבה,53,טייבה,1
5784,מ.ס. צעירי טייבה,53,טייבה,1
5790,"בית""ר ע.אריאל",255,אריאל,1
5793,הפועל בני בענה,603,בענה,1
5795,מ.ס. שיכון המזרח,233,ראשון לציון מתחת לגשר,1
5796,הפ' הוד השרון ע.,1116,הוד השרון גני צבי-תשיעיות,1
5797,"מ.ס. רשת מתנ""סים טבעון ""צו פיוס""",200,קרית טבעון,1
5798,"מ.ס. רשת מתנ""סים טבעון",200,קרית טבעון,1
5801,מ.ס. בני יפו,63,תל אביב יפו צעירי יפו,1
5802,מ.ס.בני יפו,63,תל אביב יפו צעירי יפו,1
5803,מ.ס. בני יפו,63,תל אביב יפו צעירי יפו,1
5804,מ.ס. בני יפו,63,תל אביב יפו צעירי יפו,1
5805,מ.ס. בני יפו,63,תל אביב יפו צעירי יפו,1
5807,אחי עכו,560,(סגור)עכו עתיקה,1
5809,אחי עכו,560,(סגור)עכו עתיקה,1
5811,מ.ס.מועדון שיכון המזרח,233,ראשון לציון מתחת לגשר,1
5812,מ.ס. שיכון המזרח,233,ראשון לציון מתחת לגשר,1
5814,מכבי בני נחף קאסם,81,נחף,1
5815,מכבי בני נחף קאסם,81,נחף,1
5817,"בית""ר נהריה",1306,נהריה 3 סינטטי,1
5820,הפ' בני אעבלין,236,אעבלין,1
5822,הפ' בני אעבלין,236,אעבלין,1
5824,מ.ס. לוד,15,לוד אצטדיון טוטו רגב,1
5825,"בית""ר א.א. פאחם",411,אום אל פאחם סינטטי,1
5826,מ.כ. בני עראבה,163,עראבה,1
5827,"בית""ר א.א.פאחם",411,אום אל פאחם סינטטי,1
5831,מכבי ע. ברטעה,1075,ברטעה,1
5832,"בית""ר י-ם",188,ירושלים בית וגן 2 עליון סינטטי,1
5836,הפ' בני מוסמוס מעלה עירון,1018,מועאויה,1
5837,מ.ס. לוד,15,לוד אצטדיון טוטו רגב,1
5838,הפועל שפרעם,31,שפרעם,1
5839,הפועל שפרעם,31,שפרעם,1
5840,מכבי חיפה 'הלד',270,חיפה קצף עליון,1
5843,"מ.כ. מתנ""ס גן יבנה",984,(סגור)גן יבנה,1
5848,הפועל עמק הירדן,1147,קיבוץ מעגן,1
5850,הפועל עמק הירדן,1147,קיבוץ מעגן,1
5856,הפועל מטה אשר,342,ראש הנקרה,1
5864,"הפועל בית שאן מסילות ארז ""צו פיוס""",365,בית שאן אימונים,1
5865,הפ' בית שאן מסילות,365,בית שאן אימונים,1
5866,הפועל בית שאן מסילות אברהמל 'ה,365,בית שאן אימונים,1
5867,הפ' בני לוד רכבת,573,לוד אימונים 1,2
5868,הפ' בני לוד רכבת,573,לוד אימונים 1,2
5870,"מ.ס. רשת מתנ""סים טבעון ""צו פיוס""",200,קרית טבעון,1
5871,"מ.ס. רשת מתנ""סים טבעון",200,קרית טבעון,1
5872,הפ' הוד השרון 2,1116,הוד השרון גני צבי-תשיעיות,1
5873,הפ' הוד השרון 2,284,הוד השרון גני צבי,1
5874,הפועל הרצליה עירוני,588,הרצליה רן 2 (ילדים וטרומים),1
5875,מ.ס. צעירי טייבה,53,טייבה,1
5877,מ.ס. צעירי טייבה,53,טייבה,1
5878,מ.ס. צעירי טייבה,53,טייבה,1
5884,עירוני בני כאבול,84,כאבול,1
5885,הפ' נצרת עילית,617,נוף הגליל אימונים,1
5887,"מ.ס. קדימה צורן ""צו פיוס""",464,קדימה,1
5888,איחוד בני מג'דל כרום,48,מג'ד אל כרום,1
5889,עירוני בית דגן,124,בית דגן,1
5891,עירוני בית דגן,124,בית דגן,1
5892,הפועל חיפה,359,קרית חיים-2,2
5894,מ.ס. שיכון המזרח,233,ראשון לציון מתחת לגשר,1
5897,אחי עכו,560,(סגור)עכו עתיקה,1
5898,אחי עכו,21,עכו אצטדיון טוטו,1
5899,"הפועל ""יהודה"" אזור",41,אזור,1
5905,הפועל עירוני כרמיאל,580,כרמיאל,1
5906,הפועל עירוני כרמיאל,580,כרמיאל,1
5907,הפועל עירוני כרמיאל,580,כרמיאל,1
5910,מ.ס. קרית גת,77,(סגור)קרית גת,1
5911,הפועל דיר חנא,317,דיר חנא,1
5912,"הפועל דיר חנא ""חג'ה סבריה""",317,דיר חנא,1
5913,מ.כ. מג'דל כרום שאגור,224,כפר יאסיף,2
5915,מכבי א.א. פאחם,411,אום אל פאחם סינטטי,1
5916,הפ' מחנה דרום דניס יקימוב,197,פתח תקוה מחנה יהודה,1
5919,מ.כ. ע. אור יהודה,39,אור יהודה,1
5924,א.ס. רמת אליהו מערב,184,ראשון לציון רמת אליהו,1
5925,הפועל אשכול,132,נופי הבשור מועצה אזורית אשכול,1
5926,מכבי עירוני ברטעה,88,ערערה,1
5927,מכבי עירוני ברטעה,88,ערערה,1
5928,מכבי ע.ג'ת אלאהלי 2,341,כפר ג'ת המשולש,1
5929,בני סכנין,596,סכנין אימונים סינטטי,1
5930,בני סכנין 1,596,סכנין אימונים סינטטי,1
5931,בני סכנין,596,סכנין אימונים סינטטי,1
5932,מ.ס. בני קלנסואה,62,ג'לגו'ליה,2
5933,מ.ס. בני קלנסואה,102,קלנסואה,1
5934,מ.ס. בני קלנסואה,102,קלנסואה,1
5935,מכבי הרצליה,334,הרצליה רן 1,2
5936,הפועל ג'לג'וליה,62,ג'לגו'ליה,1
5937,הפועל ג'לג'וליה,62,ג'לגו'ליה,1
5938,בני סכנין 2,596,סכנין אימונים סינטטי,1
5940,מ.ס. כפר קמא,141,כפר כמא,1
5941,מ.ס. כפר קמא,141,כפר כמא,1
5942,מ.ס. כפר קמא,141,כפר כמא,1
5944,הפ' בני מוסמוס מעלה עירון,1075,ברטעה,1
5945,מ.ס. לוד,572,לוד אימונים-2,2
5946,מ.ס. לוד,15,לוד אצטדיון טוטו רגב,1
5947,הפ' בני מוסמוס מעלה עירון,367,אום אל פחם,1
5948,הפועל אורנית,516,אורנית,1
5949,בני יצ'אלאל רחובות,238,(סגור)רחובות מכבי רחובות קריית משה,1
5951,הפועל בני מג'אר,73,מג'אר,1
5952,הפ' מ.ס. אורתודקסים יפו,63,תל אביב יפו צעירי יפו,1
5953,מ.ס. בני יפו,63,תל אביב יפו צעירי יפו,1
5954,מ.ס. בני יפו,63,תל אביב יפו צעירי יפו,1
5955,מ.ס. קרית ים,1345,קרית ים רודמן,1
5957,"בית""ר חיפה",313,עתלית,1
5958,מ.ס. דבוריה,293,דבוריה,1
5959,מ.ס. דבוריה,293,דבוריה,1
5960,מ.ס. דבוריה,293,דבוריה,1
5962,הפ' מועאויה עירוני,1075,ברטעה,1
5963,הפ' מועאויה עירוני,1075,ברטעה,1
5964,"מ.כ. מזכרת בתיה ""צו פיוס""",122,"מזכרת בתיה ע""ש אדיר פורטוגל",1
5965,מכבי עין מאהל ג'אמל,293,דבוריה,2
5967,מכבי בני נחף קאסם,81,נחף,1
5985,הפ' איחוד אעבלין,236,אעבלין,1
5988,מ.כ. בועיינה נוג'ידאת,1079,בועיינה נוג'ידאת,1
5989,מ.כ. בועיינה נוג'ידאת,1079,בועיינה נוג'ידאת,1
5990,מ.כ. בועיינה נוג'ידאת,218,בועיינה,1
5991,מ.כ. בועיינה נוג'ידאת,1079,בועיינה נוג'ידאת,1
5992,הפועל שפרעם,31,שפרעם,1
5993,הפועל שפרעם,31,שפרעם,1
5996,מ.ס. צעירי טורעאן,301,טורעאן,1
5997,מ.ס. צעירי טורעאן,1079,בועיינה נוג'ידאת,2
5998,מ.ס. צעירי טורעאן,301,טורעאן,1
6009,הפ' בני לוד רכבת,573,לוד אימונים 1,2
6010,מכבי נתניה 3,1078,נתניה שפירא,1
6011,מ.ס. כדורגל נשר,1026,נשר סינטטי,1
6012,"בני יהודה ת""א",346,תל אביב שכונת התקוה סינטטי 2,1
6013,מ.כ. אחווה עראבה,80,כאוכב,1
6016,"מכבי עמישב פ""ת ""צו פיוס""",595,פתח תקוה סירקין ספורטק אצטדיון,1
6019,מכבי תל אביב,395,תל אביב קרית שלום 3 סינטטי,1
6020,הפועל עמק הירדן,1147,קיבוץ מעגן,1
6025,הפועל עכו 1,1167,עכו הפועל עכו חדש,1
6029,הפועל הרצליה עירוני,588,הרצליה רן 2 (ילדים וטרומים),1
6030,הפ' כפר קאסם שועאע,61,כפר קאסם עליון סינטטי,1
6031,הפ' כפר קאסם שועאע,142,(סגור)כפר קאסם תחתון,2
6032,"הכח מכבי עמידר ר""ג צפון",402,רמת גן ספארי (תשיעיות),1
6034,מכבי עירוני עכו,575,קיבוץ סער,1
6039,א.ס. רמת אליהו מערב,184,ראשון לציון רמת אליהו,1
6040,"בית""ר חיפה",55,יקנעם,1
6041,הפ' הוד השרון 2,284,הוד השרון גני צבי,1
6042,בני סכנין 2,596,סכנין אימונים סינטטי,1
6044,מ.כ. כפר קאסם ניבראס,61,כפר קאסם עליון סינטטי,1
6045,"עוצמה מ.כ.""הרצל"" חולון",1316,חולון טוטו,1
6049,מ.ס.  בני קלנסואה,102,קלנסואה,1
6050,מ.ס. בני קלנסואה,62,ג'לגו'ליה,2
6051,מ.ס. בני קלנסואה,102,קלנסואה,1
6054,מכבי חדרה,18,(סגור)חדרה הפועל חדרה,1
6055,"בית""ר גבעת זאב",399,גבעת זאב,1
6059,"מ.ס. באר שבע ""צו פיוס""",1253,באר שבע רייסר 1 סינטטי,1
6060,"מ.ס. ב""ש 2 ""צו פיוס""",1253,באר שבע רייסר 1 סינטטי,1
6063,הפועל שפרעם,31,שפרעם,1
6065,מכבי עירוני כפר יונה 2,161,כפר יונה,1
6066,הפ' מ.כ. גבעת שמואל,179,(סגור)גבעת שמואל,1
6067,מ.כ. גבעת שמואל,179,(סגור)גבעת שמואל,1
6070,מכבי ע. זכרון יעקב,51,זכרון יעקב,1
6073,מ.ס. כוכב יאיר דרום השרון,570,קיבוץ אייל,1
6075,הפ' מעגן מיכאל,1060,מעגן מיכאל,1
6076,הפ' מעגן מיכאל,1060,מעגן מיכאל,1
6081,הפועל תרשיחא,253,תרשיחא,1
6082,הפועל תרשיחא,253,תרשיחא,1
6083,עירוני בית דגן,124,בית דגן,1
6085,מ.ס. צעירי טורעאן,301,טורעאן,1
6086,מ.ס. צעירי טורעאן,1079,בועיינה נוג'ידאת,2
6087,מ.ס. דבוריה,293,דבוריה,1
6088,הפ' עירוני ערערה,88,ערערה,1
6089,הפ' עירוני ערערה,88,ערערה,1
6092,הפ' מ.ס. אורטו' יפו,63,תל אביב יפו צעירי יפו,1
6093,הפועל ג'לג'וליה,62,ג'לגו'ליה,1
6094,מכבי עירוני בת ים דרום,245,בת ים אצטדיון טוטו,1
6095,הפ' אום אל גאנם נין,307,כפר נין,1
6096,הפ' פתח תקוה יעקב ניראון,1136,פתח תקוה מושבה דרומי,2
6097,מ.כ. בני עין מאהל,232,עין מאהל,1
6099,מ.כ. אחווה עראבה,80,כאוכב,1
6100,הפ' ניר רמת השרון צפון,1106,רמת השרון סינטטי,1
6101,מ.ס. ג'וליס,204,ג׳וליס,1
6102,מ.כ. נוה יוסף,1160,חיפה אגרטק (אתוס 2 לשעבר),1
6103,מ.כ. נוה יוסף,1160,חיפה אגרטק (אתוס 2 לשעבר),1
6104,מ.כ. נוה יוסף2,32,טירת כרמל,1
6105,הפועל מ.א. משגב,513,משגב,1
6107,הפ' מ.י. דרום,197,פתח תקוה מחנה יהודה,1
6108,מכבי ע. ירכא,571,ירכא,1
6110,מכבי ע. ירכא,571,ירכא,1
6111,מכבי דלית אל כרמל,58,דלית אל כרמל,1
6112,מכבי דלית אל כרמל,58,דלית אל כרמל,1
6113,מכבי דלית אל כרמל,58,דלית אל כרמל,1
6114,מכבי דלית אל כרמל,58,דלית אל כרמל,1
6115,מכבי עמק חפר,352,קיבוץ גבעת חיים,1
6118,אחי עכו,21,עכו אצטדיון טוטו,1
6119,מ.כ. בועיינה נוג'ידאת,1079,בועיינה נוג'ידאת,1
6120,מ.כ. בועיינה נוג'ידאת,1079,בועיינה נוג'ידאת,1
6121,מ.כ. בועיינה נוג'ידאת,1079,בועיינה נוג'ידאת,1
6122,מ.כ. בועיינה נוג'ידאת,1079,בועיינה נוג'ידאת,1
6123,הפ' אחוה חיפה,602,חיפה אבי רן 2,1
6124,הפ' יוקנעם ארז 2,55,יקנעם,1
6126,הפ' אלאתיחאד נצרת,331,נצרת עילוט אימונים סינטטי,1
6128,"הפועל אורנית ""צו פיוס""",516,אורנית,1
6130,מ.ס. צעירי טייבה,53,טייבה,1
6132,מ.ס. קרית גת,77,(סגור)קרית גת,1
6136,עירוני מודיעין,1186,מודיעין מגרש ליגד,1
6137,ע. מודיעין 2,1186,מודיעין מגרש ליגד,1
6138,ע. מודיעין,1186,מודיעין מגרש ליגד,1
6139,ע. מודיעין 2,1186,מודיעין מגרש ליגד,1
6140,ע. מודיעין 2,1186,מודיעין מגרש ליגד,1
6141,עירוני מודיעין 2,1186,מודיעין מגרש ליגד,1
6143,הפועל ירושלים,196,ירושלים קרית יובל,1
6144,הפועל בני מג'אר,,,0
6146,הפ' בית שאן מסילות,365,בית שאן אימונים,1
6148,"בית""ר ע. אריאל",255,אריאל,1
6149,מ.כ. צעירי טורעאן,301,טורעאן,1
6151,מכבי יפו קביליו ברוך ברוך,119,תל אביב יפו נוה גולן,1
6152,הפועל בני זמר,1020,בת חפר יישוב,1
6153,מכבי ירוחם,38,ירוחם,1
6154,מ.כ. עין מאהל,232,עין מאהל,1
6155,בני אילת,1312,אילת קרית הספורט סינטטי,1
6156,מכבי יפו קביליו,119,תל אביב יפו נוה גולן,1
6158,הפועל בני זמר,341,כפר ג'ת המשולש,1
6160,הפ' מ.יהודה,197,פתח תקוה מחנה יהודה,1
6161,"בית""ר נהריה",1306,נהריה 3 סינטטי,1
6162,מכבי כוכב יאיר צור יגאל,570,קיבוץ אייל,1
6163,מ.כ. מכבי נצרת עילית,33,נוף הגליל אצטדיון בראל,1
6164,מכבי קרית מלאכי,1088,קרית מלאכי סינטטי,1
6165,הפ' בני אעבלין ''איאד'',236,אעבלין,1
6166,הפ' בני אעבלין,236,אעבלין,1
6167,הפ' איחוד אעבלין2,236,אעבלין,1
6168,הפ' איחוד אעבלין,236,אעבלין,1
6169,הפועל עוספיא,57,עספיא,1
6170,מ.ס. קרית ים,1269,קרית ים סינטטי,1
6171,הפועל כפר קרע,89,כפר קרע,1
6172,מכבי עמק חפר 2,352,קיבוץ גבעת חיים,1
6173,מ.כ. בנימינה,606,בנימינה,1
6174,הפ' פתח תקווה צפון,1136,פתח תקוה מושבה דרומי,1
6176,הפועל כפר קרע,89,כפר קרע,1
6178,הפ' בית שאן מסילות יהודה עיני,365,בית שאן אימונים,1
6179,מכבי צור שלום ק. ביאליק 2,174,צור שלום,1
6180,הפועל נחף,81,נחף,1
6181,מ.כ. אחווה עראבה,80,כאוכב,1
6182,"בית""ר נהריה",1306,נהריה 3 סינטטי,1
6186,מכבי ע. זכרון יעקב,51,זכרון יעקב,1
6188,הפ' מעגן מיכאל,1060,מעגן מיכאל,1
6189,מכבי נתניה,1078,נתניה שפירא,1
6190,הפ' קרית שמונה 2,1198,קרית שמונה סינטטי חדש,1
6191,מכבי עירוני ג'ת,341,כפר ג'ת המשולש,1
6195,מכבי תל אביב 2,393,"תל אביב אוניברסיטת ת""א",1
6196,מ.ס. כוכב יאיר דרום השרון,570,קיבוץ אייל,1
6200,הפועל פתח תקווה,,,0
6203,בית ספר לכדורגל נצרת,,,0
6204,בית ספר לכדורגל נצרת2,,,0
6207,מכבי נתניה בית ספר לכדורגל,,,0
6208,בית הספר לכדורגל חורשים/מתן,,,0
6209,מכבי פתח תקווה,,,0
6210,גיל גול בית ספר לכדורגל,,,0
6211,מכבי פתח תקווה 2,,,0
6212,מכבי פתח תקווה 3,,,0
6214,"מכבי ע. בת ים צפון ""צו פיוס""",344,בת ים אימונים 1,1
6215,הפ' א.א. גאנם נין,307,כפר נין,1
6216,"הפ' ניר רמה""ש צפון",1281,רמת השרון סינטטי קטן,1
6217,הפ' מ.כ גבעת שמואל,179,(סגור)גבעת שמואל,1
6218,הפ' מ.כ גבעת שמואל,179,(סגור)גבעת שמואל,1
6219,הפועל נחף,81,נחף,1
6220,הפועל נחף,81,נחף,1
6221,הפ' יוקנעם ארז,55,יקנעם,1
6223,הפועל י-ם,1310,אבו גוש,1
6224,הפועל תרשיחא,44,מעלות,2
6225,הפועל תרשיחא,44,מעלות,2
6226,מ.ס. קרית גת,77,(סגור)קרית גת,1
6227,מ.ס. קרית גת,340,קרית גת אימונים,1
6228,מ.ס. כוכב יאיר דרום השרון,570,קיבוץ אייל,1
6230,הפ' כפר קאסם שועאע,61,כפר קאסם עליון סינטטי,1
6231,הפ' כפר קאסם שועאע,61,כפר קאסם עליון סינטטי,1
6232,"מ.ס.ראשל""צ",397,ראשון לציון תיכון עמית,1
6233,הפועל א. נצרת,331,נצרת עילוט אימונים סינטטי,1
6234,מ.ס. צעירי טייבה,1077,(סגור)טייבה מנארה,2
6235,הפ' מרמורק רחובות חיים,12,(סגור)רחובות מרמורק,1
6236,הפועל רהט,562,רהט הפועל רהט,1
6238,הפ' עירוני גדרה,1224,גדרה,1
6240,עירוני בני שעב,162,שעב,1
6243,הפועל כפר קרע,89,כפר קרע,1
6244,הפועל כפר קרע,89,כפר קרע,1
6248,"הפועל ב""ש לבן",966,באר שבע וסרמיל 1,1
6250,הפועל בני זמר,512,קיבוץ ברקאי,1
6252,הפ' צ. בסמת טבעון,350,רמות מנשה,1
6253,הפועל כעביה,244,כעבייה,1
6254,הפ' ספרטק חיפה,400,חיפה אבי רן,1
6255,מ.כ. נוה יוסף,400,חיפה אבי רן,1
6259,הפ' מנשיה זבדה,244,כעבייה,1
6261,מכבי יפו קביליו,119,תל אביב יפו נוה גולן,1
6262,מכבי באר יעקב,68,באר יעקב,1
6265,מ.ס. כפר כמא,141,כפר כמא,1
6266,מ.ס. כפר קאסם2,61,כפר קאסם עליון סינטטי,1
6267,הפועל ירושלים,196,ירושלים קרית יובל,1
6268,הפועל בני ראמה,1162,כפר ראמה,1
6269,מ.כ. אחווה כפר מנדא,152,כפר מנדא חדש,1
6270,בני מגאר 2,317,דיר חנא,2
6272,הפועל בני מגאר,73,מג'אר,1
6274,בני א.א.פאחם,367,אום אל פחם,1
6275,בני א.א.פאחם,411,אום אל פאחם סינטטי,1
6276,מ.כ.צעירי טמרה,254,טמרה,1
6277,מ.כ. צעירי טמרה,254,טמרה,1
6278,מ.כ. צעירי טמרה,254,טמרה,1
6280,הפ' איחוד בני ג'ת,341,כפר ג'ת המשולש,1
6281,הפ' איחוד בני ג'ת,341,כפר ג'ת המשולש,1
6282,הפ' מעגן מיכאל,1060,מעגן מיכאל,1
6283,הפ' מעגן מיכאל,1060,מעגן מיכאל,1
6285,הפ' מעגן מיכאל,1060,מעגן מיכאל,1
6286,"מכבי השקמה חן צפון ""צו פיוס""",181,רמת גן השקמה,1
6290,הפ' דלית אל כרמל,58,דלית אל כרמל,1
6292,הפ' ע. בקה אל גרבייה 1,1142,בקה אל גרביה סינטטי,1
6293,הפ' ע. בקה אל גרבייה,1142,בקה אל גרביה סינטטי,1
6294,מכבי ע. זכרון יעקב,51,זכרון יעקב,1
6295,מכבי צעירי שפרעם,31,שפרעם,1
6296,"בית""ר כפר כנא",78,כפר כנא,2
6297,"בית""ר כפר כנא",78,כפר כנא,2
6298,"בית""ר כפר כנא",78,כפר כנא,2
6300,מכבי דלית אל כרמל,58,דלית אל כרמל,1
6304,הפועל א.א. פאחם,411,אום אל פאחם סינטטי,1
6306,הפועל א.א. פאחם,411,אום אל פאחם סינטטי,1
6307,הפועל א.א. פאחם 2,367,אום אל פחם,1
6309,הפועל בני זלפה,1075,ברטעה,1
6310,הפועל בני זלפה,1018,מועאויה,1
6311,הפועל בני זלפה,1018,מועאויה,1
6312,מכבי ע. טמרה,254,טמרה,1
6316,"מ.ס. חצור הגלילית "" צו פיוס""",231,חצור,1
6317,הפ' כפר קאסם שועאע(,61,כפר קאסם עליון סינטטי,1
6318,הפ' מ.ס חבל מודיעין,1153,כפר בן שמן,1
6319,הפ' מ.ס חבל מודיעין,1153,כפר בן שמן,1
6320,"בית""ר עירוני אריאל",255,אריאל,1
6322,הפ' מועאוויה עירוני,1075,ברטעה,1
6325,מ.כ. מכבי ירוחם,38,ירוחם,1
6326,הפועל כפר ברא,1104,כפר ברא,1
6327,הפועל כפר ברא,1104,כפר ברא,1
6328,מ.כ. צעירי אחוה מגידו,99,יפיע,1
6329,מ.כ. מכבי נהריה,1305,נהריה 2 סינטטי,1
6330,מ.כ. מכבי נהריה,1305,נהריה 2 סינטטי,1
6331,מ.כ. מכבי נהריה,1305,נהריה 2 סינטטי,1
6332,מ.כ. מכבי נהריה 2,1305,נהריה 2 סינטטי,1
6333,הפועל ע. ערערה,88,ערערה,1
6334,מכבי קרית גת,77,(סגור)קרית גת,2
6335,בני בית ג'אן,596,סכנין אימונים סינטטי,1
6337,מכבי קרית מלאכי,1088,קרית מלאכי סינטטי,1
6339,הפועל ירושלים,599,יד המורה-רמת אשכול,1
6340,מכבי בני ג'לג'וליה,1104,כפר ברא,1
6341,בני יצ'לאל רחובות,238,(סגור)רחובות מכבי רחובות קריית משה,1
6342,מכבי בני נחף קאסם,81,נחף,1
6344,מכבי בני ריינה,1291,ריינה סינטטי,1
6345,מ.כ. אחווה עראבה,84,כאבול,1
6346,"בית""ר עכו",513,משגב,1
6347,"בית""ר עכו",513,משגב,1
6348,"הכח מכבי עמידר ר""ג דרום",613,רמת גן ספארי,1
6350,הפ' מ.ס אורתודוכסים יפו,63,תל אביב יפו צעירי יפו,1
6351,הפ' בני אעבלין,254,טמרה,1
6352,הפועל עליה כפ״ס,1004,"כפר סבא עליה כ""ס",1
6354,הפ' תל אביב צפון,417,תל אביב וולפסון 2,1
6355,שמשון תל אביב,1352,תל אביב ספורטק צפון מגרש מזרחי,1
6356,"הפ' פ""ת 'עודד דוקטורי'",1136,פתח תקוה מושבה דרומי,2
6358,הפועל סכנין,981,סכנין אימונים,2
6359,הפועל צ. חורפיש,287,פסוטה,1
6360,הפ' בני פקיעין,290,פקיעין,1
6362,הפ' צעירי קלנסואה,102,קלנסואה,1
6363,הפ' פתח תקווה 2,1030,פתח תקוה סירקין אימונים 1,1
6364,אחי ביר אלמכסור,295,(סגור)ביר אל מכסור,1
6365,מכבי עין מאהל,232,עין מאהל,1
6366,הפ' אום אל פאחם,411,אום אל פאחם סינטטי,1
6367,הפ' אום אל פאחם,411,אום אל פאחם סינטטי,1
6368,הפ' אום אל פאחם,367,אום אל פחם,1
6370,"מ.כ כפר קאסם ""ניבראס""",61,כפר קאסם עליון סינטטי,1
6371,הפועל טירת שלום,589,נס ציונה אימונים,1
6372,הפועל מועאויה,88,ערערה,1
6373,הפ' עירוני צפת,75,צפת,1
6374,מרכז קהילתי גולן קצרין,283,קצרין,1
6375,מכבי עירוני טמרה,254,טמרה,1
6376,מכבי עירוני טמרה,254,טמרה,1
6377,הפ' קרית שמונה 2,1198,קרית שמונה סינטטי חדש,1
6378,מ.ס.כפר יאסיף,224,כפר יאסיף,1
6379,מ.כ. בועיינה נוג'ידאת,1079,בועיינה נוג'ידאת,1
6380,הפ' בני חג'אג'רה,244,כעבייה,1
6381,מ.כ. צעירי טמרה,254,טמרה,1
6382,מ.כ. צעירי טמרה,254,טמרה,1
6386,"בית""ר ע. אריאל",255,אריאל,1
6410,מ.ס. כפר קאסם,,,0
6411,הפ' פתח תקוה צפון,1136,פתח תקוה מושבה דרומי,2
6412,מכבי נתניה 2,274,וינגייט דרום 1,2
6413,הפ' עירוני ערערה,88,ערערה,1
6428,מ.ס. איחוד דרום השרון מערב,1279,ירחיב,1
6429,מ.ס. איחוד דרום השרון,1279,ירחיב,1
6436,הפ' פתח תקוה עוזיאל,1136,פתח תקוה מושבה דרומי,2
6437,בני יצ'לאל רחובות,238,(סגור)רחובות מכבי רחובות קריית משה,1
6438,"הפועל ניר רמה""ש מרכז",1281,רמת השרון סינטטי קטן,1
6439,הפ' אום אל גאנם נין,307,כפר נין,1
6441,הפ' כפר קאסם שועאע,61,כפר קאסם עליון סינטטי,1
6442,הפ' כפר קאסם שועאע,61,כפר קאסם עליון סינטטי,1
6443,הפ' כפר קאסם שועאע,142,(סגור)כפר קאסם תחתון,1
6444,הפ' בית אליעזר,56,(סגור)חדרה גבעת אולגה,1
6445,"מ.כ. מתנ""ס גן יבנה",984,(סגור)גן יבנה,1
6446,מכבי עירוני בת ים 2,245,בת ים אצטדיון טוטו,1
6447,"עוצמה מ.כ.""הרצל"" חולון",1316,חולון טוטו,1
6450,הפועל תרשיחא,253,תרשיחא,1
6451,הפ' מנשיה זבדה,1025,ערב אל הייב,1
6452,הפועל מטה אשר,1103,עין המפרץ נעמן,1
6456,"מכבי יפו קביליו ""תום לוי""",119,תל אביב יפו נוה גולן,1
6458,מכבי עספיא,957,עספיא עליון אימונים,1
6459,מכבי עירוני כפר יונה 2,161,כפר יונה,1
6460,מ.ס. בני קלנסואה,102,קלנסואה,1
6462,מועדון צעירי רהט,368,רהט צעירי רהט,1
6464,מ.כ. מכבי נהריה,30,(סגור)נהריה,1
6465,אחי ביר אלמכסור,295,(סגור)ביר אל מכסור,1
6466,הפ' צ. קלנסואה,102,קלנסואה,1
6469,הפועל בני זמר,512,קיבוץ ברקאי,1
6471,מ.ק. גולן קצרין,283,קצרין,1
6474,הפ' איחוד בני ג'ת,341,כפר ג'ת המשולש,1
6475,הפ' איחוד בני ג'ת,341,כפר ג'ת המשולש,1
6476,מכבי עמק חפר אברהם,1020,בת חפר יישוב,1
6478,"בית""ר פ""ת אייל טיבי",1136,פתח תקוה מושבה דרומי,1
6479,מ.כ. בני עראבה,163,עראבה,1
6482,הפועל רהט,562,רהט הפועל רהט,1
6483,מ.ס ראשון לציון,153,(סגור)ראשון לציון נחלת יהודה,1
6485,הפ' באר שבע אדום,966,באר שבע וסרמיל 1,2
6487,הפועל כפר קרע,89,כפר קרע,1
6488,הפועל כפר קרע,89,כפר קרע,1
6490,מ.ס. כדורגל נשר2,1006,נשר אצטדיון,1
6491,בני אנס אום אל פאחם,367,אום אל פחם,1
6492,בני אום אל פאחם,367,אום אל פחם,1
6493,בני אום אל פאחם,411,אום אל פאחם סינטטי,1
6495,הפועל נחף,81,נחף,1
6498,הפ' רמות מנשה מגידו,350,רמות מנשה,1
6499,בני בית ג'אן,596,סכנין אימונים סינטטי,2
6500,בני בית ג'אן,81,נחף,2
6508,מכבי קרית גת,1190,קרית גת סינטטי אגוז,1
6509,מכבי קרית גת,1190,קרית גת סינטטי אגוז,1
6510,מכבי קרית גת,1190,קרית גת סינטטי אגוז,1
6511,מכבי קרית גת,1190,קרית גת סינטטי אגוז,1
6512,מכבי קרית גת,1190,קרית גת סינטטי אגוז,1
6513,מכבי קרית גת,1190,קרית גת סינטטי אגוז,1
6514,הפועל ד.אל כרמל,58,דלית אל כרמל,1
6515,מ.כ. נוה יוסף,602,חיפה אבי רן 2,2
6517,הפועל כעבייה,244,כעבייה,1
6519,"בית""ר כפר כנא",78,כפר כנא,2
6520,הפועל אחוה חיפה,1159,חיפה אגרטק (אתוס 1 לשעבר),1
6521,הפועל בני מג'אר,73,מג'אר,1
6523,הפ' מ.ס חבל מודיעין,1153,כפר בן שמן,1
6524,מכבי בני דיר חנא,317,דיר חנא,1
6525,הפועל תרשיחא,253,תרשיחא,1
6526,מ.ס. נתניה קולט כהן,1078,נתניה שפירא,1
6528,הפ' הוד השרון 2,284,הוד השרון גני צבי,1
6529,הפועל ירושלים,196,ירושלים קרית יובל,1
6530,הפ' אלאתיחאד נצרת,285,נצרת אצטדיון עילוט,1
6531,הפ' צעירי חורפיש,287,פסוטה,1
6532,מכבי בני ג'לג'וליה,1104,כפר ברא,1
6534,הפועל עירוני כרמיאל 2,580,כרמיאל,1
6536,הפ' איחוד אעבלין,236,אעבלין,1
6538,הפ' מעגן מיכאל 2,1060,מעגן מיכאל,1
6539,הפ' מעגן מיכאל,1060,מעגן מיכאל,1
6543,מכבי עספיא,57,עספיא,1
6544,מכבי עספיא,57,עספיא,1
6545,עירוני בני שעב,162,שעב,1
6546,עירוני בני שעב,162,שעב,1
6547,הפ' בנ לוד רכבת,573,לוד אימונים 1,2
6548,מכבי עירוני זכרון יעקב,51,זכרון יעקב,1
6549,מכבי עירוני זכרון יעקב,51,זכרון יעקב,1
6556,מ.ס בני יפו אורתודוכסים,63,תל אביב יפו צעירי יפו,1
6557,מ.ס. חצור הגלילית,231,חצור,1
6559,הפ' עירוני בקה אל גרבייה 1,1142,בקה אל גרביה סינטטי,1
6560,הפ' עירוני בקה אל גרבייה,1142,בקה אל גרביה סינטטי,1
6563,הפ' קרית אונו דרום,28,קרית אונו ישן,1
6564,הפועל שפרעם 2,31,שפרעם,1
6565,בני אום אל פאחם עובאדא,367,אום אל פחם,1
6567,בני סכנין 2,596,סכנין אימונים סינטטי,1
6568,בני סכנין 2,596,סכנין אימונים סינטטי,1
6569,מכבי סולם האני,307,כפר נין,2
6570,מועדון השלום מג'דל שמס,1135,מג'דל שמס,1
6571,מ.כ צעירי אחוה מגידו,55,יקנעם,2
6572,"בית""ר נהריה",1305,נהריה 2 סינטטי,1
6574,הפועל סכנין,596,סכנין אימונים סינטטי,1
6575,הפועל סכנין,596,סכנין אימונים סינטטי,1
6576,הפ' עירוני ערערה,88,ערערה,1
6577,הפועל נחף,81,נחף,1
6578,מכבי עירוני בת ים צפון,245,בת ים אצטדיון טוטו,1
6579,הפ' בקעת הירדן,327,מושב תומר,1
6580,הפ' בקעת הירדן,327,מושב תומר,1
6583,הפ' ספרטק חיפה,400,חיפה אבי רן,1
6584,הפועל כ. ברא,1104,כפר ברא,1
6585,מ.כ. צעירי טמרה,254,טמרה,1
6586,הפועל רעננה צפון,363,רעננה פארק צפוני סינטטי,1
6587,הפ' בני פקיעין,290,פקיעין,1
6588,הפ' מ.ס חבל מודיעין,1153,כפר בן שמן,1
6589,הפ' מ.ס. חבל מודיעין,1153,כפר בן שמן,1
6590,הפ' דלית אל כרמל,58,דלית אל כרמל,1
6591,מכבי בני ג'לג'וליה,1104,כפר ברא,1
6592,מ.ס. אשקלון,438,אשקלון אצטדיון סלה,1
6595,הפועל כפר קרע,89,כפר קרע,1
6596,מ.ס. קרית ים,1269,קרית ים סינטטי,1
6597,מ.ס. קרית ים,1269,קרית ים סינטטי,1
6598,מ.ס. כפר יאסיף,257,שיח-דנון,1
6599,מ.ס. כפר יאסיף,257,שיח-דנון,1
6600,מכבי עספיא,957,עספיא עליון אימונים,1
6601,הפועל כפר כנא,78,כפר כנא,1
6603,הפועל נחף,81,נחף,1
6604,הפועל כפר כנא,78,כפר כנא,1
6605,"בית""ר פ""ת אייל טיבי ""צו פיוס""",1136,פתח תקוה מושבה דרומי,1
6606,האקדמיה לכדורגל בנות,198,שפיים בית הנבחרות סינטטי,1
6607,מכבי עירוני טמרה,254,טמרה,1
6609,מכבי בני נחף קאסם,81,נחף,1
6610,מכבי בני נחף קאסם,81,נחף,1
6611,הפ' צעירי חורפיש,287,פסוטה,1
6614,מ.כ. מכבי נהריה,30,(סגור)נהריה,1
6616,מכבי פתח-תקוה 2,954,פתח תקוה מכבי סינטטי,1
6620,עירוני בני כאבול,84,כאבול,1
6622,הפ' בקעת הירדן,327,מושב תומר,1
6624,מ.ס בני יפו אורתודוכסים,63,תל אביב יפו צעירי יפו,1
6625,הפ' עירוני בקה אל גרבייה,1142,בקה אל גרביה סינטטי,1
6629,בני אום אל פאחם,411,אום אל פאחם סינטטי,1
6630,עירוני מודיעין,1186,מודיעין מגרש ליגד,1
6631,הפ' עליה כפר סבא,1004,"כפר סבא עליה כ""ס",1
6632,הפ' ראשון לציון,1061,ראשון לציון סופרלנד מרכזי תשעיות,1
6634,שמשון בני טייבה,53,טייבה,1
6637,הפ' ניר רמת השרון מרכז,1106,רמת השרון סינטטי,1
6639,הפועל מטה אשר 2,1103,עין המפרץ נעמן,1
6640,הפ' הרצליה ע. מערב,588,הרצליה רן 2 (ילדים וטרומים),1
6641,"הפ' מורשה רמה""ש",25,"רמת השרון אצטדיון טוטו ע""ש גרונדמן",1
6642,"מ.כ.מתנ""ס גן יבנה",984,(סגור)גן יבנה,1
6645,הפועל נהריה,30,(סגור)נהריה,1
6646,הפועל נהריה,575,קיבוץ סער,1
6647,הפ' איחוד בני ג'ת,341,כפר ג'ת המשולש,1
6649,הפועל בועיינה,1079,בועיינה נוג'ידאת,1
6650,"מכבי יפו קביליו רחו מג'אר ז""ל",119,תל אביב יפו נוה גולן,1
6652,מכבי כפר קרע,89,כפר קרע,1
6653,הפ' מ.ס חבל מודיעין,1153,כפר בן שמן,1
6656,מ.כ. בנימינה,606,בנימינה,1
6657,מכבי בני ג'לג'וליה,1104,כפר ברא,1
6658,מכבי בני ג'לג'וליה,1104,כפר ברא,1
6659,עירוני בני שעב,162,שעב,1
6660,הפ' קרית אונו דרום,28,קרית אונו ישן,1
6661,מכבי עירוני שדרות 2,66,שדרות,1
6662,בני בית ג'אן,1162,כפר ראמה,2
6663,בני בית ג'אן,596,סכנין אימונים סינטטי,2
6665,"מכבי השרון נתניה ""צו פיוס""",1078,נתניה שפירא,1
6666,"בית""ר עכו",634,מתחם אגודה לחייל נופש בעכו,1
6667,מ.ס. שיכון המזרח,60,(סגור)ראשון לציון שיכון המזרח,1
6668,עירוני מודיעין,1186,מודיעין מגרש ליגד,1
6669,הפ' צ. קלנסואה,1104,כפר ברא,1
6670,בני יצ'אלאל רחובות,238,(סגור)רחובות מכבי רחובות קריית משה,1
6676,הפועל תל אביב צפון,1351,תל אביב ספורטק צפון מגרש מערבי,1
6679,הפ' עמק המעיינות ארז,569,קיבוץ מסילות,1
6680,הפ' עמק המעיינות ארז,551,קבוץ מסלות ב',2
6681,בני אלסאלם רהט,1144,רהט בני אל סאלם רהט,1
6682,מ.ס.ע. כסייפה,1192,כספייה,1
6685,הפועל בני בענה,603,בענה,1
6687,מ.כ. בני רעננה,635,רעננה פארק דרומי,2
6688,הפ' מועצה אזורית משגב,513,משגב,1
6689,"בית""ר גבעת זאב",399,גבעת זאב,1
6690,בני אום אל פאחם,367,אום אל פחם,1
6693,הפועל כפר קרע,89,כפר קרע,1
6694,"מ.ס דימונה ""צו פיוס""",1294,דימונה סינטטי חדש,1
6697,מ.ס. חצור הגלילית,231,חצור,1
6698,הפ' עירוני בני אעבלין,236,אעבלין,1
6701,מכבי כפר כנא,78,כפר כנא,1
6702,הפועל כפר קרע,89,כפר קרע,1
6705,מ.ס. כפר קמא,141,כפר כמא,1
6707,הפ' גבעת אולגה,,,0
6711,מ.כ.צ. אחווה מגידו,55,יקנעם,2
6712,הפועל בני מג'אר,73,מג'אר,1
6713,הפ' בני נוג'ידאת,1079,בועיינה נוג'ידאת,1
6717,"מ.ס. רשת מתנ""סים טבעון",200,קרית טבעון,1
6719,מועדון השלום מג'דל שמס,1135,מג'דל שמס,1
6720,מועדון השלום מג'דל שמס,1135,מג'דל שמס,2
6723,הפ' ע. אור עקיבא,429,אור עקיבא,1
6724,הפ' ע. אור עקיבא,429,אור עקיבא,1
6725,מ.כ.בני דן בית עריף,625,(סגור)אחיסמך,1
6726,מ.כ. בני דן בית עריף,625,(סגור)אחיסמך,1
6727,מ.כ. בני דן בית עריף,625,(סגור)אחיסמך,1
6728,"מ.ס. ראשל""צ",153,(סגור)ראשון לציון נחלת יהודה,1
6732,מכבי כפר מנדא,152,כפר מנדא חדש,1
6734,מ.ס. ג'דידה מכר,79,ג'דידה,1
6735,מ.ס. ג'דידה מכר,79,ג'דידה,1
6740,מכבי בני נחף קאסם,81,נחף,1
6741,הפ' עירוני גדרה,1224,גדרה,1
6742,הפ' אבירי בת ים,344,בת ים אימונים 1,1
6744,הפ' ע.ס.מ.ציון,120,מבשרת ציון,1
6745,הפ' מ.ס. חבל מודיעין,1153,כפר בן שמן,1
6746,מכבי הרצליה דרום,588,הרצליה רן 2 (ילדים וטרומים),1
6747,הפועל כפר ברא,1104,כפר ברא,1
6748,הפ' אבירי בת ים,245,בת ים אצטדיון טוטו,1
6749,מ.ס. כפר יאסיף,257,שיח-דנון,1
6750,הפועל עמק הירדן,1147,קיבוץ מעגן,1
6751,הפועל עמק הירדן,1147,קיבוץ מעגן,1
6752,הפועל א.א. פאחם,411,אום אל פאחם סינטטי,1
6753,מ.ס. כוכב יאיר דרום השרון,570,קיבוץ אייל,1
6754,מ.ס. כוכב יאיר דרום השרון,570,קיבוץ אייל,1
6755,מ.ס. כוכב יאיר דרום השרון,570,קיבוץ אייל,1
6757,הפועל שפרעם,31,שפרעם,1
6758,מ.ס. חצור הגלילית,231,חצור,1
6759,הפ' ע.אור עקיבא,429,אור עקיבא,1
6760,הפ' עירוני אור עקיבא,429,אור עקיבא,1
6761,הפ' ע.אור עקיבא,429,אור עקיבא,1
6762,הפ' עירוני אור עקיבא,429,אור עקיבא,1
6763,הפ' ע.אור עקיבא,429,אור עקיבא,1
6764,הפ' עירוני אור עקיבא,429,אור עקיבא,1
6765,מכבי יהוד,1012,יהוד ק.סביונים,1
6766,מכבי יהוד 2,1012,יהוד ק.סביונים,1
6767,מכבי יהוד 2,1012,יהוד ק.סביונים,1
6768,מ.ס בני יפו אורתודוכסים,63,תל אביב יפו צעירי יפו,1
6769,מ.ס בני יפו אורתודוכסים,63,תל אביב יפו צעירי יפו,1
6770,מ.ס. אשקלון,438,אשקלון אצטדיון סלה,1
6774,הפועל בני לקייה,562,רהט הפועל רהט,1
6776,שמשון כפר קאסם,142,(סגור)כפר קאסם תחתון,2
6777,מכבי אחי נצרת,331,נצרת עילוט אימונים סינטטי,1
6778,מ.כ. בני עראבה,596,סכנין אימונים סינטטי,1
6779,מכבי סולם האני,1058,סאלם מעלה עירון,1
6781,מכבי כפר כנא,78,כפר כנא,1
6786,בני סכנין,596,סכנין אימונים סינטטי,1
6790,מ.כ. בועיינה נוג'ידאת,1079,בועיינה נוג'ידאת,1
6792,הפועל בני מכר,84,כאבול,1
6793,מ.ס. גבעת אולגה יצחק גיבש,56,(סגור)חדרה גבעת אולגה,1
6794,מכבי עירוני טירת הכרמל,32,טירת כרמל,1
6795,בני סכנין,596,סכנין אימונים סינטטי,1
6800,הפועל מטה יהודה,340,קרית גת אימונים,2
6819,הפועל רעננה צפון,635,רעננה פארק דרומי,1
6820,מכבי פתח-תקוה צפון,1307,פתח תקוה מושבה צפוני חדש,1
6824,"הפ' ניר רמת השרון מרכז ""צו פיו",25,"רמת השרון אצטדיון טוטו ע""ש גרונדמן",2
6827,מכבי עמק חפר 2,352,קיבוץ גבעת חיים,1
6830,צעירי שעב,162,שעב,1
6832,מ.כ.מושב חוסן יהודה אדרי,44,מעלות,1
6835,מ.כ. נוה יוסף 2,400,חיפה אבי רן,1
6836,מ.כ. נוה יוסף 2,602,חיפה אבי רן 2,1
6838,מ.ס. קדימה צורן 2,464,קדימה,1
6841,הפ' בני טובא זנגריא,243,טובא,1
6842,הפ' בני טובא זנגריה,243,טובא,1
6843,מ.כ. צעירי חג'אג'רה,152,כפר מנדא חדש,1
6844,"עוצמה מ.כ.""הרצל"" חולון 2",320,(סגור)חולון אורט חולון,1
6850,הפ' בני ד.א. אסד,603,בענה,1
6851,הפ' בני ד.א. אסד,603,בענה,1
6852,מ.ס. מזרעה,84,כאבול,1
6856,הפועל אשקלון 2,438,אשקלון אצטדיון סלה,2
6857,מכבי שוהם 2,608,שוהם,1
6862,מ.כ. גני תקווה,1247,גני תקווה,1
6863,מ.כ. גני תקווה,1247,גני תקווה,1
6864,מ.כ. הפ' ערערה בנגב,38,ירוחם,1
6866,מכבי פרדס כץ,612,רמת גן אימונים 2(טרומים),1
6869,"הפועל ר""ג צפון",613,רמת גן ספארי,1
6870,"הפועל ר""ג צפון",402,רמת גן ספארי (תשיעיות),1
6871,מכבי אחי נצרת 2,331,נצרת עילוט אימונים סינטטי,1
6872,עירוני מודיעין,1186,מודיעין מגרש ליגד,1
6873,הפועל שפרעם 2,31,שפרעם,1
6875,מ.ס. כפר קאסם 2,142,(סגור)כפר קאסם תחתון,1
6876,בני עג'ר,29,כפר בלום,1
6879,בני עג'ר,29,כפר בלום,1
6882,"בית""ר חיפה 2",1159,חיפה אגרטק (אתוס 1 לשעבר),1
6883,מ.כ. בנימינה 2,606,בנימינה,1
6885,מ.כ. מעיליא,290,פקיעין,1
6891,הפועל כפר סבא 2,345,כפר סבא אימונים עליון,1
6892,הפ' ניר רמת השרון מרכז,25,"רמת השרון אצטדיון טוטו ע""ש גרונדמן",2
6895,מ.ס. חיפה רובי שפירא,400,חיפה אבי רן,1
6896,מ.ס. חיפה רובי שפירא,1160,חיפה אגרטק (אתוס 2 לשעבר),1
6897,מ.ס. חיפה רובי שפירא,1159,חיפה אגרטק (אתוס 1 לשעבר),1
6898,מכבי שוהם דרום,608,שוהם,1
6899,מכבי ברקאי 2,512,קיבוץ ברקאי,1
6900,מכבי ברקאי 2,512,קיבוץ ברקאי,1
6905,הפועל הרצליה ע. מערב,588,הרצליה רן 2 (ילדים וטרומים),1
6906,הפועל הרצליה ע. מערב,588,הרצליה רן 2 (ילדים וטרומים),1
6909,הפ' בני דיר אל אסד,603,בענה,1
6910,אגודת ספורט חולון מור,1110,חולון אימונים בית העלמין,2
6911,מכבי עמק חפר אברהם,352,קיבוץ גבעת חיים,1
6912,הפ' ב. טובא זנגריה,243,טובא,1
6913,מ.כ. צעירי חג'אגרה,152,כפר מנדא חדש,1
6915,הפועל קרית אונו דרום,28,קרית אונו ישן,1
6921,שמשון תל אביב צפון,1352,תל אביב ספורטק צפון מגרש מזרחי,1
6927,עירוני מודיעין 2,1186,מודיעין מגרש ליגד,1
6930,בני יהוד 2,1012,יהוד ק.סביונים,1
6931,הפועל רמת גן דרום,402,רמת גן ספארי (תשיעיות),1
6932,"הפועל ר""ג צפון",613,רמת גן ספארי,1
6933,מ.כ. נוה יוסף 2,400,חיפה אבי רן,2
6938,בני אום אל פחם 2,367,אום אל פחם,1
6940,מ.ס. מזרעה,84,כאבול,1
6946,עוצמה אגודת ספורט כפר ורדים,290,פקיעין,1
6950,ביתר אל עמל,285,נצרת אצטדיון עילוט,1
6951,א.ס. חולון מור,1110,חולון אימונים בית העלמין,1
6952,א.ס חולון מור דרום,1110,חולון אימונים בית העלמין,1
6953,א.ס חולון מור דרום,1110,חולון אימונים בית העלמין,1
6955,מ.כ. מושב חוסן,44,מעלות,1
6957,עירוני באר יעקב,68,באר יעקב,1
6959,מ.כ בני דן בית עריף 2,625,(סגור)אחיסמך,1
6960,הפ' מרום הגליל,1198,קרית שמונה סינטטי חדש,1
6961,הפועל עין סהלה,1075,ברטעה,1
6966,מכבי שגב שלום,298,משוש-שגב שלום,1
6967,מכבי שגב שלום,298,משוש-שגב שלום,1
6968,מכבי בסמת טבעון,200,קרית טבעון,1
6969,מ.ס. כדורגל ק. ים,1109,(סגור)קרית ים,1
6971,"הפ' עליה כ""ס 2",1004,"כפר סבא עליה כ""ס",1
6973,מ.כ. מעיליא,257,שיח-דנון,1
6974,מ.כ. מעיליא,257,שיח-דנון,1
6975,מ.כ. הפ' ערערה בנגב,38,ירוחם,2
6976,מכבי פרדס כץ,179,(סגור)גבעת שמואל,1
6978,מכבי פרדס כץ,225,רמת גן אימונים,1
6979,צעירי שעב,162,שעב,1
6980,מ.כ. גני תקווה,1247,גני תקווה,1
6981,מ.כ. גני תקווה,1247,גני תקווה,1
6982,הפועל בני עייש,1170,(סגור)בני עייש,1
6983,הפועל בני עיש,1170,(סגור)בני עייש,1
6986,"בית""ר ר""ג צפון",612,רמת גן אימונים 2(טרומים),1
6987,בני אום אל פאחם 2,411,אום אל פאחם סינטטי,1
6989,הפ' בני פרדיס מ. עבדאלעאל,170,פרדיס,1
6991,הפ' בני פרדיס מ. עבדאלעאל,170,פרדיס,1
6992,מ.כ ערד,211,ערד,1
6993,הפועל נוף הגליל 3,1318,נוף הגליל סינטטי חדש,1
6994,מ.כ.ע אריאל,255,אריאל,1
6995,מ.כ.ע. אריאל,255,אריאל,1
6996,מ.כ.ע. אריאל,255,אריאל,1
6997,מכבי קרית גת 2,1190,קרית גת סינטטי אגוז,1
6998,הפועל מיתר,1293,מיתר,1
6999,הפועל מיתר,1293,מיתר,1
7000,"מ.ס. בני ""ממבע"" הגולן",1259,בוקעתא,1
7005,מ.כ. צעירי לוד,573,לוד אימונים 1,1
7007,מ.ס. קדימה צורן 2,464,קדימה,1
7009,הפ' חולון צפרירים,22,חולון צפרירים חולון,1
7032,מכבי שוהם 2,608,שוהם,1
7033,הפועל בני עייש,1170,(סגור)בני עייש,1
7034,מכבי ברקאי 2,512,קיבוץ ברקאי,1
7035,"הפועל כפ""ס מערב",345,כפר סבא אימונים עליון,1
7038,מ.כ הפועל ערערה בנגב,38,ירוחם,1
7039,הפועל אשקלון,370,(סגור)אשקלון אימונים-2,2
7040,הפועל אשקלון 2,308,(סגור)אשקלון אימונים 1,1
7041,הפועל קרית אונו 2,28,קרית אונו ישן,1
7042,"עירוני מודיעין 2 ""צו פיוס""",1186,מודיעין מגרש ליגד,1
7043,עירוני מודיעין,1186,מודיעין מגרש ליגד,1
7047,הפועל מיתר,1245,עומר,1
7050,הפועל מיתר,1293,מיתר,1
7052,בני סכנין,596,סכנין אימונים סינטטי,1
7053,הפ' בני דיר אל אסד,603,בענה,1
7054,"מ.כ.ע. אריאל ""צו פיוס""",255,אריאל,1
7058,"שמשון ת""א צפון",1352,תל אביב ספורטק צפון מגרש מזרחי,1
7070,הפועל מטה יהודה,1266,בית שמש אצטדיון,2
7071,מ.כ. צעירי נווה מדבר,38,ירוחם,1
7072,מ.ס. איחוד דרום השרון מערב,1279,ירחיב,1
7077,מכבי נועם,562,רהט הפועל רהט,1
7080,ביתר רמת גן צפון,612,רמת גן אימונים 2(טרומים),1
7081,"בית""ר רמת גן",225,רמת גן אימונים,1
7085,ביתר רמת גן צפון,612,רמת גן אימונים 2(טרומים),1
7086,בני יהוד,1012,יהוד ק.סביונים,1
7087,מ.כ. ערד,211,ערד,1
7088,מכבי פרדס כץ,612,רמת גן אימונים 2(טרומים),1
7089,בני אום אל פאחם,367,אום אל פחם,1
7093,כפר ורדים,171,ינוח,1
7094,הפ' בני פרדיס,170,פרדיס,1
7095,"בית""ר רמת גן",225,רמת גן אימונים,2
7096,מ.כ. פסוטה,287,פסוטה,1
7098,"מ.כ הפ' אשדוד ""צו פיוס""",1203,אשדוד סינטטי 2 קטן,1
7099,הפועל טירת כרמל,32,טירת כרמל,1
7100,הפועל טירת כרמל,32,טירת כרמל,1
7101,"הפועל טירת כרמל ""צו פיוס""",32,טירת כרמל,1
7102,"הפועל טירת כרמל ""צו פיוס""",32,טירת כרמל,1
7103,הפועל בני עייש,1170,(סגור)בני עייש,1
7104,הפועל בני עייש,1170,(סגור)בני עייש,1
7105,הפועל בני עייש,1170,(סגור)בני עייש,1
7106,הפועל אשקלון,370,(סגור)אשקלון אימונים-2,1
7107,א.ס. נורדיה ירושלים,1208,ירושלים הר חומה סינטטי,1
7108,מ.ס. צעירי טייבה,53,טייבה,1
7109,לוד,573,לוד אימונים 1,1
7113,הפ' בני פרדיס,170,פרדיס,1
7115,"מ.כ. מתנ""ס אופקים",133,אופקים,1
7116,הפועל חיפה 1,1239,קרית חיים בית נגלר מערבי (אתוס לשעבר),1
7117,"מ.כ. קרית חיים ""שמשון"" ""צו פיוס""",1239,קרית חיים בית נגלר מערבי (אתוס לשעבר),1
7118,"מ.כ. קרית חיים ""שמשון ""צו פיוס""",1239,קרית חיים בית נגלר מערבי (אתוס לשעבר),1
7122,הפועל בני עראבה,603,בענה,1
7123,מ.כ. כבביר,400,חיפה אבי רן,1
7125,הפועל דיר חנא,317,דיר חנא,1
7129,"בית""ר פרדס חנה ""צו פיוס""",91,פרדס חנה,1
7139,שמשון תל אביב דרום,1352,תל אביב ספורטק צפון מגרש מזרחי,1
7140,א.ס חולון מור 2,1082,"(סגור)חולון אימונים ע""י בית העלמין",2
7141,א.ס חולון מור צפון,1110,חולון אימונים בית העלמין,1
7142,"הפועל כפ""ס מערב",282,כפר סבא אימונים תחתון (סינטטי),1
7143,א.ס נורדיה ים ר.דיאון,1208,ירושלים הר חומה סינטטי,1
7144,מכבי שוהם 2,608,שוהם,1
7145,מכבי קרית גת 2,1190,קרית גת סינטטי אגוז,1
7146,"בית""ר ר""ג צפון",225,רמת גן אימונים,1
7147,"בית""ר ר""ג צפון",612,רמת גן אימונים 2(טרומים),1
7149,"הפועל חוף הכרמל / מ""מ",258,קיבוץ החותרים,1
7158,"הפ' ראשל""צ מערב",587,ראשון לציון סופרלנד 2 צפוני,2
7159,"הפועל פ""ת צפון",1136,פתח תקוה מושבה דרומי,2
7160,מכבי ע. שדרות ב,66,שדרות,1
7161,מכבי ברקאי 2,512,קיבוץ ברקאי,1
7163,"שמשון ת""א צפון",1352,תל אביב ספורטק צפון מגרש מזרחי,1
7165,"מ.ס ב""ש 2 ""צו פיוס""",1253,באר שבע רייסר 1 סינטטי,1
7167,הפועל הרצליה ע. מערב,588,הרצליה רן 2 (ילדים וטרומים),1
7169,בני יהוד 2,1012,יהוד ק.סביונים,1
7170,בני יהוד 2,1012,יהוד ק.סביונים,1
7174,הפ' חולון צפרירים 2,186,(סגור)חולון ישן,2
7177,מ.כ. הפ' עמק יזרעאל,250,נהלל,1
7178,מכבי הבשור,132,נופי הבשור מועצה אזורית אשכול,1
7181,בני אילת 2,1312,אילת קרית הספורט סינטטי,1
7187,"בית""ר ע.מעלה אדומים 2 ""צו פיוס""",515,מעלה אדומים אצטדיון טוטו,1
7188,עירוני נשר 2,1026,נשר סינטטי,1
7189,עירוני נשר,1026,נשר סינטטי,1
7190,מכבי חיפה גולדשנפלד,250,נהלל,1
7191,מ.ס. חיפה רובי שפירא 2,400,חיפה אבי רן,1
7192,מ.ס. חיפה רובי שפירא,1159,חיפה אגרטק (אתוס 1 לשעבר),1
7193,הפועל אל קסום,562,רהט הפועל רהט,1
7194,מ.ס. חיפה רובי שפירא 1,1159,חיפה אגרטק (אתוס 1 לשעבר),1
7198,"מ.ס הפועל לוד 2 בני רגב ""צו פיוס""",573,לוד אימונים 1,1
7199,הפועל אשקלון 2,564,אשקלון אימונים-3,2
7201,הפ' עירוני גדרה,1224,גדרה,1
7206,מכבי צור שלום ק. ביאליק 2,174,צור שלום,1
7207,הפועל ברנר,121,קרית עקרון,1
7212,בני א.א.פאחם 2,367,אום אל פחם,1
7230,"מכבי חיפה ""יואל""",636,חיפה קצף סינטטי,1
7232,"הכח מכבי עמידר ר""ג דרום",16,רמת גן וינטר,1
7237,מכבי שוהם 2,608,שוהם,1
7238,הפועל מטה אשר 2,342,ראש הנקרה,1
7240,"הפועל חוף הכרמל / מ""מ 2",258,קיבוץ החותרים,1
7243,שמשון בני טייבה 2,53,טייבה,1
7244,הפ' מעגן מיכאל 2,1060,מעגן מיכאל,1
7246,"בית""ר ע.מעלה אדומים דרום",515,מעלה אדומים אצטדיון טוטו,1
7252,"שמשון ת""א צפון",1352,תל אביב ספורטק צפון מגרש מזרחי,1
7255,מ.כ. חולון ירמיהו צפון,1082,"(סגור)חולון אימונים ע""י בית העלמין",2
7256,מ.כ. חולון ירמיהו 2,1082,"(סגור)חולון אימונים ע""י בית העלמין",2
7258,"הפועל פ""ת צפון",1136,פתח תקוה מושבה דרומי,1
7266,אגודת ספורט הפועל עומר,1245,עומר,1
7283,הפועל לב השרון,161,כפר יונה,1
7285,הפועל לב השרון,161,כפר יונה,1
7287,בני אילת 2,1312,אילת קרית הספורט סינטטי,1
7289,מ.ס. כדרוגל שפרעם,31,שפרעם,1
7292,אחווה אבו סנאן,294,אבו סנאן,1
7294,מכבי ע. בת ים 2,344,בת ים אימונים 1,1
7299,מכבי עספיא 2,57,עספיא,1
7300,מכבי עספיא 2,57,עספיא,1
7303,"בית""ר ע. מעלה אדומים 2 ""צו פיוס""",515,מעלה אדומים אצטדיון טוטו,1
7304,מ.ס כפר כמא 2,141,כפר כמא,1
7306,צעירי סכנין 2,596,סכנין אימונים סינטטי,1
7311,בני א.א. פאחם 2,367,אום אל פחם,1
7313,א.ס. הפועל עומר,1245,עומר,1
7325,"מ.ס. פרדס חנה כרכור 2 ""צו פיוס""",91,פרדס חנה,1
7326,מכבי שוהם 2,608,שוהם,1
7327,"הפועל ב""ש 2",966,באר שבע וסרמיל 1,1
7328,"מכבי פ""ת דרום",954,פתח תקוה מכבי סינטטי,1
7329,"מכבי ב""ש 2 ""צו פיוס""",330,באר שבע טאובל,1
7330,שמשון בני טייבה 2,53,טייבה,1
7332,הפועל חדרה מערב,50,חדרה בית אליעזר,1
7333,הפועל חדרה מערב,50,חדרה בית אליעזר,1
7334,הפועל חדרה מערב,50,חדרה בית אליעזר,1
7336,ה.מטה אשר 2,1103,עין המפרץ נעמן,1
7337,הפועל מעגן מיכאל,1060,מעגן מיכאל,1
7340,"הפועל ר""ג צפון",613,רמת גן ספארי,1
7341,מ.ס פרדס חנה כרכור 2,91,פרדס חנה,2
7344,מ.כ חולון ירמיהו 2,1082,"(סגור)חולון אימונים ע""י בית העלמין",2
7345,"שמשון ת""א 2",1352,תל אביב ספורטק צפון מגרש מזרחי,1
7353,מ.כ.ע אריאל,255,אריאל,1
7362,הפועל אחוה חיפה,602,חיפה אבי רן 2,2
7372,מ.ס. כדורגל שגב שלום,38,ירוחם,2
7373,סקציה נס ציונה 2,1303,נס ציונה אימונים סינטטי חדש,1
7374,הפועל יוקנעם 1,55,יקנעם,1
7379,מכבי כפר סבא מזרח,439,כפר סבא קפלן,1
7380,מ.עמק חפר 3,352,קיבוץ גבעת חיים,1
7381,מ.עמק חפר 3,352,קיבוץ גבעת חיים,1
7382,"מ.ס באר שבע ""צו פיוס""",1253,באר שבע רייסר 1 סינטטי,1
7383,"מכבי ב""ש 2 ""צו פיוס""",330,באר שבע טאובל,1
7384,"מכבי ב""ש 2 ""צו פיוס""",330,באר שבע טאובל,1
7388,אחי ביר אלמכסור 2,31,שפרעם,2
7392,מ.כ. אור יהודה 1,39,אור יהודה,1
7394,מכבי סקציה מעלות תרשיחא 2,44,מעלות,1
7395,מ.ס.צ.כפר קנא 2,78,כפר כנא,1
7403,הפועל פרדסייה,105,פרדסיה,1
7406,מכבי קרית גת 2 דרום,1190,קרית גת סינטטי אגוז,1
7407,ה.איכסל עמאד,237,איכסל,1
7408,הפועל הרצליה ע. מערב,588,הרצליה רן 2 (ילדים וטרומים),1
7429,א.ס רמת אליהו,184,ראשון לציון רמת אליהו,1
7438,הפועל ירושלים מערב,1310,אבו גוש,1
7439,"מכבי פ""ת",310,פתח תקוה מכבי אימונים,2
7440,מ.כ חולון ירמיהו דרום,1260,חולון אימונים סינטטי ליד בית העלמין,2
7441,מ.כ חולון ירמיהו צפון,1260,חולון אימונים סינטטי ליד בית העלמין,2
7442,מ.כ. קרית חיים,1238,קרית חיים בית נגלר מזרחי (אתוס לשעבר),1
7443,"מ.כ. קרית חיים ""צו פיוס""",1238,קרית חיים בית נגלר מזרחי (אתוס לשעבר),1
7444,מכבי ע. שדרות,66,שדרות,1
7445,מכבי ע. שדרות,66,שדרות,1
7447,"הפועל ב""ש 3",966,באר שבע וסרמיל 1,2
7449,"הפועל ב""ש 2",966,באר שבע וסרמיל 1,2
7450,"הפועל ב""ש אדום",966,באר שבע וסרמיל 1,2
7452,הפועל לב השרון 2,161,כפר יונה,1
7453,הפועל חיפה 2,3,קרית חיים,1
7455,"מכבי ב""ש 2 ""צו פיוס""",330,באר שבע טאובל,1
7459,הפועל אשקלון 2,370,(סגור)אשקלון אימונים-2,2
7460,מכבי ע. קרית אתא,326,קרית אתא,1
7461,מכבי ע. קרית אתא,326,קרית אתא,1
7462,ע. מודיעין 3,1186,מודיעין מגרש ליגד,2
7463,ע. מודיעין 3,1186,מודיעין מגרש ליגד,2
7464,הפועל ע. כרמיאל 2,580,כרמיאל,1
7466,הפועל בית שאן מסילות,365,בית שאן אימונים,1
7467,ה.בית שאן יוסי בניפוסי,365,בית שאן אימונים,1
7469,הפועל מ.ס. חבל מודיעין 2,1153,כפר בן שמן,1
7470,מכבי ע. כפר יונה 2,161,כפר יונה,1
7471,מכבי צור שלום ק. ביאליק 2,174,צור שלום,1
7472,"הכח מכבי עמידר ר""ג מרכז",613,רמת גן ספארי,1
7473,"הכח מכבי עמידר ר""ג 3",181,רמת גן השקמה,1
7474,"מכבי עמישב פ""ת 2",595,פתח תקוה סירקין ספורטק אצטדיון,1
7481,ה.קרית ים,1269,קרית ים סינטטי,1
7482,מ.כפר סבא מערב,439,כפר סבא קפלן,1
7483,"מ.כפ""ס מערב",439,כפר סבא קפלן,1
7485,קרית ים,1269,קרית ים סינטטי,1
7486,"בית""ר חיפה 2",602,חיפה אבי רן 2,1
7487,ב.חיפה,1159,חיפה אגרטק (אתוס 1 לשעבר),1
7489,מ.כ אור יהודה,39,אור יהודה,1
7490,"מ.כ.ע אור יהודה 2 ""צו פיוס""",39,אור יהודה,1
7491,"הפועל ר""ג צפון",402,רמת גן ספארי (תשיעיות),1
7493,מכבי ברקאי 2,512,קיבוץ ברקאי,1
7494,"בית""ר פתח תקוה 2",1136,פתח תקוה מושבה דרומי,1
7497,"עוצמה מ.כ.""הרצל""חולון מרכז",1316,חולון טוטו,1
7498,"עוצמה מ.כ.""הרצל"" חולון מרכז",1260,חולון אימונים סינטטי ליד בית העלמין,1
7506,ס. נס ציונה 2,1086,(סגור)נס ציונה סינטטי מרגולין 1,2
7510,מ.ס. קרית ים 2,1269,קרית ים סינטטי,1
7513,מ.כ. מועצה אזורית יואב,1224,גדרה,1
7517,מ.כ. חולון ירמיהו מרכז,1260,חולון אימונים סינטטי ליד בית העלמין,2
7518,מ.כ חולון ירמיהו צפון,1260,חולון אימונים סינטטי ליד בית העלמין,1
7520,"מכבי עתלית ""צו פיוס""",313,עתלית,1
7522,מ.כ עמק המעיינות,569,קיבוץ מסילות,2
7524,ע. ראש העין 2,637,"מכבי פ""ת מגרש ב'",1
7532,מכבי רחובות דרום,1215,רחובות מכבי רחובות וייסגל סינטטי,1
7533,מכבי צורן,464,קדימה,1
7534,מ.כ. מועצה איזורית יואב,1224,גדרה,1
7535,"הכח מכבי עמידר ר""ג 3",181,רמת גן השקמה,1
7536,מ.כ חולון ירמיהו 2,41,אזור,2
7544,מ.כ. בנימינה 2,606,בנימינה,1
7545,הפועל עפולה 2,1132,עפולה סינטטי,1
7546,מ.כ חולון ירמיהו מרכז,186,(סגור)חולון ישן,2
7548,מ.כ. דלית אל כרמל,58,דלית אל כרמל,1
7549,"שמשון ת""א צפון",1352,תל אביב ספורטק צפון מגרש מזרחי,1
7555,סקציה נס ציונה 2,1086,(סגור)נס ציונה סינטטי מרגולין 1,1
7556,"מכבי באר שבע 2 ""צו פיוס""",330,באר שבע טאובל,1
7557,הפועל רעננה 3,363,רעננה פארק צפוני סינטטי,1
7562,מ.ס איחוד דרום השרון צפון,1279,ירחיב,1
7563,הפועל י-ם מערב,1310,אבו גוש,1
7564,מ.כ. כרמל חיפה 2,1159,חיפה אגרטק (אתוס 1 לשעבר),1
7567,מכבי רחובות דרום,1215,רחובות מכבי רחובות וייסגל סינטטי,1
7568,הפועל הרצליה ע. מערב,588,הרצליה רן 2 (ילדים וטרומים),1
7570,הפועל לב השרון דרום,161,כפר יונה,1
7571,הפועל לב השרון 2,161,כפר יונה,1
7572,מ.כ קרית חיים,1238,קרית חיים בית נגלר מזרחי (אתוס לשעבר),2
7573,מ.כ בנימינה 2,606,בנימינה,1
7574,מ.כ. ג'וליס,204,ג׳וליס,1
7575,הפועל עירוני כרמיאל 2,580,כרמיאל,1
7577,מ.כ.ע אריאל 2,255,אריאל,1
7578,מכבי ע. קרית אתא 2,326,קרית אתא,2
7579,מכבי ע. קרית אתא 2,326,קרית אתא,1
7580,"מכבי עמישב פ""ת צפון",595,פתח תקוה סירקין ספורטק אצטדיון,1
7581,"מ.ס ב""ש 3 ""צו פיוס""",1253,באר שבע רייסר 1 סינטטי,1
7583,מ.ס. קרית ים 2,1269,קרית ים סינטטי,1
7585,הפועל קרית אונו 2,28,קרית אונו ישן,1
7586,מכבי חיפה צפון,636,חיפה קצף סינטטי,1
7587,צ.שעב,162,שעב,1
7588,מכבי קרית גת 2 דרום,1190,קרית גת סינטטי אגוז,1
7590,מכבי ע. שדרות 2,66,שדרות,1
7593,ע. ראש העין צפון,1339,ראש העין,1
7595,מכבי יבנה 2,1265,יבנה קרית הספורט,1
7597,מכבי עספיא 2,57,עספיא,1
7598,"בית""ר פ""ת 2",1252,פתח תקוה סירקין אימונים 3,1
7599,"שמשון ת""א דרום",1352,תל אביב ספורטק צפון מגרש מזרחי,1
7602,מ.סהפועל קרית ים,1269,קרית ים סינטטי,1
7604,מכבי צור שלום ביאליק 2,174,צור שלום,1
7606,"בית""ר ת""א צפון",344,בת ים אימונים 1,1
7607,"בית""ר ת""א צפון",344,בת ים אימונים 1,1
7610,שמשון בני טייבה 3,53,טייבה,1
7622,מ.כ. ג'וליס,204,ג׳וליס,1
7625,הפועל אורנית 2,516,אורנית,1
7628,מ עמק חפר 2,1020,בת חפר יישוב,1
7632,"מ.כ. שדרות ""צו פיוס""",66,שדרות,1
7636,מ.צור שלום,174,צור שלום,1
7638,"שמשון ת""א דרום",1352,תל אביב ספורטק צפון מגרש מזרחי,1
7639,מכבי קרית מלאכי 2,1088,קרית מלאכי סינטטי,1
7640,מ.כ מכבי נהריה,1305,נהריה 2 סינטטי,1
7641,איחוד בני שפרעם,1251,שפרעם חדש סינטטי,1
7647,"מ.כ. שדרות ""צו פיוס""",66,שדרות,1
7657,מ.כ קרית חיים,1238,קרית חיים בית נגלר מזרחי (אתוס לשעבר),1
7659,ס. נס ציונה 2,1303,נס ציונה אימונים סינטטי חדש,1
7660,בית''ר גן יבנה 2,984,(סגור)גן יבנה,1
7661,בית''ר גן יבנה,984,(סגור)גן יבנה,1
7662,בית''ר גן יבנה,984,(סגור)גן יבנה,1
7664,מ.כ נווה שאנן 2,400,חיפה אבי רן,1
7665,"מכבי ב""ש דרום ""צו פיוס""",330,באר שבע טאובל,1
7666,הפועל מיתר,1293,מיתר,1
7667,הפועל מיתר,1293,מיתר,1
7668,הפ' ניר רמת השרון דרום,1281,רמת השרון סינטטי קטן,1
7671,הפ' נוף הגליל 2,1318,נוף הגליל סינטטי חדש,1
7672,הפ' נוף הגליל,1318,נוף הגליל סינטטי חדש,1
7673,מ.כ.כרמל חיפה 2,1159,חיפה אגרטק (אתוס 1 לשעבר),1
7674,"מ.באר שבע ""צו פיוס""",1278,(סגור)רייסר 4 סגור/ישן,1
7675,מ.כ בנימינה 2,606,בנימינה,1
7676,"מ.ס באר שבע ""צו פיוס""",1253,באר שבע רייסר 1 סינטטי,1
7677,"מ.ספורט באר שבע ""צו פיוס""",1253,באר שבע רייסר 1 סינטטי,1
7678,"מ.ס.באר שבע 2 ""צו פיוס""",1277,רייסר 3 (דשא),1
7679,מ.כ גני תקווה 2,1247,גני תקווה,1
7681,"מכבי עמישב פ""ת אלי צפון",595,פתח תקוה סירקין ספורטק אצטדיון,1
7682,מ.כפר סבא,439,כפר סבא קפלן,1
7683,"הפ' חולון צפרירים ""צו פיוס""",22,חולון צפרירים חולון,1
7684,מ.ס. ב''ש 3,1253,באר שבע רייסר 1 סינטטי,1
7687,"מ.ס הפועל לוד בני רגב ""צו פיוס""",573,לוד אימונים 1,1
7689,מ.ס. הפועל לוד 2 בני רגב,1123,לוד סינטטי חדש,1
7690,מ.ס. הפועל לוד בני רגב,1123,לוד סינטטי חדש,1
7693,הפועל מטה אשר 3,1103,עין המפרץ נעמן,1
7695,הפועל מטה אשר 2,1103,עין המפרץ נעמן,1
7696,הפועל מטה יהודה,1310,אבו גוש,1
7699,מכבי רחובות דרום,238,(סגור)רחובות מכבי רחובות קריית משה,1
7700,מ.ס.קרית ים 2,1269,קרית ים סינטטי,1
7701,מ.ס קרית ים,1269,קרית ים סינטטי,1
7703,הפועל מ.ס חבל מודיעין 2,1153,כפר בן שמן,1
7704,הפועל מ.ס חבל מודיעין 2,1153,כפר בן שמן,1
7705,הפ' רמות מנשה מגידו 2,350,רמות מנשה,1
7706,"בית""ר גדרה 2",1224,גדרה,1
7707,הפועל א.א. פאחם 2,411,אום אל פאחם סינטטי,1
7708,הפועל א.א. פאחם 2,411,אום אל פאחם סינטטי,1
7709,ה.מטה אשר 3,1103,עין המפרץ נעמן,1
7710,שמשון תל אביב דרום,1352,תל אביב ספורטק צפון מגרש מזרחי,1
7711,אהלי טמרה 2,254,טמרה,1
7712,הפועל ברנר דרום,121,קרית עקרון,1
7713,הפועל בני בענה 2,603,בענה,1
7715,"מ.כ.שדרות דרום ""צו פיוס""",66,שדרות,1
7716,מ.ס איחוד דרום השרון מזרח,1279,ירחיב,1
7720,מכבי חיפה מנצ'ל,636,חיפה קצף סינטטי,1
7722,מכבי קרית גת 2,1190,קרית גת סינטטי אגוז,1
7724,מ.כ.ע אריאל 2,255,אריאל,1
7725,הפ' עירוני גדרה 2,1224,גדרה,1
7729,מכבי יהוד מונוסון 2,1012,יהוד ק.סביונים,1
7730,מכבי יהוד מונוסון 2,1012,יהוד ק.סביונים,1
7734,מ.כ. שפרעם 2,1251,שפרעם חדש סינטטי,1
7735,בני דבוריה,293,דבוריה,1
7736,עירוני באר יעקב 2,68,באר יעקב,1
7738,מ.ס דימונה כחול,1294,דימונה סינטטי חדש,1
7745,מ.ס שיכון המזרח 2,233,ראשון לציון מתחת לגשר,1
7746,הפועל עפולה 2,1132,עפולה סינטטי,1
7747,שמשון ת''א דרום,1352,תל אביב ספורטק צפון מגרש מזרחי,1
7748,הפ' בית שאן 2,148,בית שאן,1
7751,איחוד בני שפרעם,1251,שפרעם חדש סינטטי,1
7753,מ.ס שפרעם,1251,שפרעם חדש סינטטי,1
7754,"מכבי מתנ""ס רהט",368,רהט צעירי רהט,1
7755,"בית""ר תל אביב חולון 2",1316,חולון טוטו,1
7757,"הפ' חולון צפרירים 2 ""צו פיוס""",22,חולון צפרירים חולון,1
7758,מ.קרית חיים 2,1238,קרית חיים בית נגלר מזרחי (אתוס לשעבר),1
7759,מ.כפר סבא,439,כפר סבא קפלן,1
7767,"בית""ר נהריה 3",1306,נהריה 3 סינטטי,1
7769,"בית""ר נהריה 2",1306,נהריה 3 סינטטי,1
7773,מכבי ע.קרית אתא 2,326,קרית אתא,1
7775,הפ' מעגן מיכאל 2,1060,מעגן מיכאל,1
7778,מ.כ גני תקווה 2,1247,גני תקווה,1
7779,מכבי יבנה 2,1265,יבנה קרית הספורט,1
7780,מכבי תל אביב 3,336,תל אביב קרית שלום סינטטי,1
7782,מ.ס.הפועל קרית ים,1269,קרית ים סינטטי,1
7783,"גדנע ת""א 2",1302,תל אביב גדנע ת״א חדש,1
7787,ה.יוקנעם,55,יקנעם,1
7789,מכבי השקמה חן דרום,181,רמת גן השקמה,1
7790,מכבי שעריים רחובות 2,1212,רחובות שעריים וייסגל סינטטי,1
7791,מכבי ע. נתיבות,1280,נתיבות חדש סינטטי,1
7792,מ.ס איחוד דרום השרון מזרח,1279,ירחיב,1
7794,הפועל עפולה 2,1132,עפולה סינטטי,1
7795,מכבי תל מונד,105,פרדסיה,1
7796,הפועל עירוני עראבה,317,דיר חנא,1
7797,מ.כ שפרעם 2,1251,שפרעם חדש סינטטי,1
7799,שמשון בני טייבה 2,53,טייבה,1
7801,מכבי רחובות צפון,1215,רחובות מכבי רחובות וייסגל סינטטי,1
7802,הפועל חיפה 2,3,קרית חיים,1
7804,מ.כ. בנימינה 2,606,בנימינה,1
7810,מכבי אשקלון צפון,1145,"אשקלון סינטטי ע""ש איציק ""חיפה"" כהן",1
7812,מכבי ברקאי 2,512,קיבוץ ברקאי,1
7855,מכבי זכרון יעקב,51,זכרון יעקב,1
7857,הפועל לב השרון 2,161,כפר יונה,1
7858,ס. נס ציונה 2,1303,נס ציונה אימונים סינטטי חדש,1
7860,ס. נס ציונה,1303,נס ציונה אימונים סינטטי חדש,1
7862,הפ' ניר רמת השרון 3,1281,רמת השרון סינטטי קטן,1
7863,בני יהוד 2,1012,יהוד ק.סביונים,1
7865,הפ' נוף הגליל 2,1318,נוף הגליל סינטטי חדש,1
7866,מ.ס איחוד דרום השרון צפון,1279,ירחיב,1
7868,הפועל עמק הירדן 2,1147,קיבוץ מעגן,1
7870,בית''ר גן יבנה 2,984,(סגור)גן יבנה,1
7880,מכבי יהוד מונוסון 2,1012,יהוד ק.סביונים,1
7881,מכבי יהוד מונוסון,1012,יהוד ק.סביונים,1
7882,מכבי יהוד מונוסון 2,1012,יהוד ק.סביונים,1
7883,מכבי יהוד מונוסון 3,1012,יהוד ק.סביונים,1
7884,מ.ס. כדורגל שגב שלום,1257,באר שבע רייסר 4 סינטטי,1
7885,מ.ס רמלה 2,620,רמלה ג'רסי,1
7886,"הפ' חולון צפרירים צפון ""צו פיוס""",22,חולון צפרירים חולון,1
7888,מ.כ גני תקווה 2,1247,גני תקווה,1
7889,מ.כ גני תקווה 2,1247,גני תקווה,1
7890,עירוני באר יעקב 2,68,באר יעקב,1
7891,הפועל ברנר דרום,121,קרית עקרון,1
7893,מכבי קרית גת 3,1190,קרית גת סינטטי אגוז,1
7896,"עוצמה מ.כ""הרצל"" חולון דרום",1316,חולון טוטו,1
7897,עוצמה מ.כ חולון שי ארוס,1316,חולון טוטו,1
7899,הפועל עפולה 2,1132,עפולה סינטטי,1
7901,מכבי השקמה חן צפון,613,רמת גן ספארי,1
7903,מ.כ.ע. אור יהודה 2,39,אור יהודה,1
7904,מ.כ.ע. אור יהודה 2,39,אור יהודה,1
7906,מ.ס.דימונה לבן,1294,דימונה סינטטי חדש,1
7908,מ.כ מועצה אזורית יואב,583,כנות,1
7912,הפ' מ.ס חבל מודיעין 2,1153,כפר בן שמן,1
7913,הפועל מטה אשר 2,1103,עין המפרץ נעמן,1
7917,מכבי נווה שאנן 2,400,חיפה אבי רן,1
7918,הפועל עמק הירדן 2,1147,קיבוץ מעגן,1
7919,הפועל עמק הירדן 2,1147,קיבוץ מעגן,1
7920,"מכבי אשקלון צפון ""צו פיוס""",1145,"אשקלון סינטטי ע""ש איציק ""חיפה"" כהן",1
7921,מכבי אשקלון צפון,1145,"אשקלון סינטטי ע""ש איציק ""חיפה"" כהן",1
7922,מכבי אשקלון צפון,1145,"אשקלון סינטטי ע""ש איציק ""חיפה"" כהן",1
7923,מכבי קרית גת 3 צפון,1190,קרית גת סינטטי אגוז,1
7924,מכבי קרית גת 3 צפון,1190,קרית גת סינטטי אגוז,1
7925,מ.כ בנימינה 3,606,בנימינה,1
7926,מ.ס. צעירי כפר קנא,78,כפר כנא,1
7929,מ.כ בנימינה 3,606,בנימינה,1
7931,מ.ס.קרית ים 2,1269,קרית ים סינטטי,1
7932,הפועל ר. מנשה מגידו 2,350,רמות מנשה,1
7933,"בית""ר ר""ג דרום",612,רמת גן אימונים 2(טרומים),1
7934,איחוד בני בקה 2,49,בקה אל גרביה,1
7935,איחוד בני בקה 2,1142,בקה אל גרביה סינטטי,1
7936,איחוד בני בקה 2,49,בקה אל גרביה,1
7939,מ.ס.קדימה צורן 2,464,קדימה,1
7941,בני דיר חנא,317,דיר חנא,1
7942,מ.ס גבעת שמואל 2,574,תל אביב וולפסון 4,1
7943,ה.מ. יהודה צפון,197,פתח תקוה מחנה יהודה,1
7944,ה.ריינה,1291,ריינה סינטטי,1
7945,ה.ריינה,1291,ריינה סינטטי,1
7946,ה.ריינה,1291,ריינה סינטטי,1
7949,הפועל פרדסייה נועם,105,פרדסיה,1
7951,הפועל פרדסייה נועם,105,פרדסיה,1
7952,"הכח מכבי עמידר ר""ג 3",181,רמת גן השקמה,1
7953,מכבי עין מאהל 2,293,דבוריה,1
7954,מ.כדורגל שדרות דרום,66,שדרות,1
7955,מ.כ. שדרות דרום,66,שדרות,1
7956,הפועל פרדסייה 2,105,פרדסיה,1
7959,מכבי עירוני בת ים צפון,245,בת ים אצטדיון טוטו,1
7960,מכבי עירוני בת ים צפון,245,בת ים אצטדיון טוטו,1
7961,מכבי עירוני בת ים 3,344,בת ים אימונים 1,1
7962,מכבי עירוני בת ים צפון,245,בת ים אצטדיון טוטו,1
7965,מ.כ הפועל גלבוע 2,325,תענך גוש יעל/אסי גלבוע,1
7966,מ.כ הפועל גלבוע 2,325,תענך גוש יעל/אסי גלבוע,1
7967,מכבי צור שלום ק. ביאליק 2,174,צור שלום,1
7968,מ.ע. כפר יונה,161,כפר יונה,1
7969,שמשון בני טייבה 3,53,טייבה,1
7973,מכבי תל מונד,105,פרדסיה,1
7974,בית''ר פרדס חנה 2,1146,פרדס חנה אימונים,1
7976,מ.ס.שפרעם 2,1251,שפרעם חדש סינטטי,1
7978,מ.ס עמק חפר צפון,512,קיבוץ ברקאי,1
7979,מ.ס עמק חפר צפון,512,קיבוץ ברקאי,1
7980,מ.ס עמק חפר 2,512,קיבוץ ברקאי,1
7986,מ.ס באר שבע 3,297,"(סגור)רייסר ב""ש",1
7987,מ.ס באר שבע 3,297,"(סגור)רייסר ב""ש",1
7989,הפועל עירוני גדרה 2,1224,גדרה,1
7994,"בית""ר י-ם צפון",188,ירושלים בית וגן 2 עליון סינטטי,1
7996,עירוני באר יעקב 2,68,באר יעקב,1
8000,מ. כדורגל נהלל יזראעל צפון,250,נהלל,1
8001,מ.כ נהלל יזראעל 3,250,נהלל,1
8002,עירוני בני שעב,162,שעב,1
8005,מ.כדורגל נהלל יזראעל 3,250,נהלל,1
8006,מ.כדורגל נהלל צפון,250,נהלל,1
8008,מ.כדורגל נהלל יזראעל צפון,250,נהלל,1
8009,מ.כדורגל נהלל יזראעל צפון,250,נהלל,1
8011,מכבי אחווה פרדיס,170,פרדיס,1
8014,שמשון בני טייבה 3,53,טייבה,1
8015,מ.כ.כרמל חיפה 2,1159,חיפה אגרטק (אתוס 1 לשעבר),1
8016,"הפועל חוף הכרמל / מ""מ 2",1060,מעגן מיכאל,1
8017,"הפועל חוף הכרמל / מ""מ 2",258,קיבוץ החותרים,1
8018,"הפועל חוף הכרמל / מ""מ 3",258,קיבוץ החותרים,1
8020,ב.חיפה יעקב 2,400,חיפה אבי רן,1
8021,מ.ס שיכון המזרח 2,233,ראשון לציון מתחת לגשר,1
8022,מ.כ.שפרעם 2,1251,שפרעם חדש סינטטי,1
8023,שמשון ת''א דרום,1136,פתח תקוה מושבה דרומי,1
8025,ה.ב. בענה 2,603,בענה,1
8026,ה.ב.בענה2,603,בענה,1
8027,בני מג'אר,603,בענה,1
8028,"מ.ס הפועל לוד 2 בני רגב ""צו פיוס""",1123,לוד סינטטי חדש,1
8030,בני דבוריה 2,293,דבוריה,1
8031,הפועל סכנין,596,סכנין אימונים סינטטי,1
8032,הפועל סכנין,596,סכנין אימונים סינטטי,1
8033,הפועל סכנין,596,סכנין אימונים סינטטי,1
8034,הפועל סכנין,596,סכנין אימונים סינטטי,1
8037,הפועל טירת כרמל 2,32,טירת כרמל,1
8038,"בית""ר ר""ג 2",225,רמת גן אימונים,1
8040,הפועל ראשל''צ צפון,1061,ראשון לציון סופרלנד מרכזי תשעיות,1
8041,מכבי יבנה 2,349,יבנה דרך הנשיאים,1
8042,איחוד בני כפר קרע 2,89,כפר קרע,1
8044,מ.ס.כפר כמא 2,141,כפר כמא,1
8045,מ.ס יפו אורתודוכסים,63,תל אביב יפו צעירי יפו,1
8046,הפועל סכנין,596,סכנין אימונים סינטטי,1
8047,הפועל סכנין,596,סכנין אימונים סינטטי,1
8049,מכבי סקציה מ.תרשיחא 2,44,מעלות,1
8051,מכבי ס.מעלות תרשיחא 2,44,מעלות,1
8059,א.ס חולון מור צפון,1082,"(סגור)חולון אימונים ע""י בית העלמין",1
8060,הפועל נוף הגליל 2,1318,נוף הגליל סינטטי חדש,1
8061,עירוני טבריה 2,14,טבריה,1
8063,מכבי עספיא 2,57,עספיא,1
8068,מכבי עירוני קרית אתא 2,326,קרית אתא,1
8069,מכבי עירוני קרית אתא 3,326,קרית אתא,1
8070,מכבי אחי איכסל,237,איכסל,1
8071,"בית""ר מועצה איזורית מטה בנימין",1136,פתח תקוה מושבה דרומי,1
8073,מכבי שעריים רחובות 2,1212,רחובות שעריים וייסגל סינטטי,1
8074,מ.כ נהלל יזרעאל צפון,250,נהלל,1
8075,מ.כ נהלל יזרעאל צפון,250,נהלל,1
8078,מ.כ. נוה יוסף 2,602,חיפה אבי רן 2,1
8079,מכבי בני ריינה 2,1291,ריינה סינטטי,1
8080,מ.נוג'ידאת אחמד,1311,בועיינה נוג'ידאת מזרחי חדש,1
8081,מ.ס. חיפה רובי שפירא2,400,חיפה אבי רן,1
8082,הפועל איחוד בני ג'ת 2,341,כפר ג'ת המשולש,1
8083,צעירי אום אל פאחם,411,אום אל פאחם סינטטי,1
8086,הפועל אום אל פאחם,411,אום אל פאחם סינטטי,1
8088,א.ס נורדיה ירושלים 2,1208,ירושלים הר חומה סינטטי,1
8089,צעירי סכנין 2,596,סכנין אימונים סינטטי,1
8090,בית''ר נהריה 2,30,(סגור)נהריה,1
8093,הפ' ע. בקה אל גרבייה 2,1142,בקה אל גרביה סינטטי,1
8095,מ.כ שפרעם 2,1251,שפרעם חדש סינטטי,1
8096,"הפועל טירת כרמל 2 ""צו פיוס""",32,טירת כרמל,1
8097,בית''ר חיפה יעקב 2,400,חיפה אבי רן,1
8098,"בית""ר עירוני קרית גת דודו 2",1190,קרית גת סינטטי אגוז,1
8108,א.ס רמת אליהו,184,ראשון לציון רמת אליהו,1
8109,מכבי גן יבנה,1326,גן יבנה אצטדיון,1
8110,"מכבי ברקאי 2 ""צו פיוס""",512,קיבוץ ברקאי,1
8111,מ.כ גני תקווה 3,1247,גני תקווה,1
8112,"מכבי ב""ש 3 ""צו פיוס""",330,באר שבע טאובל,1
8114,הפ' ירושלים מערב,1310,אבו גוש,1
8116,מכבי נווה שאנן 2,602,חיפה אבי רן 2,1
8120,מ.כ כבביר 2,1159,חיפה אגרטק (אתוס 1 לשעבר),1
8121,מ.ס קדימה צורן 2,464,קדימה,1
8124,"ה. ראשל""צ צפון",397,ראשון לציון תיכון עמית,1
8125,מ. עמישב פתח תקווה,595,פתח תקוה סירקין ספורטק אצטדיון,1
8126,ע. באר יעקב 2,68,באר יעקב,1
8127,מכבי יהוד מונסון 3,1012,יהוד ק.סביונים,1
8128,"עוצמה מ.כ.""הרצל"" חולון 2",1316,חולון טוטו,1
8129,מכבי נתניה 2,1078,נתניה שפירא,1
8131,מ.כ מכבי אשקלון,1145,"אשקלון סינטטי ע""ש איציק ""חיפה"" כהן",1
8132,מכבי השקמה חן דרום,181,רמת גן השקמה,1
8133,מ.ס איחוד דרום השרון צפון,1279,ירחיב,1
8135,מ.כ מיתר 2,1293,מיתר,1
8136,מכבי קרית מלאכי 2,1088,קרית מלאכי סינטטי,1
8137,איחוד צעירי איכסל סמיר,237,איכסל,1
8138,ה.מ יהודה ד',197,פתח תקוה מחנה יהודה,1
8139,ה.מ.יהודה צפון איתי פריזט,197,פתח תקוה מחנה יהודה,1
8140,הפועל עירוני עראבה 2,317,דיר חנא,1
8141,הפועל עירוני עראבה 2,317,דיר חנא,1
8142,הפועל עירוני עראבה 2,317,דיר חנא,1
8145,הפועל לב השרון 2,161,כפר יונה,1
8147,הפועל דלית אל כרמל,58,דלית אל כרמל,1
8148,"הפועל קרית חיים ליבוביץ יעקב ""צו פיוס""",1238,קרית חיים בית נגלר מזרחי (אתוס לשעבר),1
8152,הפועל ע. בקה אל גרבייה 2,1142,בקה אל גרביה סינטטי,1
8154,מ.כ מיתר 2,1293,מיתר,1
8155,"בית""ר גדרה צפון",1224,גדרה,1
8157,"מ.ס באר שבע 3 ""צו פיוס""",297,"(סגור)רייסר ב""ש",1
8162,מכבי עירוני בת ים דרום,245,בת ים אצטדיון טוטו,1
8164,עירוני ראש העין צפון,1339,ראש העין,1
8167,"ה. ניר רמה""ש דרום",1281,רמת השרון סינטטי קטן,1
8168,"ה. ניר רמה""ש צפון",1281,רמת השרון סינטטי קטן,1
8171,"מכבי עתלית 2 ""צו פיוס""",313,עתלית,1
8175,מכבי צעירי קלנסואה,102,קלנסואה,1
8176,מכבי צעירי קלנסואה,102,קלנסואה,1
8177,מכבי צעירי קלנסואה,102,קלנסואה,1
8181,מכבי גן יבנה 2,1326,גן יבנה אצטדיון,1
8184,"הפועל חוף הכרמל / מ""מ 3",258,קיבוץ החותרים,1
8185,"הפועל חוף הכרמל / מ""מ 3",258,קיבוץ החותרים,1
8186,"הפועל חוף הכרמל / מ""מ 3",258,קיבוץ החותרים,1
8191,מ.ס. כפר יאסיף 2,257,שיח-דנון,1
8193,מ.ס. כפר יאסיף 2,257,שיח-דנון,1
8194,מ.ס. כפר יאסיף 3,257,שיח-דנון,1
8195,מ.ס. כפר יאסיף 2,257,שיח-דנון,1
8196,מ.ס. כפר יאסיף 3,257,שיח-דנון,1
8198,הפועל בני עראבה,603,בענה,1
8199,הפועל בני עראבה,603,בענה,1
8200,הפועל בני עראבה,603,בענה,1
8206,איחוד הפועל ביר אל מכסור 2,55,יקנעם,1
8218,מ.ס. שפרעם 2,1251,שפרעם חדש סינטטי,1
8219,מ.ס. שפרעם 2,1251,שפרעם חדש סינטטי,1
8224,"בית""ר אום אל פאחם",411,אום אל פאחם סינטטי,1
8225,"בית""ר אום אל פאחם",411,אום אל פאחם סינטטי,1
8226,"בית""ר אום אל פאחם",411,אום אל פאחם סינטטי,1
8230,הפועל ע. גדרה 2,1224,גדרה,1
8231,מכבי יבנה 2,349,יבנה דרך הנשיאים,1
8242,הפועל איחוד בני ג'ת 2,341,כפר ג'ת המשולש,1
8245,הפועל פרדסייה 2,105,פרדסיה,1
8246,מ.כ. מכבי אשקלון מערב,1145,"אשקלון סינטטי ע""ש איציק ""חיפה"" כהן",1
8248,הפועל חדרה צפון,1264,חדרה רמדה,1
8249,מ.ס. בני יפו אורתודוכס 2,63,תל אביב יפו צעירי יפו,1
8250,אחווה כפר קרע 2,89,כפר קרע,1
8251,אחווה כפר קרע 2,89,כפר קרע,1
8252,אחווה כפר קרע 2,89,כפר קרע,1
8253,הפועל חדרה צפון,1264,חדרה רמדה,1
8254,מ.כ.ע אריאל 2,255,אריאל,1
8255,מכבי עירוני קרית אתא 2,326,קרית אתא,1
8256,הפועל מגדל העמק,54,מגדל העמק,1
8260,"בית""ר נהריה 3",1305,נהריה 2 סינטטי,1
8261,מ.ס שיכון המזרח 2,233,ראשון לציון מתחת לגשר,1
8263,מכבי עתלית 2,313,עתלית,1
8264,מ.ס צעירי חיפה 2,313,עתלית,1
8265,מ.ס. חיפה רובי שפירא 2,1159,חיפה אגרטק (אתוס 1 לשעבר),1
8269,מ.ס. צעירי חיפה 2,400,חיפה אבי רן,1
8270,מ.ס. צעירי חיפה 2,1160,חיפה אגרטק (אתוס 2 לשעבר),1
8271,מכבי שעריים רחובות 2,1212,רחובות שעריים וייסגל סינטטי,1
8273,איחוד בני מג'דל כרום 2,48,מג'ד אל כרום,1
8282,מ.כ. הפועל גלבוע 2,325,תענך גוש יעל/אסי גלבוע,1
8284,מ.ס. שפרעם 2,1251,שפרעם חדש סינטטי,1
8286,"הפועל עליה כפ""ס 2",1004,"כפר סבא עליה כ""ס",1
8287,"הפועל עליה כפ""ס 2",1004,"כפר סבא עליה כ""ס",1
8289,מכבי בני אבו סנאן,294,אבו סנאן,1
8293,שמשון בני טייבה 2,53,טייבה,1
8294,הפועל עכו 2,1167,עכו הפועל עכו חדש,1
8295,הפועל עכו 2,1167,עכו הפועל עכו חדש,1
8296,הפועל בני בענה 2,603,בענה,1
8298,עירוני אשקלון 2,1145,"אשקלון סינטטי ע""ש איציק ""חיפה"" כהן",1
8299,"בית""ר חיפה יעקב 2",313,עתלית,1
8300,"הפועל ""יהודה"" אזור 2",41,אזור,1
8301,עירוני אשקלון 2,1145,"אשקלון סינטטי ע""ש איציק ""חיפה"" כהן",1
8302,עירוני אשקלון 2,1145,"אשקלון סינטטי ע""ש איציק ""חיפה"" כהן",1
8303,מ.ע.קרית אתא 3,326,קרית אתא,1
8304,צעירי שעב,162,שעב,1
8305,צעירי שעב 2,162,שעב,1
8306,מ.כ. אחווה כפר מנדא 2,152,כפר מנדא חדש,1
8307,מכבי אחי איכסל,237,איכסל,1
8311,ע. בית שמש 2,1266,בית שמש אצטדיון,1
8312,א.ס. רמת אליהו,184,ראשון לציון רמת אליהו,1
8313,הפועל עירוני בקה אל גרבייה 2,1142,בקה אל גרביה סינטטי,1
8314,עירוני אשקלון 2,1145,"אשקלון סינטטי ע""ש איציק ""חיפה"" כהן",1
8315,ה.דלית אל כרמל,58,דלית אל כרמל,1
8319,מ.כ. טייבה,53,טייבה,1
8320,מ.כ. טייבה,53,טייבה,1
8321,"בית""ר עירוני ק. גת דודו 2",1190,קרית גת סינטטי אגוז,1
8348,מכבי עין מאהל,232,עין מאהל,1
8350,מכבי עין מאהל,232,עין מאהל,1
8351,ה. רג צפון,402,רמת גן ספארי (תשיעיות),1
8354,"מכבי באר שבע 3 ""צו פיוס""",330,באר שבע טאובל,1
8356,הפועל עכו 2,1167,עכו הפועל עכו חדש,1
8357,הפועל נוף הגליל 2,1318,נוף הגליל סינטטי חדש,1
8359,מכבי יהוד מונסון 3,1012,יהוד ק.סביונים,1
8360,מ.ס איחוד דרום השרון מזרח,1279,ירחיב,1
8361,מכבי ברקאי 3,512,קיבוץ ברקאי,1
8362,ה. ירושלים מערב,1310,אבו גוש,1
8365,הפועל מחנה יהודה צפון,197,פתח תקוה מחנה יהודה,1
8366,הפועל מחנה יהודה,197,פתח תקוה מחנה יהודה,1
8368,"הפועל קרית חיים ""צו פיוס""",1239,קרית חיים בית נגלר מערבי (אתוס לשעבר),1
8372,מעדון ספורט צעירי טייבה,53,טייבה,1
8373,מ.כ. הפועל בני אשדוד,1203,אשדוד סינטטי 2 קטן,1
8377,מכבי קרית מלאכי 2,45,קרית מלאכי,1
8378,הפועל לב השרון,161,כפר יונה,1
8380,הפועל חולון צפרירים 2,22,חולון צפרירים חולון,1
8382,הפועל ריינה,266,ריינה,1
8384,הפועל טירת כרמל 2,32,טירת כרמל,1
8390,מכבי באר יעקב עמית 1,68,באר יעקב,1
8391,מכבי באר יעקב עמית 1,68,באר יעקב,1
8393,מכבי באר יעקב עמית 2,68,באר יעקב,1
8394,מכבי באר יעקב עמית 2,68,באר יעקב,1
8395,מכבי באר יעקב עמית 2,68,באר יעקב,1
8396,מכבי באר יעקב עמית 2,68,באר יעקב,1
8397,מכבי באר יעקב עמית 2,68,באר יעקב,1
8398,מכבי גבעת שמואל צפון,124,בית דגן,1
8399,אחווה כפר קרע 2,89,כפר קרע,1
8400,אגודת ספורט נורדיה ירושלים 2,1208,ירושלים הר חומה סינטטי,1
8402,מ.ס. קרית חיים,1238,קרית חיים בית נגלר מזרחי (אתוס לשעבר),1
8405,מכבי ע.נתיבות 2,1280,נתיבות חדש סינטטי,1
8407,הפועל רמת ישראל צפון,1274,תל אביב ספורטק דרום 2 סינטטי,1
8411,"מ.כ מכבי ע. אשדוד קוסטרב ""צו פיוס""",1323,אשדוד סינטטי מזרחי תשעיות,1
8417,אתלטיקו שפרעם,1251,שפרעם חדש סינטטי,1
8419,אתלטיקו שפרעם,1251,שפרעם חדש סינטטי,1
8420,אתלטיקו שפרעם,1251,שפרעם חדש סינטטי,1
8425,הפועל מועאוויה,1018,מועאויה,1
8426,הפועל מועאוויה,1018,מועאויה,1
8428,הפועל מועאוויה,1018,מועאויה,1
8432,סקציה נס ציונה 2,1303,נס ציונה אימונים סינטטי חדש,1
8438,"מכבי באר שבע 3 ""צו פיוס""",9,(סגור)באר שבע איצטדיון וסרמיל,1
8440,מ.כ. מיתר 3,1293,מיתר,1
8448,"מ.כ. בית""ר יבנה",1265,יבנה קרית הספורט,1
8449,"מ.כ. בית""ר יבנה",1265,יבנה קרית הספורט,1
8453,מ.ס. כפר יאסיף 2,257,שיח-דנון,1
8454,מ.ס. כפר יאסיף 3,257,שיח-דנון,1
8468,מכבי עירוני ג'ת,341,כפר ג'ת המשולש,1
8469,מכבי עירוני ג'ת,341,כפר ג'ת המשולש,1
8471,מכבי עמק חפר 3,1020,בת חפר יישוב,1
8472,מ.כ. טייבה,53,טייבה,1
8473,"בית""ר נהריה 3",1306,נהריה 3 סינטטי,1
8476,מ. ס. הפועל לוד בני רגב 3,1123,לוד סינטטי חדש,1
8477,מ. ס. הפועל לוד בני רגב 3,1123,לוד סינטטי חדש,1
8479,איחוד בני בקה 2,1142,בקה אל גרביה סינטטי,1
8480,הפועל חבל אילות,584,אילת החוף הצפוני,1
8482,מועדון הכדורגל מרום הגליל,75,צפת,1
8483,מועדון הכדורגל מרום הגליל,75,צפת,1
8484,מועדון הכדורגל מרום הגליל,75,צפת,1
8486,מ.ס. חיפה רובי שפירא 1,1159,חיפה אגרטק (אתוס 1 לשעבר),1
8491,הפועל סאג'ור,603,בענה,1
8492,איחוד בני עכו,257,שיח-דנון,1
8493,איחוד בני עכו,257,שיח-דנון,1
8495,הפועל הרצליה מזרח,588,הרצליה רן 2 (ילדים וטרומים),1
8496,א.ס חולון מור צפון,1110,חולון אימונים בית העלמין,1
8500,מכבי אורנית,516,אורנית,1
8501,מכבי אורנית דרום,516,אורנית,1
8502,מכבי אורנית,516,אורנית,1
8503,מ.ס. שיכון המזרח 2,1349,ראשון לציון שיכון המזרח חצבים,1
8504,הפועל ראשון לציון מערב,1061,ראשון לציון סופרלנד מרכזי תשעיות,1
8505,מ.ס. כאבול,84,כאבול,1
8506,"בית""ר עירוני קרית גת 2",1190,קרית גת סינטטי אגוז,1
8507,הפ' ע. בקה אל גרבייה 2,1142,בקה אל גרביה סינטטי,1
8508,עירוני בית שמש 2,1266,בית שמש אצטדיון,1
8509,מ.כ הפועל גלבוע 2,325,תענך גוש יעל/אסי גלבוע,1
8510,איחוד הפועל ביר אל מכסור 2,55,יקנעם,1
8514,בני הרצליה,334,הרצליה רן 1,1
8516,בני הרצליה,334,הרצליה רן 1,1
8517,בני הרצליה,334,הרצליה רן 1,1
8518,בני הרצליה,588,הרצליה רן 2 (ילדים וטרומים),1
8519,בני הרצליה,588,הרצליה רן 2 (ילדים וטרומים),1
8520,בני הרצליה,588,הרצליה רן 2 (ילדים וטרומים),1
8521,בני הרצליה,588,הרצליה רן 2 (ילדים וטרומים),1
8522,בני הרצליה,588,הרצליה רן 2 (ילדים וטרומים),1
8525,מ.ס. טירה 2,106,טירה,1
8526,מ.כ. גליל גולן צפון,29,כפר בלום,1
8527,מ.כ. גליל גולן צפון,29,כפר בלום,1
8528,מ.ס. בני יפו אורתודוכ,63,תל אביב יפו צעירי יפו,1
8529,הפועל נוף הגליל,1318,נוף הגליל סינטטי חדש,1
8530,הפועל קרית אונו צפון,28,קרית אונו ישן,1
8531,מ.כ. גני תקווה 3,1247,גני תקווה,1
8532,הפועל חדרה צפון,50,חדרה בית אליעזר,1
8533,מ.ס צעירי חיפה 2,1160,חיפה אגרטק (אתוס 2 לשעבר),1
8534,מ.ס צעירי חיפה 2,313,עתלית,1
8536,מכבי ע. כפר יונה 2,161,כפר יונה,1
8537,הפועל עין סהלה 2,1018,מועאויה,1
8538,מ.כ. טייבה,53,טייבה,1
8539,"הפועל עליה כפ""ס 2",1004,"כפר סבא עליה כ""ס",1
8540,איחוד הפועל ביר אל מכסור 2,1251,שפרעם חדש סינטטי,1
8541,איחוד הפועל ביר אל מכסור 2,31,שפרעם,1
8542,איחוד הפועל ביר אל מכסור 2,1251,שפרעם חדש סינטטי,1
8544,הפועל איחוד בני ג'ת 2,341,כפר ג'ת המשולש,1
8547,אתלטיקו שפרעם,1251,שפרעם חדש סינטטי,1
8548,איחוד בני מג'דל כרום,48,מג'ד אל כרום,1
8549,הפועל סאג'ור,603,בענה,1
8551,אתלטיקו שפרעם,1251,שפרעם חדש סינטטי,1
8552,הפועל סכנין 2,596,סכנין אימונים סינטטי,1
8555,פרו סוקר השרון,464,קדימה,1
8556,מ.כ. בני ג'וליס,204,ג׳וליס,1
8557,מ.כ. בני ג'וליס,204,ג׳וליס,1
8565,בני סכנין,596,סכנין אימונים סינטטי,1
8569,מועדון ספורט ראשון לציון 2,397,ראשון לציון תיכון עמית,1
8587,"מ.כ. מועצה איזורית חוף אשקלון ""צו פיוס""",1350,הודיה,1
8592,מועדון כדורגל צעירי טירה,106,טירה,1
8605,מועדון כדורגל טייבה,,,0
8613,מכבי פתח-תקוה - פיתוח,954,פתח תקוה מכבי סינטטי,1
8619,הפועל חדרה ערן - פיתוח,1331,חדרה מתחם אימונים סינטטי,1
8650,"מ.כ. הפועל אשדוד 2 ""צו פיוס""",,,0
8652,מ.ס. קרית ים 2,1269,קרית ים סינטטי,1
8655,מכבי יהוד מונוסון 2,1012,יהוד ק.סביונים,1
8665,"מ.כ. גליל גולן צפון ""צו פיוס""",29,כפר בלום,1
8668,"מכבי באר יעקב עמית 2 ""צו פיוס""",68,באר יעקב,1
8678,מכבי עמק חפר מערב,1020,בת חפר יישוב,1
8681,בני סכנין פיתוח,981,סכנין אימונים,1
8683,הפועל ע. כרמיאל 2,580,כרמיאל,1
8689,"הפועל מחנה יהודה צפון  ""צו פיוס""",197,פתח תקוה מחנה יהודה,1
8691,מועדון ספורט איחוד קלנסואה,102,קלנסואה,1
