team_id,team_name,field_id,field_name,address,city,district,lat,lon,geocode_query,precision
1016,"מכבי ע.ק. אתא ""צו פיוס""",326,קרית אתא,רופין קרית אתא,קרית אתא,צפון,32.8155268,35.1106668,רופין קרית אתא,street
1021,"מכבי ת""א",395,תל אביב קרית שלום 3 סינטטי,דרך בן צבי תל אביב יפו,יפו,מרכז,32.042069,34.77215,דרך בן צבי תל אביב יפו,street
1023,"מכבי חיפה ""עלמני""",271,חיפה קצף תחתון,צביה ויצחק חיפה,חיפה,צפון,32.7941142,34.9684183,צביה ויצחק חיפה,street
1028,"מכבי באר שבע ""צו פיוס""",330,באר שבע טאובל,שדרות דוד בן גוריון 40 באר שבע,באר שבע,דרום,31.261395,34.8047493,שדרות דוד בן גוריון 40 באר שבע,street
1029,מכבי חיפה מקס,636,חיפה קצף סינטטי,צביה ויצחק חיפה,חיפה,צפון,32.7941142,34.9684183,צביה ויצחק חיפה,street
1030,"מכבי באר שבע ""צו פיוס""",330,באר שבע טאובל,שדרות דוד בן גוריון 40 באר שבע,באר שבע,דרום,31.261395,34.8047493,שדרות דוד בן גוריון 40 באר שבע,street
1033,"מכבי ת""א ""עופר דקל""",393,"תל אביב אוניברסיטת ת""א",קלצ'קין 4 תל אביב יפו,יפו,מרכז,32.117079,34.804092,קלצ'קין 4 תל אביב יפו,street
1034,"מכבי ת""א",336,תל אביב קרית שלום סינטטי,דרך בן צבי תל אביב יפו,יפו,מרכז,32.042069,34.77215,דרך בן צבי תל אביב יפו,street
1039,מכבי באר שבע,330,באר שבע טאובל,שדרות דוד בן גוריון 40 באר שבע,באר שבע,דרום,31.261395,34.8047493,שדרות דוד בן גוריון 40 באר שבע,street
1040,"מכבי יבנה ""צו פיוס""",349,יבנה דרך הנשיאים,הנשיאים 17 יבנה,יבנה,דרום,31.8716059,34.7513276,הנשיאים 17 יבנה,street
1045,"מכבי פ""ת",310,פתח תקוה מכבי אימונים,מרדכי בן דרור 1 פתח תקווה,פתח תקווה,מרכז,32.1000191,34.8900673,מרדכי בן דרור 1 פתח תקווה,street
1049,"מכבי פ""ת מנשה משיח",954,פתח תקוה מכבי סינטטי,מרדכי בן דרור 1 פתח תקווה,פתח תקווה,מרכז,32.1000191,34.8900673,מרדכי בן דרור 1 פתח תקווה,street
1051,"מכבי צור שלום ק. ביאליק ""צו פיוס""",174,צור שלום,הפרטיזנים 14 קרית ביאליק,קרית ביאליק,צפון,32.8568655,35.0979117,הפרטיזנים 14 קרית ביאליק,street
1052,"מכבי פ""ת משה דיין",954,פתח תקוה מכבי סינטטי,מרדכי בן דרור 1 פתח תקווה,פתח תקווה,מרכז,32.1000191,34.8900673,מרדכי בן דרור 1 פתח תקווה,street
1054,מכבי הרצליה,334,הרצליה רן 1,הרצליה,הרצליה,שרון,32.1656255,34.8469023,הרצליה,street
1055,מכבי חיפה עודד,636,חיפה קצף סינטטי,צביה ויצחק חיפה,חיפה,צפון,32.7941142,34.9684183,צביה ויצחק חיפה,street
1057,מכבי נתניה,1078,נתניה שפירא,צבי מויססקו 12 נתניה,נתניה,שרון,32.2922515,34.8587201,צבי מויססקו 12 נתניה,street
1058,"מכבי ת""א דרום",336,תל אביב קרית שלום סינטטי,דרך בן צבי תל אביב יפו,יפו,מרכז,32.042069,34.77215,דרך בן צבי תל אביב יפו,street
1060,מכבי ע. שדרות,66,שדרות,מבצע סיני 2 שדרות,שדרות,דרום,31.5278466,34.5965889,מבצע סיני 2 שדרות,street
1065,מכבי שעריים רחובות,1212,רחובות שעריים וייסגל סינטטי,שמעון דובנוב 47 רחובות,רחובות,מרכז,31.8872278,34.7941944,שמעון דובנוב 47 רחובות,street
1067,מכבי שעריים רחובות,1212,רחובות שעריים וייסגל סינטטי,שמעון דובנוב 47 רחובות,רחובות,מרכז,31.8872278,34.7941944,שמעון דובנוב 47 רחובות,street
1069,מכבי שעריים רחובות,1212,רחובות שעריים וייסגל סינטטי,שמעון דובנוב 47 רחובות,רחובות,מרכז,31.8872278,34.7941944,שמעון דובנוב 47 רחובות,street
1073,"מכבי ת""א שחר",69,נס ציונה אצטדיון,הנבחרת 1 נס ציונה,נס ציונה,דרום,31.9147195,34.7733411,הנבחרת 1 נס ציונה,street
1074,מכבי אחי נצרת,331,נצרת עילוט אימונים סינטטי,עילוט,עילוט,צפון,32.718281,35.2612603,עילוט,street
1076,מכבי הרצליה ליאור אסולין,334,הרצליה רן 1,הרצליה,הרצליה,שרון,32.1656255,34.8469023,הרצליה,street
1079,מכבי שעריים מדהלה,1212,רחובות שעריים וייסגל סינטטי,שמעון דובנוב 47 רחובות,רחובות,מרכז,31.8872278,34.7941944,שמעון דובנוב 47 רחובות,street
1080,מכבי עירוני קרית אתא,326,קרית אתא,רופין קרית אתא,קרית אתא,צפון,32.8155268,35.1106668,רופין קרית אתא,street
1084,מכבי צור שלום ק. ביאליק,174,צור שלום,הפרטיזנים 14 קרית ביאליק,קרית ביאליק,צפון,32.8568655,35.0979117,הפרטיזנים 14 קרית ביאליק,street
1087,מכבי תל אביב,395,תל אביב קרית שלום 3 סינטטי,דרך בן צבי תל אביב יפו,יפו,מרכז,32.042069,34.77215,דרך בן צבי תל אביב יפו,street
1088,"מכבי סקציה מעלות תרשיחא ""צו פיוס""",44,מעלות,בן גוריון 1 מעלות תרשיחא,מעלות תרשיחא,צפון,33.0136558,35.286681,בן גוריון 1 מעלות תרשיחא,street
1092,מכבי אחי נצרת,331,נצרת עילוט אימונים סינטטי,עילוט,עילוט,צפון,32.718281,35.2612603,עילוט,street
1093,מכבי נתניה 2,1078,נתניה שפירא,צבי מויססקו 12 נתניה,נתניה,שרון,32.2922515,34.8587201,צבי מויססקו 12 נתניה,street
1096,"מכבי רחובות ""צו פיוס""",1215,רחובות מכבי רחובות וייסגל סינטטי,שמעון דובנוב 47 רחובות,רחובות,מרכז,31.8872278,34.7941944,שמעון דובנוב 47 רחובות,street
1097,מ.ס. אשדוד סולומון,1323,אשדוד סינטטי מזרחי תשעיות,שדרות הנשיא וייצמן 21 אשדוד,אשדוד,דרום,31.808349,34.657739,שדרות הנשיא וייצמן  אשדוד,street
1100,מכבי עמק חפר אברהם,1020,בת חפר יישוב,בת חפר,בת חפר,שרון,32.3345015,35.012351,בת חפר,street
1101,מכבי עמק חפר,1020,בת חפר יישוב,בת חפר,בת חפר,שרון,32.3345015,35.012351,בת חפר,street
1102,מכבי סקציה מעלות תרשיחא 2,44,מעלות,בן גוריון 1 מעלות תרשיחא,מעלות תרשיחא,צפון,33.0136558,35.286681,בן גוריון 1 מעלות תרשיחא,street
1103,"מכבי השקמה חן דרום ""צו פיוס""",181,רמת גן השקמה,אחד העם 8 רמת גן,רמת גן,מרכז,32.08227,34.81065,רמת גן,locality
1105,מכבי יבנה שמעון,5,יבנה אצטדיון טוטו,שדרות דואני יבנה,יבנה,דרום,31.8745527,34.7372853,שדרות דואני יבנה,street
1106,מכבי עמק חפר,1020,בת חפר יישוב,בת חפר,בת חפר,שרון,32.3345015,35.012351,בת חפר,street
1107,מכבי עמק חפר,1020,בת חפר יישוב,בת חפר,בת חפר,שרון,32.3345015,35.012351,בת חפר,street
1109,מכבי עמק חפר,352,קיבוץ גבעת חיים,גבעת חיים איחוד,גבעת חיים (איחוד),שרון,32.4002771,34.9330496,גבעת חיים איחוד,street
1111,מכבי הרצליה רן מסיקה,334,הרצליה רן 1,הרצליה,הרצליה,שרון,32.1656255,34.8469023,הרצליה,street
1112,מכבי נתניה,1078,נתניה שפירא,צבי מויססקו 12 נתניה,נתניה,שרון,32.2922515,34.8587201,צבי מויססקו 12 נתניה,street
1113,מכבי חיפה גולדשנפלד,1060,מעגן מיכאל,מעגן מיכאל,מעגן מיכאל,שרון,32.5553209,34.9166572,מעגן מיכאל,street
1114,מכבי הרצליה -ב',588,הרצליה רן 2 (ילדים וטרומים),יוסף נבו 6 הרצליה,הרצליה,שרון,32.1673594,34.82377,יוסף נבו 6 הרצליה,street
1116,מכבי חיפה גולדשנפלד,1060,מעגן מיכאל,מעגן מיכאל,מעגן מיכאל,שרון,32.5553209,34.9166572,מעגן מיכאל,street
1117,מכבי חיפה אפרים,636,חיפה קצף סינטטי,צביה ויצחק חיפה,חיפה,צפון,32.7941142,34.9684183,צביה ויצחק חיפה,street
1124,מ.ס. אשדוד אבירם,215,אשדוד סינטטי,שדרות הנשיא וייצמן 21 אשדוד,אשדוד,דרום,31.808349,34.657739,שדרות הנשיא וייצמן  אשדוד,street
1125,"מכבי פ""ת כוכבה",954,פתח תקוה מכבי סינטטי,מרדכי בן דרור 1 פתח תקווה,פתח תקווה,מרכז,32.1000191,34.8900673,מרדכי בן דרור 1 פתח תקווה,street
1131,"מכבי חיפה ""הרדי""",271,חיפה קצף תחתון,צביה ויצחק חיפה,חיפה,צפון,32.7941142,34.9684183,צביה ויצחק חיפה,street
1134,מכבי עירוני שדרות,66,שדרות,מבצע סיני 2 שדרות,שדרות,דרום,31.5278466,34.5965889,מבצע סיני 2 שדרות,street
1143,מכבי נתניה שלומי,1127,נתניה בית מכבי נתניה,דניאל נתניה,נתניה,שרון,32.294782,34.8570637,דניאל נתניה,street
1144,מכבי הרצליה י כהנא,154,הרצליה אצטדיון טוטו,יוסף נבו 6 הרצליה,הרצליה,שרון,32.1673594,34.82377,יוסף נבו 6 הרצליה,street
1146,"מכבי פ""ת עסיסי דוד",1111,פתח תקוה אצטדיון שלמה ביטוח,דרך אם המושבות פתח תקווה,פתח תקווה,מרכז,32.100294,34.850965,דרך אם המושבות פתח תקווה,street
1156,מכבי אחי נצרת,331,נצרת עילוט אימונים סינטטי,עילוט,עילוט,צפון,32.718281,35.2612603,עילוט,street
1162,מכבי רחובות צפון,1215,רחובות מכבי רחובות וייסגל סינטטי,שמעון דובנוב 47 רחובות,רחובות,מרכז,31.8872278,34.7941944,שמעון דובנוב 47 רחובות,street
1164,"מכבי עמק חפר ""צו פיוס""",1020,בת חפר יישוב,בת חפר,בת חפר,שרון,32.3345015,35.012351,בת חפר,street
1168,מכבי חיפה מיכאל,636,חיפה קצף סינטטי,צביה ויצחק חיפה,חיפה,צפון,32.7941142,34.9684183,צביה ויצחק חיפה,street
1169,מכבי רחובות דרום,1215,רחובות מכבי רחובות וייסגל סינטטי,שמעון דובנוב 47 רחובות,רחובות,מרכז,31.8872278,34.7941944,שמעון דובנוב 47 רחובות,street
1172,מכבי ד.א. כרמל,58,דלית אל כרמל,אלרוחראח  דאלית אל כרמל,דלית אל כרמל,צפון,32.6869077,35.057284,אלרוחראח  דאלית אל כרמל,street
1176,מכבי חיפה גולדשנפלד,250,נהלל,נהלל,נהלל,צפון,32.6900631,35.1968485,נהלל,street
1179,מכבי קרית מלאכי,1088,קרית מלאכי סינטטי,הרצל 70 קרית מלאכי,קרית מלאכי,דרום,31.7365647,34.7418154,הרצל 70 קרית מלאכי,street
1180,מכבי ע.ק. אתא,326,קרית אתא,רופין קרית אתא,קרית אתא,צפון,32.8155268,35.1106668,רופין קרית אתא,street
1183,"מכבי צור שלום ק. ביאליק ""צו פיוס""",174,צור שלום,הפרטיזנים 14 קרית ביאליק,קרית ביאליק,צפון,32.8568655,35.0979117,הפרטיזנים 14 קרית ביאליק,street
1187,מכבי ע.ק. אתא,326,קרית אתא,רופין קרית אתא,קרית אתא,צפון,32.8155268,35.1106668,רופין קרית אתא,street
1195,מכבי אום אל פאחם,411,אום אל פאחם סינטטי,אלהאדיה 2 אום אל פחם,אום אל פחם,שרון,32.5158385,35.152491,אום אל פחם,fallback
1197,איחוד בני כפר קרע,89,כפר קרע,כפר קרע,כפר קרע,שרון,32.5029914,35.0504995,כפר קרע,street
1199,מ.ס. אשדוד,72,"אשדוד אצטדיון הי""א",ההסתדרות 6 אשדוד,אשדוד,דרום,31.8093754,34.6488254,ההסתדרות 6 אשדוד,street
1200,מ.ס. אשדוד/ז'ילבר,215,אשדוד סינטטי,שדרות הנשיא וייצמן 21 אשדוד,אשדוד,דרום,31.808349,34.657739,שדרות הנשיא וייצמן  אשדוד,street
1201,מ.ס. אשדוד אלונה,215,אשדוד סינטטי,שדרות הנשיא וייצמן 21 אשדוד,אשדוד,דרום,31.808349,34.657739,שדרות הנשיא וייצמן  אשדוד,street
1202,מ.ס. אשדוד מוריס,215,אשדוד סינטטי,שדרות הנשיא וייצמן 21 אשדוד,אשדוד,דרום,31.808349,34.657739,שדרות הנשיא וייצמן  אשדוד,street
1203,מכבי עירוני טמרה,254,טמרה,טמרה,טמרה,צפון,32.85301,35.1987,טמרה,locality
1208,"מכבי השרון נתניה ויקטור עטיה ""צו פיוס""",1078,נתניה שפירא,צבי מויססקו 12 נתניה,נתניה,שרון,32.2922515,34.8587201,צבי מויססקו 12 נתניה,street
1209,מכבי הרצליה צפון,588,הרצליה רן 2 (ילדים וטרומים),יוסף נבו 6 הרצליה,הרצליה,שרון,32.1673594,34.82377,יוסף נבו 6 הרצליה,street
1213,איחוד בני כפר קרע,89,כפר קרע,כפר קרע,כפר קרע,שרון,32.5029914,35.0504995,כפר קרע,street
1214,"מכבי יבנה בני ביטון ""צו פיוס""",349,יבנה דרך הנשיאים,הנשיאים 17 יבנה,יבנה,דרום,31.8716059,34.7513276,הנשיאים 17 יבנה,street
1223,איחוד בני כפר קרע,89,כפר קרע,כפר קרע,כפר קרע,שרון,32.5029914,35.0504995,כפר קרע,street
1224,איחוד בני כפר קרע,89,כפר קרע,כפר קרע,כפר קרע,שרון,32.5029914,35.0504995,כפר קרע,street
1225,איחוד בני כפר קרע,89,כפר קרע,כפר קרע,כפר קרע,שרון,32.5029914,35.0504995,כפר קרע,street
1229,מכבי יבנה 2,349,יבנה דרך הנשיאים,הנשיאים 17 יבנה,יבנה,דרום,31.8716059,34.7513276,הנשיאים 17 יבנה,street
1231,"מכבי פ""ת  יהודה פרטוש",954,פתח תקוה מכבי סינטטי,מרדכי בן דרור 1 פתח תקווה,פתח תקווה,מרכז,32.1000191,34.8900673,מרדכי בן דרור 1 פתח תקווה,street
1232,מכבי צור שלום ק. ביאליק,174,צור שלום,הפרטיזנים 14 קרית ביאליק,קרית ביאליק,צפון,32.8568655,35.0979117,הפרטיזנים 14 קרית ביאליק,street
1233,מכבי צור שלום ק. ביאליק,174,צור שלום,הפרטיזנים 14 קרית ביאליק,קרית ביאליק,צפון,32.8568655,35.0979117,הפרטיזנים 14 קרית ביאליק,street
1241,"א.ס נורדיה י-ם ""נועם חבה"" ""צו פיוס""",1208,ירושלים הר חומה סינטטי,הרב ישעיהו דולגין 7 ירושלים,ירושלים,מרכז,31.7199984,35.2272089,הרב ישעיהו דולגין 7 ירושלים,street
1243,מ.ס. אשדוד,215,אשדוד סינטטי,שדרות הנשיא וייצמן 21 אשדוד,אשדוד,דרום,31.808349,34.657739,שדרות הנשיא וייצמן  אשדוד,street
1244,מכבי יבנה,1265,יבנה קרית הספורט,האלון 27 יבנה,יבנה,דרום,31.8762704,34.7415084,האלון 27 יבנה,street
1245,"מכבי ע. נתיבות ""צו פיוס""",1280,נתיבות חדש סינטטי,בדולח 1 נתיבות,נתיבות,דרום,31.4196436,34.5710321,בדולח 1 נתיבות,street
1250,מכבי אחי נצרת,285,נצרת אצטדיון עילוט,עילוט,עילוט,צפון,32.718281,35.2612603,עילוט,street
1253,"מכבי צור שלום ק. ביאליק ""צו פיוס""",174,צור שלום,הפרטיזנים 14 קרית ביאליק,קרית ביאליק,צפון,32.8568655,35.0979117,הפרטיזנים 14 קרית ביאליק,street
1262,"מכבי ת""א אהרון",393,"תל אביב אוניברסיטת ת""א",קלצ'קין 4 תל אביב יפו,יפו,מרכז,32.117079,34.804092,קלצ'קין 4 תל אביב יפו,street
1263,מכבי תל אביב עוז,336,תל אביב קרית שלום סינטטי,דרך בן צבי תל אביב יפו,יפו,מרכז,32.042069,34.77215,דרך בן צבי תל אביב יפו,street
1264,מכבי הרצליה,588,הרצליה רן 2 (ילדים וטרומים),יוסף נבו 6 הרצליה,הרצליה,שרון,32.1673594,34.82377,יוסף נבו 6 הרצליה,street
1270,מכבי עין מאהל אדהם 2,232,עין מאהל,מאלכ אבן אנס 8 עין מאהל,עין מאהל,צפון,32.72325,35.35298,עין מאהל,locality
1272,מכבי ע.ג'ת אלאהלי,1142,בקה אל גרביה סינטטי,אלקודס 25 באקה אל ע'רביה,בקה אל ע’רביה,שרון,32.426394,35.04819,אלקודס  באקה אל ע'רביה,street
1273,מכבי ע. ג'ת אלאהלי,1142,בקה אל גרביה סינטטי,אלקודס 25 באקה אל ע'רביה,בקה אל ע’רביה,שרון,32.426394,35.04819,אלקודס  באקה אל ע'רביה,street
1274,"מכבי ת""א צפון",393,"תל אביב אוניברסיטת ת""א",קלצ'קין 4 תל אביב יפו,יפו,מרכז,32.117079,34.804092,קלצ'קין 4 תל אביב יפו,street
1279,מכבי ע. ג'ת אלאהלי,341,כפר ג'ת המשולש,ד''ר ע. אלרחים ותד 2 ג'ת,ג’ת,שרון,32.39805,35.03804,גת,locality
1280,"מכבי ת""א שלמה",393,"תל אביב אוניברסיטת ת""א",קלצ'קין 4 תל אביב יפו,יפו,מרכז,32.117079,34.804092,קלצ'קין 4 תל אביב יפו,street
1283,"מכבי עמישב פ""ת ""צו פיוס""",595,פתח תקוה סירקין ספורטק אצטדיון,הרב עובדיה יוסף 3 פתח תקווה,פתח תקווה,מרכז,32.0813004,34.9065744,הרב עובדיה יוסף 3 פתח תקווה,street
1284,מ.ס. אשדוד,1323,אשדוד סינטטי מזרחי תשעיות,שדרות הנשיא וייצמן 21 אשדוד,אשדוד,דרום,31.808349,34.657739,שדרות הנשיא וייצמן  אשדוד,street
1289,מכבי הרצליה 2 צפון,588,הרצליה רן 2 (ילדים וטרומים),יוסף נבו 6 הרצליה,הרצליה,שרון,32.1673594,34.82377,יוסף נבו 6 הרצליה,street
1291,מכבי נתניה,1078,נתניה שפירא,צבי מויססקו 12 נתניה,נתניה,שרון,32.2922515,34.8587201,צבי מויססקו 12 נתניה,street
1293,מכבי נתניה,1078,נתניה שפירא,צבי מויססקו 12 נתניה,נתניה,שרון,32.2922515,34.8587201,צבי מויססקו 12 נתניה,street
1294,מכבי עירוני שדרות,66,שדרות,מבצע סיני 2 שדרות,שדרות,דרום,31.5278466,34.5965889,מבצע סיני 2 שדרות,street
1295,מכבי שעריים רחובות,1212,רחובות שעריים וייסגל סינטטי,שמעון דובנוב 47 רחובות,רחובות,מרכז,31.8872278,34.7941944,שמעון דובנוב 47 רחובות,street
1296,מכבי נתניה,1078,נתניה שפירא,צבי מויססקו 12 נתניה,נתניה,שרון,32.2922515,34.8587201,צבי מויססקו 12 נתניה,street
1297,מכבי עירוני שדרות,66,שדרות,מבצע סיני 2 שדרות,שדרות,דרום,31.5278466,34.5965889,מבצע סיני 2 שדרות,street
1298,מכבי עירוני שדרות,66,שדרות,מבצע סיני 2 שדרות,שדרות,דרום,31.5278466,34.5965889,מבצע סיני 2 שדרות,street
1299,מכבי עירוני שדרות,1233,שדרות אצטדיון שדרות,הרב עובדיה יוסף 2 שדרות,שדרות,דרום,31.5292842,34.6007171,הרב עובדיה יוסף 2 שדרות,street
1300,איחוד בני כפר קרע,89,כפר קרע,כפר קרע,כפר קרע,שרון,32.5029914,35.0504995,כפר קרע,street
1301,איחוד בני כפר קרע,89,כפר קרע,כפר קרע,כפר קרע,שרון,32.5029914,35.0504995,כפר קרע,street
1302,איחוד בני כפר קרע,89,כפר קרע,כפר קרע,כפר קרע,שרון,32.5029914,35.0504995,כפר קרע,street
1303,הפ' בני ערערה עארה,88,ערערה,ערערה,ערערה,שרון,32.4965507,35.0955581,ערערה,street
1306,מכבי יבנה,1265,יבנה קרית הספורט,האלון 27 יבנה,יבנה,דרום,31.8762704,34.7415084,האלון 27 יבנה,street
1307,מכבי הרצליה,588,הרצליה רן 2 (ילדים וטרומים),יוסף נבו 6 הרצליה,הרצליה,שרון,32.1673594,34.82377,יוסף נבו 6 הרצליה,street
1311,"מכבי עמישב פתח תקווה ""צו פיוס""",595,פתח תקוה סירקין ספורטק אצטדיון,הרב עובדיה יוסף 3 פתח תקווה,פתח תקווה,מרכז,32.0813004,34.9065744,הרב עובדיה יוסף 3 פתח תקווה,street
1312,איחוד בני כפר קרע,89,כפר קרע,כפר קרע,כפר קרע,שרון,32.5029914,35.0504995,כפר קרע,street
1313,איחוד בני כפר קרע,89,כפר קרע,כפר קרע,כפר קרע,שרון,32.5029914,35.0504995,כפר קרע,street
1319,"מכבי עמישב פ""ת אלי ""צו פיוס""",595,פתח תקוה סירקין ספורטק אצטדיון,הרב עובדיה יוסף 3 פתח תקווה,פתח תקווה,מרכז,32.0813004,34.9065744,הרב עובדיה יוסף 3 פתח תקווה,street
1320,"מכבי ע.ק. אתא ""צו פיוס""",326,קרית אתא,רופין קרית אתא,קרית אתא,צפון,32.8155268,35.1106668,רופין קרית אתא,street
1335,מ.ס. צעירי כפר קנא,78,כפר כנא,אל מלעב כפר כנא,כפר כנא,צפון,32.751207,35.337654,אל מלעב כפר כנא,street
1336,מ.ס. צעירי כפר קנא,78,כפר כנא,אל מלעב כפר כנא,כפר כנא,צפון,32.751207,35.337654,אל מלעב כפר כנא,street
1337,מ.ס. צעירי כפר קנא,78,כפר כנא,אל מלעב כפר כנא,כפר כנא,צפון,32.751207,35.337654,אל מלעב כפר כנא,street
1338,"מכבי ת""א אלדד",336,תל אביב קרית שלום סינטטי,דרך בן צבי תל אביב יפו,יפו,מרכז,32.042069,34.77215,דרך בן צבי תל אביב יפו,street
1341,מכבי עירוני נתיבות,1280,נתיבות חדש סינטטי,בדולח 1 נתיבות,נתיבות,דרום,31.4196436,34.5710321,בדולח 1 נתיבות,street
1342,"מכבי עירוני נתיבות ""צו פיוס""",1280,נתיבות חדש סינטטי,בדולח 1 נתיבות,נתיבות,דרום,31.4196436,34.5710321,בדולח 1 נתיבות,street
1345,מכבי עירוני נתיבות,1280,נתיבות חדש סינטטי,בדולח 1 נתיבות,נתיבות,דרום,31.4196436,34.5710321,בדולח 1 נתיבות,street
1348,מ.ס. צעירי כפר קנא,78,כפר כנא,אל מלעב כפר כנא,כפר כנא,צפון,32.751207,35.337654,אל מלעב כפר כנא,street
1349,מ.ס. צעירי כפר קנא,78,כפר כנא,אל מלעב כפר כנא,כפר כנא,צפון,32.751207,35.337654,אל מלעב כפר כנא,street
1354,מ.ס. צעירי כפר קנא,78,כפר כנא,אל מלעב כפר כנא,כפר כנא,צפון,32.751207,35.337654,אל מלעב כפר כנא,street
1355,מ.ס. צעירי כפר קנא,78,כפר כנא,אל מלעב כפר כנא,כפר כנא,צפון,32.751207,35.337654,אל מלעב כפר כנא,street
1356,מ.ס. צעירי כפר קנא 2,78,כפר כנא,אל מלעב כפר כנא,כפר כנא,צפון,32.751207,35.337654,אל מלעב כפר כנא,street
1358,מ.ס. הפ' ירוחם,38,ירוחם,צבי בורנשטיין ירוחם,ירוחם,דרום,30.9885756,34.9222879,צבי בורנשטיין ירוחם,street
1359,מ.ס. הפ' ירוחם,38,ירוחם,צבי בורנשטיין ירוחם,ירוחם,דרום,30.9885756,34.9222879,צבי בורנשטיין ירוחם,street
1363,מכבי הרצליה הדר,588,הרצליה רן 2 (ילדים וטרומים),יוסף נבו 6 הרצליה,הרצליה,שרון,32.1673594,34.82377,יוסף נבו 6 הרצליה,street
1369,מכבי אחי נצרת,331,נצרת עילוט אימונים סינטטי,עילוט,עילוט,צפון,32.718281,35.2612603,עילוט,street
1371,מכבי צור שלום ק. ביאליק,174,צור שלום,הפרטיזנים 14 קרית ביאליק,קרית ביאליק,צפון,32.8568655,35.0979117,הפרטיזנים 14 קרית ביאליק,street
1372,מכבי עין מאהל אדהם,232,עין מאהל,מאלכ אבן אנס 8 עין מאהל,עין מאהל,צפון,32.72325,35.35298,עין מאהל,locality
1373,מכבי צור שלום ק. ביאליק,174,צור שלום,הפרטיזנים 14 קרית ביאליק,קרית ביאליק,צפון,32.8568655,35.0979117,הפרטיזנים 14 קרית ביאליק,street
1379,הפועל כאוכב,80,כאוכב,אלמדרסה כאוכב אבו אל היגא,כאוכב אבו אל היגא,צפון,32.8309185,35.2494826,כאוכב אבו אל היגא,fallback
1386,הפועל כאוכב,80,כאוכב,אלמדרסה כאוכב אבו אל היגא,כאוכב אבו אל היגא,צפון,32.8309185,35.2494826,כאוכב אבו אל היגא,fallback
1387,מכבי הרצליה ב' צפון,324,הרצליה משק אימונים,יוסף נבו 6 הרצליה,הרצליה,שרון,32.1673594,34.82377,יוסף נבו 6 הרצליה,street
1389,הפועל כאוכב,80,כאוכב,אלמדרסה כאוכב אבו אל היגא,כאוכב אבו אל היגא,צפון,32.8309185,35.2494826,כאוכב אבו אל היגא,fallback
1396,הפועל אשכול,132,נופי הבשור מועצה אזורית אשכול,מגן,מגן,דרום,31.2990681,34.4289248,מגן,street
1399,מ.ס. הפ' ירוחם,38,ירוחם,צבי בורנשטיין ירוחם,ירוחם,דרום,30.9885756,34.9222879,צבי בורנשטיין ירוחם,street
1400,מ.ס. הפ' ירוחם,38,ירוחם,צבי בורנשטיין ירוחם,ירוחם,דרום,30.9885756,34.9222879,צבי בורנשטיין ירוחם,street
1401,מ.ס. הפ' ירוחם,38,ירוחם,צבי בורנשטיין ירוחם,ירוחם,דרום,30.9885756,34.9222879,צבי בורנשטיין ירוחם,street
1404,הפועל אשכול,132,נופי הבשור מועצה אזורית אשכול,מגן,מגן,דרום,31.2990681,34.4289248,מגן,street
1413,מ.ס. הפ' ירוחם,38,ירוחם,צבי בורנשטיין ירוחם,ירוחם,דרום,30.9885756,34.9222879,צבי בורנשטיין ירוחם,street
1432,מכבי חיפה יהויכים,271,חיפה קצף תחתון,צביה ויצחק חיפה,חיפה,צפון,32.7941142,34.9684183,צביה ויצחק חיפה,street
1433,"מכבי סקציה מעלות תרשיחא ""צו פי",44,מעלות,בן גוריון 1 מעלות תרשיחא,מעלות תרשיחא,צפון,33.0136558,35.286681,בן גוריון 1 מעלות תרשיחא,street
1435,מכבי ע.ק. אתא 2,326,קרית אתא,רופין קרית אתא,קרית אתא,צפון,32.8155268,35.1106668,רופין קרית אתא,street
1439,הפועל חיפה 1,3,קרית חיים,האיצטדיון 1 חיפה,חיפה,צפון,32.82305,35.058868,האיצטדיון  חיפה,street
1440,הפועל באר שבע,966,באר שבע וסרמיל 1,אצ''ל 6 באר שבע,באר שבע,דרום,31.2720302,34.7777836,אצ''ל 6 באר שבע,street
1443,הפועל באר שבע,966,באר שבע וסרמיל 1,אצ''ל 6 באר שבע,באר שבע,דרום,31.2720302,34.7777836,אצ''ל 6 באר שבע,street
1444,הפועל באר שבע,966,באר שבע וסרמיל 1,אצ''ל 6 באר שבע,באר שבע,דרום,31.2720302,34.7777836,אצ''ל 6 באר שבע,street
1467,בני יהוד,1012,יהוד ק.סביונים,דרך משה דיין 5 יהוד מונוסון,יהוד,מרכז,32.035438,34.881537,דרך משה דיין  יהוד מונוסון,street
1469,בני יהוד,1012,יהוד ק.סביונים,דרך משה דיין 5 יהוד מונוסון,יהוד,מרכז,32.035438,34.881537,דרך משה דיין  יהוד מונוסון,street
1476,"א.ס נורדיה ירושלים ""צו פיוס""",1208,ירושלים הר חומה סינטטי,הרב ישעיהו דולגין 7 ירושלים,ירושלים,מרכז,31.7199984,35.2272089,הרב ישעיהו דולגין 7 ירושלים,street
1477,אגודת ספורט נורדיה ירושלים,1208,ירושלים הר חומה סינטטי,הרב ישעיהו דולגין 7 ירושלים,ירושלים,מרכז,31.7199984,35.2272089,הרב ישעיהו דולגין 7 ירושלים,street
1478,א ס נורדיה י-ם יוסיחכם,1208,ירושלים הר חומה סינטטי,הרב ישעיהו דולגין 7 ירושלים,ירושלים,מרכז,31.7199984,35.2272089,הרב ישעיהו דולגין 7 ירושלים,street
1480,עירוני באר יעקב,68,באר יעקב,שוהם 1 באר יעקב,באר יעקב,מרכז,31.9341905,34.8257844,שוהם 1 באר יעקב,street
1481,עירוני באר יעקב,68,באר יעקב,שוהם 1 באר יעקב,באר יעקב,מרכז,31.9341905,34.8257844,שוהם 1 באר יעקב,street
1482,"מכבי נווה שאנן יוסף שריקי ""צו פיוס""",400,חיפה אבי רן,צביה ויצחק חיפה,חיפה,צפון,32.7941142,34.9684183,צביה ויצחק חיפה,street
1483,"מכבי נווה שאנן אינג' יוסף ינון ""צו פיוס""",400,חיפה אבי רן,צביה ויצחק חיפה,חיפה,צפון,32.7941142,34.9684183,צביה ויצחק חיפה,street
1484,"מכבי נווה שאנן יוסי שטח ""צו פיוס""",400,חיפה אבי רן,צביה ויצחק חיפה,חיפה,צפון,32.7941142,34.9684183,צביה ויצחק חיפה,street
1485,"מכבי פ""ת ""בר סעאת""",954,פתח תקוה מכבי סינטטי,מרדכי בן דרור 1 פתח תקווה,פתח תקווה,מרכז,32.1000191,34.8900673,מרדכי בן דרור 1 פתח תקווה,street
1499,מכבי הרצליה צפון,588,הרצליה רן 2 (ילדים וטרומים),יוסף נבו 6 הרצליה,הרצליה,שרון,32.1673594,34.82377,יוסף נבו 6 הרצליה,street
1515,"מכבי ב""ש ""צו פיוס""",330,באר שבע טאובל,שדרות דוד בן גוריון 40 באר שבע,באר שבע,דרום,31.261395,34.8047493,שדרות דוד בן גוריון 40 באר שבע,street
1516,"מכבי ב""ש ""צו פיוס""",330,באר שבע טאובל,שדרות דוד בן גוריון 40 באר שבע,באר שבע,דרום,31.261395,34.8047493,שדרות דוד בן גוריון 40 באר שבע,street
1524,הפועל הרצליה עירוני,588,הרצליה רן 2 (ילדים וטרומים),יוסף נבו 6 הרצליה,הרצליה,שרון,32.1673594,34.82377,יוסף נבו 6 הרצליה,street
1526,מכבי עירוני נתיבות,1280,נתיבות חדש סינטטי,בדולח 1 נתיבות,נתיבות,דרום,31.4196436,34.5710321,בדולח 1 נתיבות,street
1529,מכבי נתניה 2,1078,נתניה שפירא,צבי מויססקו 12 נתניה,נתניה,שרון,32.2922515,34.8587201,צבי מויססקו 12 נתניה,street
1531,מכבי שעריים רחובות,1212,רחובות שעריים וייסגל סינטטי,שמעון דובנוב 47 רחובות,רחובות,מרכז,31.8872278,34.7941944,שמעון דובנוב 47 רחובות,street
1532,מכבי אחי נצרת,331,נצרת עילוט אימונים סינטטי,עילוט,עילוט,צפון,32.718281,35.2612603,עילוט,street
1534,"מכבי רחובות ""צו פיוס""",1215,רחובות מכבי רחובות וייסגל סינטטי,שמעון דובנוב 47 רחובות,רחובות,מרכז,31.8872278,34.7941944,שמעון דובנוב 47 רחובות,street
1537,מכבי הרצליה צפון,334,הרצליה רן 1,הרצליה,הרצליה,שרון,32.1656255,34.8469023,הרצליה,street
1538,"מכבי ת""א ""ברוך עזרתי""",336,תל אביב קרית שלום סינטטי,דרך בן צבי תל אביב יפו,יפו,מרכז,32.042069,34.77215,דרך בן צבי תל אביב יפו,street
1547,"מכבי ב""ש ""צו פיוס""",330,באר שבע טאובל,שדרות דוד בן גוריון 40 באר שבע,באר שבע,דרום,31.261395,34.8047493,שדרות דוד בן גוריון 40 באר שבע,street
1548,"מכבי ב""ש ""צו פיוס""",330,באר שבע טאובל,שדרות דוד בן גוריון 40 באר שבע,באר שבע,דרום,31.261395,34.8047493,שדרות דוד בן גוריון 40 באר שבע,street
1569,הפועל מצליח,965,מושב מצליח,הדס 53 מצליח,מצליח,דרום,31.9071638,34.8704398,הדס 53 מצליח,street
1570,הפועל מצליח,965,מושב מצליח,הדס 53 מצליח,מצליח,דרום,31.9071638,34.8704398,הדס 53 מצליח,street
1571,בני יהוד,1012,יהוד ק.סביונים,דרך משה דיין 5 יהוד מונוסון,יהוד,מרכז,32.035438,34.881537,דרך משה דיין  יהוד מונוסון,street
1572,בני יהוד,1012,יהוד ק.סביונים,דרך משה דיין 5 יהוד מונוסון,יהוד,מרכז,32.035438,34.881537,דרך משה דיין  יהוד מונוסון,street
1573,בני יהוד 'רון יהודאי',1012,יהוד ק.סביונים,דרך משה דיין 5 יהוד מונוסון,יהוד,מרכז,32.035438,34.881537,דרך משה דיין  יהוד מונוסון,street
1575,הפ' בני פקיעין,290,פקיעין,פקיעין,פקיעין,צפון,32.97803,35.33362,פקיעין,locality
1577,הפועל בני זלפה,1075,ברטעה,בסמ''ה,בסמה,שרון,32.5323092,35.1048328,בסמ''ה,street
1578,הפועל בני זלפה,1075,ברטעה,בסמ''ה,בסמה,שרון,32.5323092,35.1048328,בסמ''ה,street
1580,עירוני נשר,1006,נשר אצטדיון,דרך בר יהודה 1 נשר,נשר,צפון,32.7553561,35.0614638,דרך בר יהודה 1 נשר,street
1582,עירוני נשר,1006,נשר אצטדיון,דרך בר יהודה 1 נשר,נשר,צפון,32.7553561,35.0614638,דרך בר יהודה 1 נשר,street
1583,עירוני באר יעקב,68,באר יעקב,שוהם 1 באר יעקב,באר יעקב,מרכז,31.9341905,34.8257844,שוהם 1 באר יעקב,street
1584,עירוני באר יעקב,68,באר יעקב,שוהם 1 באר יעקב,באר יעקב,מרכז,31.9341905,34.8257844,שוהם 1 באר יעקב,street
1585,עירוני באר יעקב,68,באר יעקב,שוהם 1 באר יעקב,באר יעקב,מרכז,31.9341905,34.8257844,שוהם 1 באר יעקב,street
1586,"מכבי נווה שאנן ז'אק בז'ה ""צו פיוס""",400,חיפה אבי רן,צביה ויצחק חיפה,חיפה,צפון,32.7941142,34.9684183,צביה ויצחק חיפה,street
1587,מכבי נווה שאנן אלדד,400,חיפה אבי רן,צביה ויצחק חיפה,חיפה,צפון,32.7941142,34.9684183,צביה ויצחק חיפה,street
1588,"מכבי נווה שאנן אלדד ""צו פיוס""",400,חיפה אבי רן,צביה ויצחק חיפה,חיפה,צפון,32.7941142,34.9684183,צביה ויצחק חיפה,street
1593,"מכבי ת""א עודד",183,תל אביב קרית שלום 1,דרך בן צבי 106 תל אביב יפו,יפו,מרכז,32.039169,34.777451,דרך בן צבי 106 תל אביב יפו,street
1595,"הפועל עליה כפ״ס ""צו פיוס""",1004,"כפר סבא עליה כ""ס",טהון כפר סבא,כפר סבא,שרון,32.187791,34.903422,טהון כפר סבא,street
1597,הפועל מצליח,965,מושב מצליח,הדס 53 מצליח,מצליח,דרום,31.9071638,34.8704398,הדס 53 מצליח,street
1598,"מכבי פ""ת כלפו",954,פתח תקוה מכבי סינטטי,מרדכי בן דרור 1 פתח תקווה,פתח תקווה,מרכז,32.1000191,34.8900673,מרדכי בן דרור 1 פתח תקווה,street
1600,"הפועל כפר שלם ""צו פיוס""",1274,תל אביב ספורטק דרום 2 סינטטי,שתולים 82 תל אביב יפו,יפו,מרכז,32.0458964,34.7949441,שתולים 82 תל אביב יפו,street
1601,הפועל כפר שלם,1274,תל אביב ספורטק דרום 2 סינטטי,שתולים 82 תל אביב יפו,יפו,מרכז,32.0458964,34.7949441,שתולים 82 תל אביב יפו,street
1602,הפועל מצליח,965,מושב מצליח,הדס 53 מצליח,מצליח,דרום,31.9071638,34.8704398,הדס 53 מצליח,street
1605,בני יהוד,1012,יהוד ק.סביונים,דרך משה דיין 5 יהוד מונוסון,יהוד,מרכז,32.035438,34.881537,דרך משה דיין  יהוד מונוסון,street
1606,מכבי נתניה רפאל,1078,נתניה שפירא,צבי מויססקו 12 נתניה,נתניה,שרון,32.2922515,34.8587201,צבי מויססקו 12 נתניה,street
1607,"מכבי ת""א אלי פוקס",183,תל אביב קרית שלום 1,דרך בן צבי 106 תל אביב יפו,יפו,מרכז,32.039169,34.777451,דרך בן צבי 106 תל אביב יפו,street
1609,הפועל כפר שלם,1274,תל אביב ספורטק דרום 2 סינטטי,שתולים 82 תל אביב יפו,יפו,מרכז,32.0458964,34.7949441,שתולים 82 תל אביב יפו,street
1610,הפועל כפר שלם,1274,תל אביב ספורטק דרום 2 סינטטי,שתולים 82 תל אביב יפו,יפו,מרכז,32.0458964,34.7949441,שתולים 82 תל אביב יפו,street
1611,הפועל כפר שלם,1274,תל אביב ספורטק דרום 2 סינטטי,שתולים 82 תל אביב יפו,יפו,מרכז,32.0458964,34.7949441,שתולים 82 תל אביב יפו,street
1616,הפועל מרחבים,67,מרחבים,מסלול,מסלול,דרום,31.3253422,34.5885811,מסלול,street
1617,הפועל מרחבים,67,מרחבים,מסלול,מסלול,דרום,31.3253422,34.5885811,מסלול,street
1620,מכבי עירוני ק. אתא 2,326,קרית אתא,רופין קרית אתא,קרית אתא,צפון,32.8155268,35.1106668,רופין קרית אתא,street
1622,מכבי הרצליה דרום,588,הרצליה רן 2 (ילדים וטרומים),יוסף נבו 6 הרצליה,הרצליה,שרון,32.1673594,34.82377,יוסף נבו 6 הרצליה,street
1629,מכבי חיפה גולדשנפלד,636,חיפה קצף סינטטי,צביה ויצחק חיפה,חיפה,צפון,32.7941142,34.9684183,צביה ויצחק חיפה,street
1640,"מכבי ב""ש ""צו פיוס""",330,באר שבע טאובל,שדרות דוד בן גוריון 40 באר שבע,באר שבע,דרום,31.261395,34.8047493,שדרות דוד בן גוריון 40 באר שבע,street
1641,"מכבי ב""ש 2 ""צו פיוס""",330,באר שבע טאובל,שדרות דוד בן גוריון 40 באר שבע,באר שבע,דרום,31.261395,34.8047493,שדרות דוד בן גוריון 40 באר שבע,street
1644,מכבי צור שלום ק. ביאליק,174,צור שלום,הפרטיזנים 14 קרית ביאליק,קרית ביאליק,צפון,32.8568655,35.0979117,הפרטיזנים 14 קרית ביאליק,street
1645,הפועל עפולה,1132,עפולה סינטטי,חיים ברלב 2 עפולה,עפולה,צפון,32.6271182,35.315469,חיים ברלב 2 עפולה,street
1650,"מכבי רחובות צפון ""צו פיוס""",1215,רחובות מכבי רחובות וייסגל סינטטי,שמעון דובנוב 47 רחובות,רחובות,מרכז,31.8872278,34.7941944,שמעון דובנוב 47 רחובות,street
1668,בני יהוד,1012,יהוד ק.סביונים,דרך משה דיין 5 יהוד מונוסון,יהוד,מרכז,32.035438,34.881537,דרך משה דיין  יהוד מונוסון,street
1669,מכבי אחי נצרת,331,נצרת עילוט אימונים סינטטי,עילוט,עילוט,צפון,32.718281,35.2612603,עילוט,street
1671,הפ' בית אליעזר גרשון,50,חדרה בית אליעזר,כ''ט בנובמבר חדרה,חדרה,שרון,32.4285836,34.9514667,כ''ט בנובמבר חדרה,street
1672,הפ' בית אליעזר גרשון,18,(סגור)חדרה הפועל חדרה,חטיבת הנח''ל 16 חדרה,חדרה,שרון,32.4307074,34.9343732,חטיבת הנח''ל 16 חדרה,street
1677,עירוני נשר,1006,נשר אצטדיון,דרך בר יהודה 1 נשר,נשר,צפון,32.7553561,35.0614638,דרך בר יהודה 1 נשר,street
1678,עירוני נשר,1026,נשר סינטטי,דרך בר יהודה 1 נשר,נשר,צפון,32.7553561,35.0614638,דרך בר יהודה 1 נשר,street
1680,עירוני באר יעקב,68,באר יעקב,שוהם 1 באר יעקב,באר יעקב,מרכז,31.9341905,34.8257844,שוהם 1 באר יעקב,street
1682,מכבי נווה שאנן אלדד,400,חיפה אבי רן,צביה ויצחק חיפה,חיפה,צפון,32.7941142,34.9684183,צביה ויצחק חיפה,street
1683,מכבי נווה שאנן אלדד,602,חיפה אבי רן 2,צביה ויצחק חיפה,חיפה,צפון,32.7941142,34.9684183,צביה ויצחק חיפה,street
1690,עירוני נשר,1026,נשר סינטטי,דרך בר יהודה 1 נשר,נשר,צפון,32.7553561,35.0614638,דרך בר יהודה 1 נשר,street
1692,מכבי בסמת טבעון,84,כאבול,כאבול,כאבול,צפון,32.8677008,35.2100551,כאבול,street
1698,מ.ס. חיפה רובי רובי שפירא,1238,קרית חיים בית נגלר מזרחי (אתוס לשעבר),אברהם דנינו 6 חיפה,חיפה,צפון,32.8181708,35.066066,אברהם דנינו 6 חיפה,street
1699,מ.ס. חיפה רובי שפירא,400,חיפה אבי רן,צביה ויצחק חיפה,חיפה,צפון,32.7941142,34.9684183,צביה ויצחק חיפה,street
1700,מ.ס. חיפה רובי שפירא 2,1159,חיפה אגרטק (אתוס 1 לשעבר),קדושי יאסי 2 חיפה,חיפה,צפון,32.7916931,34.9644972,קדושי יאסי 2 חיפה,street
1703,מ.כ. גני תקווה,1247,גני תקווה,דרך הים 9 גני תקווה,גני תקווה,מרכז,32.0642371,34.8738515,דרך הים 9 גני תקווה,street
1704,"מ.ס. בני ""ממבע"" הגולן והגליל",1259,בוקעתא,בוקעתא,בוקעתא,צפון,33.20076,35.7779892,בוקעתא,fallback
1705,"מ.ס. בני ""ממבע"" הגולן והגליל",1259,בוקעתא,בוקעתא,בוקעתא,צפון,33.20076,35.7779892,בוקעתא,fallback
1706,"מ.ס. בני ""ממבע"" הגולן והגליל",1259,בוקעתא,בוקעתא,בוקעתא,צפון,33.20076,35.7779892,בוקעתא,fallback
1714,מ.כ. מושב חוסן יהודה אדרי,44,מעלות,בן גוריון 1 מעלות תרשיחא,מעלות תרשיחא,צפון,33.0136558,35.286681,בן גוריון 1 מעלות תרשיחא,street
1716,אגודת ספורט אשדוד,1203,אשדוד סינטטי 2 קטן,שדרות הנשיא וייצמן 21 אשדוד,אשדוד,דרום,31.808349,34.657739,שדרות הנשיא וייצמן  אשדוד,street
1717,אגודת ספורט אשדוד,1203,אשדוד סינטטי 2 קטן,שדרות הנשיא וייצמן 21 אשדוד,אשדוד,דרום,31.808349,34.657739,שדרות הנשיא וייצמן  אשדוד,street
1718,א.ס. אשדוד,1203,אשדוד סינטטי 2 קטן,שדרות הנשיא וייצמן 21 אשדוד,אשדוד,דרום,31.808349,34.657739,שדרות הנשיא וייצמן  אשדוד,street
1726,"הפועל חוף הכרמל / מ""מ",1060,מעגן מיכאל,מעגן מיכאל,מעגן מיכאל,שרון,32.5553209,34.9166572,מעגן מיכאל,street
1727,"הפועל חוף הכרמל / מ""מ",1060,מעגן מיכאל,מעגן מיכאל,מעגן מיכאל,שרון,32.5553209,34.9166572,מעגן מיכאל,street
1728,הפ' קרית חיים ליבוביץ יעקב,1238,קרית חיים בית נגלר מזרחי (אתוס לשעבר),אברהם דנינו 6 חיפה,חיפה,צפון,32.8181708,35.066066,אברהם דנינו 6 חיפה,street
1731,מ.כ. כבביר,1159,חיפה אגרטק (אתוס 1 לשעבר),קדושי יאסי 2 חיפה,חיפה,צפון,32.7916931,34.9644972,קדושי יאסי 2 חיפה,street
1732,מ.כ. כבביר,400,חיפה אבי רן,צביה ויצחק חיפה,חיפה,צפון,32.7941142,34.9684183,צביה ויצחק חיפה,street
1733,מ.כ. כבביר,400,חיפה אבי רן,צביה ויצחק חיפה,חיפה,צפון,32.7941142,34.9684183,צביה ויצחק חיפה,street
1745,מ.כ. גני תקווה,1247,גני תקווה,דרך הים 9 גני תקווה,גני תקווה,מרכז,32.0642371,34.8738515,דרך הים 9 גני תקווה,street
1746,מ.כ. גני תקווה,1247,גני תקווה,דרך הים 9 גני תקווה,גני תקווה,מרכז,32.0642371,34.8738515,דרך הים 9 גני תקווה,street
1747,מ.כ. גני תקווה,1247,גני תקווה,דרך הים 9 גני תקווה,גני תקווה,מרכז,32.0642371,34.8738515,דרך הים 9 גני תקווה,street
1748,"מ.ס. בני ""ממבע"" הגולן והגליל",1259,בוקעתא,בוקעתא,בוקעתא,צפון,33.20076,35.7779892,בוקעתא,fallback
1749,"מ.ס. בני ""ממבע"" הגולן והגליל",1259,בוקעתא,בוקעתא,בוקעתא,צפון,33.20076,35.7779892,בוקעתא,fallback
1750,"מ.ס. בני ""ממבע"" הגולן והגליל",1259,בוקעתא,בוקעתא,בוקעתא,צפון,33.20076,35.7779892,בוקעתא,fallback
1751,אגודת ספורט חולון מור,1082,"(סגור)חולון אימונים ע""י בית העלמין",משה דיין חולון,חולון,מרכז,32.000768,34.770396,משה דיין חולון,street
1752,מכבי נתניה יונתן יוני,1078,נתניה שפירא,צבי מויססקו 12 נתניה,נתניה,שרון,32.2922515,34.8587201,צבי מויססקו 12 נתניה,street
1760,אגודת ספורט חולון מור,1082,"(סגור)חולון אימונים ע""י בית העלמין",משה דיין חולון,חולון,מרכז,32.000768,34.770396,משה דיין חולון,street
1764,"מ.כ. מושב חוסן יהודה אדרי ""צו",44,מעלות,בן גוריון 1 מעלות תרשיחא,מעלות תרשיחא,צפון,33.0136558,35.286681,בן גוריון 1 מעלות תרשיחא,street
1765,"מ.כ. מושב חוסן יהודה אדרי ""צו",44,מעלות,בן גוריון 1 מעלות תרשיחא,מעלות תרשיחא,צפון,33.0136558,35.286681,בן גוריון 1 מעלות תרשיחא,street
1766,מכבי יבנה,349,יבנה דרך הנשיאים,הנשיאים 17 יבנה,יבנה,דרום,31.8716059,34.7513276,הנשיאים 17 יבנה,street
1773,מ.כ. מושב חוסן יהודה אדרי,44,מעלות,בן גוריון 1 מעלות תרשיחא,מעלות תרשיחא,צפון,33.0136558,35.286681,בן גוריון 1 מעלות תרשיחא,street
1776,"א.ס אשדוד ""משה גלינה""",1203,אשדוד סינטטי 2 קטן,שדרות הנשיא וייצמן 21 אשדוד,אשדוד,דרום,31.808349,34.657739,שדרות הנשיא וייצמן  אשדוד,street
1777,אגודת ספורט אשדוד,1203,אשדוד סינטטי 2 קטן,שדרות הנשיא וייצמן 21 אשדוד,אשדוד,דרום,31.808349,34.657739,שדרות הנשיא וייצמן  אשדוד,street
1778,אגודת ספורט אשדוד,1203,אשדוד סינטטי 2 קטן,שדרות הנשיא וייצמן 21 אשדוד,אשדוד,דרום,31.808349,34.657739,שדרות הנשיא וייצמן  אשדוד,street
1786,הפ' קרית חיים ליבוביץ יעקב,1239,קרית חיים בית נגלר מערבי (אתוס לשעבר),אברהם דנינו 6 חיפה,חיפה,צפון,32.8181708,35.066066,אברהם דנינו 6 חיפה,street
1789,מ.כ. כבביר,400,חיפה אבי רן,צביה ויצחק חיפה,חיפה,צפון,32.7941142,34.9684183,צביה ויצחק חיפה,street
1790,מ.כ. כבביר,1159,חיפה אגרטק (אתוס 1 לשעבר),קדושי יאסי 2 חיפה,חיפה,צפון,32.7916931,34.9644972,קדושי יאסי 2 חיפה,street
1791,מ.כ. כבביר,1159,חיפה אגרטק (אתוס 1 לשעבר),קדושי יאסי 2 חיפה,חיפה,צפון,32.7916931,34.9644972,קדושי יאסי 2 חיפה,street
1792,מ.ס. איחוד דרום השרון,1279,ירחיב,סמטת חופית 1 ירחיב,ירחיב,שרון,32.15239,34.9679,ירחיב,locality
1793,מ.ס. איחוד דרום השרון,1279,ירחיב,סמטת חופית 1 ירחיב,ירחיב,שרון,32.15239,34.9679,ירחיב,locality
1794,מ.ס. איחוד דרום השרון,1279,ירחיב,סמטת חופית 1 ירחיב,ירחיב,שרון,32.15239,34.9679,ירחיב,locality
1797,הפ' בני טובא זנגריה,243,טובא,טובא טובא זנגריה,טובא זנגריה,צפון,32.9661525,35.5927747,טובא טובא זנגריה,street
1801,הפועל מטה יהודה,1257,באר שבע רייסר 4 סינטטי,שלושת המצפים 3 באר שבע,באר שבע,דרום,31.2329997,34.8099317,שלושת המצפים 3 באר שבע,street
1802,הפועל מטה יהודה,1278,(סגור)רייסר 4 סגור/ישן,באר שבע,באר שבע,דרום,31.2457442,34.7925181,באר שבע,street
1803,הפועל מטה יהודה,1310,אבו גוש,השדות 2 אבו גוש,אבו גוש,מרכז,31.80592,35.1093,אבו גוש,locality
1805,מ.כ. הפ' ערערה בנגב,38,ירוחם,צבי בורנשטיין ירוחם,ירוחם,דרום,30.9885756,34.9222879,צבי בורנשטיין ירוחם,street
1806,מ.כ. הפ' ערערה בנגב,38,ירוחם,צבי בורנשטיין ירוחם,ירוחם,דרום,30.9885756,34.9222879,צבי בורנשטיין ירוחם,street
1817,"מכבי פ""ת צפון",1307,פתח תקוה מושבה צפוני חדש,דרך שלמה שמלצר 12 פתח תקווה,פתח תקווה,מרכז,32.100294,34.850965,דרך שלמה שמלצר  פתח תקווה,street
1820,הפ' איחוד בני סמיע,165,כפר סמיע,כיסרא סומיע,כפר סמיע,צפון,32.9802989,35.3072033,כיסרא סומיע,street
1828,מ.ס. איחוד דרום השרון,1279,ירחיב,סמטת חופית 1 ירחיב,ירחיב,שרון,32.15239,34.9679,ירחיב,locality
1829,מ.ס. איחוד דרום השרון מערב,1279,ירחיב,סמטת חופית 1 ירחיב,ירחיב,שרון,32.15239,34.9679,ירחיב,locality
1830,מ.ס. איחוד דרום השרון מערב,1279,ירחיב,סמטת חופית 1 ירחיב,ירחיב,שרון,32.15239,34.9679,ירחיב,locality
1838,הפ' איחוד בני סמיע,165,כפר סמיע,כיסרא סומיע,כפר סמיע,צפון,32.9802989,35.3072033,כיסרא סומיע,street
1839,הפ' איחוד בני סמיע,165,כפר סמיע,כיסרא סומיע,כפר סמיע,צפון,32.9802989,35.3072033,כיסרא סומיע,street
1840,הפ' איחוד בני סמיע,165,כפר סמיע,כיסרא סומיע,כפר סמיע,צפון,32.9802989,35.3072033,כיסרא סומיע,street
1845,הפ' איחוד בני סמיע,165,כפר סמיע,כיסרא סומיע,כפר סמיע,צפון,32.9802989,35.3072033,כיסרא סומיע,street
1850,"מכבי חיפה ""שמואל""",636,חיפה קצף סינטטי,צביה ויצחק חיפה,חיפה,צפון,32.7941142,34.9684183,צביה ויצחק חיפה,street
1851,מכבי נתניה 1,1078,נתניה שפירא,צבי מויססקו 12 נתניה,נתניה,שרון,32.2922515,34.8587201,צבי מויססקו 12 נתניה,street
1852,הפ' נחלת יהודה ראשון לציון,153,(סגור)ראשון לציון נחלת יהודה,קיבוץ גלויות ראשון לציון,ראשון לציון,מרכז,31.9845414,34.804834,קיבוץ גלויות ראשון לציון,street
1856,הפ' אחוה חיפה,1159,חיפה אגרטק (אתוס 1 לשעבר),קדושי יאסי 2 חיפה,חיפה,צפון,32.7916931,34.9644972,קדושי יאסי 2 חיפה,street
1866,מ.כ. מעיליא,257,שיח-דנון,שייח' דנון,שייח' דנון,צפון,32.9943175,35.1479211,שייח' דנון,street
1867,מ.כ. מעיליא,257,שיח-דנון,שייח' דנון,שייח' דנון,צפון,32.9943175,35.1479211,שייח' דנון,street
1868,מ.כ. מעיליא,257,שיח-דנון,שייח' דנון,שייח' דנון,צפון,32.9943175,35.1479211,שייח' דנון,street
1869,"מ.כ חולון ירמיהו ""צו פיוס""",1260,חולון אימונים סינטטי ליד בית העלמין,משה דיין 1 חולון,חולון,מרכז,32.000768,34.770396,משה דיין 1 חולון,street
1870,מכבי הרצליה ב,334,הרצליה רן 1,הרצליה,הרצליה,שרון,32.1656255,34.8469023,הרצליה,street
1871,הפועל דיר חנא,317,דיר חנא,דייר חנא,דיר חנא,צפון,32.861898,35.365638,דייר חנא,street
1873,"מכבי ב""ש צפון ""צו פיוס""",330,באר שבע טאובל,שדרות דוד בן גוריון 40 באר שבע,באר שבע,דרום,31.261395,34.8047493,שדרות דוד בן גוריון 40 באר שבע,street
1881,הפ' איכסל עמאד,237,איכסל,אכסאל,איכסל,צפון,32.6815837,35.3239769,איכסל,fallback
1882,הפ' איכסל עמאד,237,איכסל,אכסאל,איכסל,צפון,32.6815837,35.3239769,איכסל,fallback
1887,"מ.כ. חולון ירמיהו ""צו פיוס""",1316,חולון טוטו,משה דיין  חולון,חולון,מרכז,32.000768,34.770396,משה דיין  חולון,street
1888,מ.כ. חולון ירמיהו צפון,1260,חולון אימונים סינטטי ליד בית העלמין,משה דיין 1 חולון,חולון,מרכז,32.000768,34.770396,משה דיין 1 חולון,street
1889,מ.כ. חולון ירמיהו,1260,חולון אימונים סינטטי ליד בית העלמין,משה דיין 1 חולון,חולון,מרכז,32.000768,34.770396,משה דיין 1 חולון,street
1896,מ.כ. חולון ירמיהו,1260,חולון אימונים סינטטי ליד בית העלמין,משה דיין 1 חולון,חולון,מרכז,32.000768,34.770396,משה דיין 1 חולון,street
1897,"מ.כ. חולון ירמיהו ""בניה רובל"" ""צו פיוס""",1260,חולון אימונים סינטטי ליד בית העלמין,משה דיין 1 חולון,חולון,מרכז,32.000768,34.770396,משה דיין 1 חולון,street
1898,מ.כ. חולון ירמיהו דרום,1260,חולון אימונים סינטטי ליד בית העלמין,משה דיין 1 חולון,חולון,מרכז,32.000768,34.770396,משה דיין 1 חולון,street
1906,הפ' בני פרדיס מ. עבדאלעאל,170,פרדיס,פוריידיס,פוריידיס,צפון,32.5988242,34.9542319,פוריידיס,fallback
1907,הפ' בני פרדיס מ. עבדאלעאל,170,פרדיס,פוריידיס,פוריידיס,צפון,32.5988242,34.9542319,פוריידיס,fallback
1908,"מכבי ת""א לייבו",393,"תל אביב אוניברסיטת ת""א",קלצ'קין 4 תל אביב יפו,יפו,מרכז,32.117079,34.804092,קלצ'קין 4 תל אביב יפו,street
1909,מכבי ס. מעלות תרשיחא,44,מעלות,בן גוריון 1 מעלות תרשיחא,מעלות תרשיחא,צפון,33.0136558,35.286681,בן גוריון 1 מעלות תרשיחא,street
1912,הפ' אלאתיחאד נצרת,331,נצרת עילוט אימונים סינטטי,עילוט,עילוט,צפון,32.718281,35.2612603,עילוט,street
1913,הפ' אלאתיחאד נצרת,331,נצרת עילוט אימונים סינטטי,עילוט,עילוט,צפון,32.718281,35.2612603,עילוט,street
1914,הפ' אלאתיחאד נצרת,331,נצרת עילוט אימונים סינטטי,עילוט,עילוט,צפון,32.718281,35.2612603,עילוט,street
1915,"מ.כ. חולון ירמיהו דרום ""צו פיוס""",1260,חולון אימונים סינטטי ליד בית העלמין,משה דיין 1 חולון,חולון,מרכז,32.000768,34.770396,משה דיין 1 חולון,street
1916,מ.כ. חולון ירמיהו,1260,חולון אימונים סינטטי ליד בית העלמין,משה דיין 1 חולון,חולון,מרכז,32.000768,34.770396,משה דיין 1 חולון,street
1917,מ.כ. חולון ירמיהו,1110,חולון אימונים בית העלמין,משה דיין 1 חולון,חולון,מרכז,32.000768,34.770396,משה דיין 1 חולון,street
1924,הפ' בני פרדיס מ. עבדאלעאל,170,פרדיס,פוריידיס,פוריידיס,צפון,32.5988242,34.9542319,פוריידיס,fallback
1925,הפ' בני פרדיס מ. עבדאלעאל,170,פרדיס,פוריידיס,פוריידיס,צפון,32.5988242,34.9542319,פוריידיס,fallback
1926,הפ' בני פרדיס מ. עבדאלעאל,170,פרדיס,פוריידיס,פוריידיס,צפון,32.5988242,34.9542319,פוריידיס,fallback
1927,"מ.ס. הפועל לוד 'ניקי מיכאלי' ""צו פיוס""",1123,לוד סינטטי חדש,דרך הרמ''א 2 לוד,לוד,מרכז,31.933597,34.889205,דרך הרמ''א  לוד,street
1928,"מ.ס. הפועל לוד בני רגב ""צו פיוס""",1123,לוד סינטטי חדש,דרך הרמ''א 2 לוד,לוד,מרכז,31.933597,34.889205,דרך הרמ''א  לוד,street
1929,"מ.ס. הפועל לוד בני רגב ""צו פיוס""",1123,לוד סינטטי חדש,דרך הרמ''א 2 לוד,לוד,מרכז,31.933597,34.889205,דרך הרמ''א  לוד,street
1930,"הפועל טירת כרמל ""צו פיוס""",32,טירת כרמל,הרב משה מרדכי 7 טירת כרמל,טירת כרמל,צפון,32.76025,34.96874,טירת כרמל,locality
1931,"הפועל טירת כרמל ""צו פיוס""",32,טירת כרמל,הרב משה מרדכי 7 טירת כרמל,טירת כרמל,צפון,32.76025,34.96874,טירת כרמל,locality
1939,"מ.כ.ע. אריאל ""צו פיוס""",255,אריאל,רמת הגולן 1 אריאל,אריאל,מרכז,32.1049634,35.1989244,רמת הגולן 1 אריאל,street
1940,מ.כ.ע. אריאל,255,אריאל,רמת הגולן 1 אריאל,אריאל,מרכז,32.1049634,35.1989244,רמת הגולן 1 אריאל,street
1945,"הפועל רמת ישראל ""חיים"" ""צו פיוס""",1274,תל אביב ספורטק דרום 2 סינטטי,שתולים 82 תל אביב יפו,יפו,מרכז,32.0458964,34.7949441,שתולים 82 תל אביב יפו,street
1946,הפועל רמת ישראל,1274,תל אביב ספורטק דרום 2 סינטטי,שתולים 82 תל אביב יפו,יפו,מרכז,32.0458964,34.7949441,שתולים 82 תל אביב יפו,street
1947,הפועל רמת ישראל,1274,תל אביב ספורטק דרום 2 סינטטי,שתולים 82 תל אביב יפו,יפו,מרכז,32.0458964,34.7949441,שתולים 82 תל אביב יפו,street
1948,"מ.כ. מכבי ע. אשדוד ""צו פיוס""",1203,אשדוד סינטטי 2 קטן,שדרות הנשיא וייצמן 21 אשדוד,אשדוד,דרום,31.808349,34.657739,שדרות הנשיא וייצמן  אשדוד,street
1949,מ.כ. מכבי ע. אשדוד,1203,אשדוד סינטטי 2 קטן,שדרות הנשיא וייצמן 21 אשדוד,אשדוד,דרום,31.808349,34.657739,שדרות הנשיא וייצמן  אשדוד,street
1950,"מ.כ. מכבי ע. אשדוד ""צו פיוס""",1203,אשדוד סינטטי 2 קטן,שדרות הנשיא וייצמן 21 אשדוד,אשדוד,דרום,31.808349,34.657739,שדרות הנשיא וייצמן  אשדוד,street
1951,הפ' בני דיר אל אסד,603,בענה,בענה,בענה,צפון,32.9280587,35.272169,בענה,street
1961,מכבי צעירי בענה,603,בענה,בענה,בענה,צפון,32.9280587,35.272169,בענה,street
1962,מכבי צעירי בענה,603,בענה,בענה,בענה,צפון,32.9280587,35.272169,בענה,street
1971,"מ.כ. מתנ""ס אופקים ""צו פיוס""",133,אופקים,דוד בוזגלו 2 אופקים,אופקים,דרום,31.3050605,34.6277205,דוד בוזגלו 2 אופקים,street
1980,צעירי סכנין,981,סכנין אימונים,אלריאדה סח'נין,סח’נין,צפון,32.86506,35.29771,סחנין,locality
1981,צעירי סכנין,981,סכנין אימונים,אלריאדה סח'נין,סח’נין,צפון,32.86506,35.29771,סחנין,locality
1982,צעירי סכנין,981,סכנין אימונים,אלריאדה סח'נין,סח’נין,צפון,32.86506,35.29771,סחנין,locality
1983,מכבי אחווה שעב,162,שעב,אלביאדר 10 שעב,שעב,צפון,32.89014,35.23885,שעב,locality
1984,מכבי אחווה שעב,162,שעב,אלביאדר 10 שעב,שעב,צפון,32.89014,35.23885,שעב,locality
1988,הפועל בני עראבה,81,נחף,נחף,נחף,צפון,32.9345686,35.31763,נחף,street
1989,מ.כ. צעירי עילוט,331,נצרת עילוט אימונים סינטטי,עילוט,עילוט,צפון,32.718281,35.2612603,עילוט,street
1990,מ.כ. צעירי עילוט,331,נצרת עילוט אימונים סינטטי,עילוט,עילוט,צפון,32.718281,35.2612603,עילוט,street
1991,מ.כ. צעירי עילוט,331,נצרת עילוט אימונים סינטטי,עילוט,עילוט,צפון,32.718281,35.2612603,עילוט,street
1997,אהלי טמרה,254,טמרה,טמרה,טמרה,צפון,32.85301,35.1987,טמרה,locality
1999,מ.ס. כדורגל שפרעם,31,שפרעם,שפרעם,שפרעם,צפון,32.8045765,35.1723866,שפרעם,street
2000,מ.ס. כדורגל שפרעם,31,שפרעם,שפרעם,שפרעם,צפון,32.8045765,35.1723866,שפרעם,street
2003,ה.מ.יהודה צפון אליה טולדנו,197,פתח תקוה מחנה יהודה,הנרייטה סולד 46 פתח תקווה,פתח תקווה,מרכז,32.0766111,34.8933795,הנרייטה סולד 46 פתח תקווה,street
2004,"הפ מ. יהודה ""צו פיוס""",197,פתח תקוה מחנה יהודה,הנרייטה סולד 46 פתח תקווה,פתח תקווה,מרכז,32.0766111,34.8933795,הנרייטה סולד 46 פתח תקווה,street
2008,הפ' ניר רמת השרון צפון,1281,רמת השרון סינטטי קטן,דרך דודו דותן 2 רמת השרון,רמת השרון,שרון,32.14613,34.8394,רמת השרון,locality
2014,"הפועל ב""ש ""לבן""",966,באר שבע וסרמיל 1,אצ''ל 6 באר שבע,באר שבע,דרום,31.2720302,34.7777836,אצ''ל 6 באר שבע,street
2015,מכבי נוג'ידאת אחמד,1311,בועיינה נוג'ידאת מזרחי חדש,אלזיתון 1 בועיינה נוג'יידאת,נוג’ידאת,צפון,32.81136,35.37431,נוגידאת,locality
2021,הפ' יוקנעם ארז,55,יקנעם,הגנים יקנעם,יקנעם עילית,צפון,32.6480601,35.0943545,יקנעם,fallback
2023,הפועל יוקנעם איתי גליסקו,55,יקנעם,הגנים יקנעם,יקנעם עילית,צפון,32.6480601,35.0943545,יקנעם,fallback
2027,הפ' גבעת אולגה,56,(סגור)חדרה גבעת אולגה,חדרה,חדרה,שרון,32.440742,34.9401053,חדרה,street
2030,"הפועל כפר סבא מערב ""צו פיוס""",282,כפר סבא אימונים תחתון (סינטטי),התוכנה 9 כפר סבא,כפר סבא,שרון,32.177971,34.9258419,התוכנה 9 כפר סבא,street
2036,הפ' עירוני ערערה,88,ערערה,ערערה,ערערה,שרון,32.4965507,35.0955581,ערערה,street
2039,"הפ' מרמורק רחובות חיים ""צו פיוס""",238,(סגור)רחובות מכבי רחובות קריית משה,דרך יצחק כץ 11 רחובות,רחובות,דרום,31.888059,34.778507,דרך יצחק כץ  רחובות,street
2041,הפועל אשכול,132,נופי הבשור מועצה אזורית אשכול,מגן,מגן,דרום,31.2990681,34.4289248,מגן,street
2043,"הפועל ניר רמה""ש רום וילדר ז""ל",1281,רמת השרון סינטטי קטן,דרך דודו דותן 2 רמת השרון,רמת השרון,שרון,32.14613,34.8394,רמת השרון,locality
2045,הפ' ניר רמת השרון דרום,1281,רמת השרון סינטטי קטן,דרך דודו דותן 2 רמת השרון,רמת השרון,שרון,32.14613,34.8394,רמת השרון,locality
2054,הפ' נוף הגליל 2,1318,נוף הגליל סינטטי חדש,יזרעאל 46 נוף הגליל,נוף הגליל,צפון,32.689583,35.3167752,יזרעאל 46 נוף הגליל,street
2058,הפ' נוף הגליל,1318,נוף הגליל סינטטי חדש,יזרעאל 46 נוף הגליל,נוף הגליל,צפון,32.689583,35.3167752,יזרעאל 46 נוף הגליל,street
2059,הפועל חיפה 2,3,קרית חיים,האיצטדיון 1 חיפה,חיפה,צפון,32.82305,35.058868,האיצטדיון  חיפה,street
2060,הפועל אשקלון,370,(סגור)אשקלון אימונים-2,קיבוץ גלויות 1 אשקלון,אשקלון,דרום,31.6657521,34.5672225,קיבוץ גלויות 1 אשקלון,street
2061,"הפועל ר""ג ""רונן פרץ""",181,רמת גן השקמה,אחד העם 8 רמת גן,רמת גן,מרכז,32.08227,34.81065,רמת גן,locality
2064,הפועל דיר חנא,317,דיר חנא,דייר חנא,דיר חנא,צפון,32.861898,35.365638,דייר חנא,street
2065,"ה.מ. יהודה סתיו חלפון צו פיוס ""צו פיוס""",197,פתח תקוה מחנה יהודה,הנרייטה סולד 46 פתח תקווה,פתח תקווה,מרכז,32.0766111,34.8933795,הנרייטה סולד 46 פתח תקווה,street
2068,"הפועל ק""ש",75,צפת,האחד עשר צפת,צפת,צפון,32.9589421,35.5008402,האחד עשר צפת,street
2072,הפועל רהט,562,רהט הפועל רהט,אלח'זאן 1 רהט,רהט,דרום,31.381991,34.775125,אלח'זאן  רהט,street
2075,"הפועל רעננה ""צו פיוס""",363,רעננה פארק צפוני סינטטי,מרטין דרוקר רעננה,רעננה,שרון,32.1933115,34.8463327,מרטין דרוקר רעננה,street
2078,הפועל חדרה,1264,חדרה רמדה,שדרות רחבעם זאבי 2 חדרה,חדרה,שרון,32.435925,34.878644,שדרות רחבעם זאבי  חדרה,street
2082,הפ' אחוה חיפה,602,חיפה אבי רן 2,צביה ויצחק חיפה,חיפה,צפון,32.7941142,34.9684183,צביה ויצחק חיפה,street
2085,"הפועל ב""ש",1081,באר שבע וסרמיל 4,אצ''ל 6 באר שבע,באר שבע,דרום,31.2720302,34.7777836,אצ''ל 6 באר שבע,street
2087,"הפועל עכו ""צו פיוס""",1167,עכו הפועל עכו חדש,שלום הגליל 1 עכו,עכו,צפון,32.9195753,35.0920147,שלום הגליל 1 עכו,street
2089,הפועל מגדל העמק ''מאיר'',54,מגדל העמק,האיצטדיון 1 מגדל העמק,מגדל העמק,צפון,32.6701517,35.2381416,האיצטדיון 1 מגדל העמק,street
2091,הפועל מ.א. משגב,513,משגב,רקפת,רקפת,צפון,32.8547224,35.2642924,רקפת,street
2092,הפ' ע.ס. אבו גוש מבשרת ציון,120,מבשרת ציון,מבוא טללים 1 מבשרת ציון,מבשרת ציון,מרכז,31.8009752,35.1444388,מבוא טללים 1 מבשרת ציון,street
2096,"הפועל ת""א צפון",1351,תל אביב ספורטק צפון מגרש מערבי,שדרות רוקח 40 תל אביב יפו,יפו,מרכז,32.098446,34.787669,שדרות רוקח 40 תל אביב יפו,street
2098,"הפ' נ.יהודה ראשל"" שאול מוספי",153,(סגור)ראשון לציון נחלת יהודה,קיבוץ גלויות ראשון לציון,ראשון לציון,מרכז,31.9845414,34.804834,קיבוץ גלויות ראשון לציון,street
2107,הפועל כפר ברא,1104,כפר ברא,כפר ברא,כפר ברא,שרון,32.1312845,34.9707954,כפר ברא,street
2112,הפועל פרדסייה,105,פרדסיה,התהילה 24 פרדסיה,פרדסיה,שרון,32.3084939,34.9049422,התהילה 24 פרדסיה,street
2114,הפועל פרדסייה,105,פרדסיה,התהילה 24 פרדסיה,פרדסיה,שרון,32.3084939,34.9049422,התהילה 24 פרדסיה,street
2117,הפועל חיפה 1,1269,קרית ים סינטטי,פנחס לבון 1 קרית ים,קרית ים,צפון,32.8553846,35.0765524,פנחס לבון 1 קרית ים,street
2120,הפועל עפולה,1132,עפולה סינטטי,חיים ברלב 2 עפולה,עפולה,צפון,32.6271182,35.315469,חיים ברלב 2 עפולה,street
2126,הפועל מ.א. משגב,513,משגב,רקפת,רקפת,צפון,32.8547224,35.2642924,רקפת,street
2128,הפועל ד.א. כרמל,58,דלית אל כרמל,אלרוחראח  דאלית אל כרמל,דלית אל כרמל,צפון,32.6869077,35.057284,אלרוחראח  דאלית אל כרמל,street
2129,הפ' בית אליעזר,50,חדרה בית אליעזר,כ''ט בנובמבר חדרה,חדרה,שרון,32.4285836,34.9514667,כ''ט בנובמבר חדרה,street
2130,הפועל הרצליה עירוני,334,הרצליה רן 1,הרצליה,הרצליה,שרון,32.1656255,34.8469023,הרצליה,street
2134,"הפועל ת""א ""איתי תמיר""",417,תל אביב וולפסון 2,הלוחמים חולון,חולון,מרכז,32.0353386,34.7678567,הלוחמים חולון,street
2135,הפועל קלנסואה,1104,כפר ברא,כפר ברא,כפר ברא,שרון,32.1312845,34.9707954,כפר ברא,street
2137,הפועל הרצליה עירוני,334,הרצליה רן 1,הרצליה,הרצליה,שרון,32.1656255,34.8469023,הרצליה,street
2138,הפועל אשקלון 2,564,אשקלון אימונים-3,קיבוץ גלויות 1 אשקלון,אשקלון,דרום,31.6657521,34.5672225,קיבוץ גלויות 1 אשקלון,street
2141,הפועל ד.א. כרמל,58,דלית אל כרמל,אלרוחראח  דאלית אל כרמל,דלית אל כרמל,צפון,32.6869077,35.057284,אלרוחראח  דאלית אל כרמל,street
2143,"הפועל ב""ש 2",966,באר שבע וסרמיל 1,אצ''ל 6 באר שבע,באר שבע,דרום,31.2720302,34.7777836,אצ''ל 6 באר שבע,street
2145,"הפועל ת""א ""אלון שמלי"" צפון",417,תל אביב וולפסון 2,הלוחמים חולון,חולון,מרכז,32.0353386,34.7678567,הלוחמים חולון,street
2148,הפ' רמות מנשה מגידו,350,רמות מנשה,רמות מנשה,רמות מנשה,צפון,32.5978839,35.0576452,רמות מנשה,street
2150,הפועל עפולה,1132,עפולה סינטטי,חיים ברלב 2 עפולה,עפולה,צפון,32.6271182,35.315469,חיים ברלב 2 עפולה,street
2153,"הפועל ק""ש ""צו פיוס""",383,קרית שמונה,הירדן 11 קרית שמונה,קרית שמונה,צפון,33.2086827,35.574211,הירדן 11 קרית שמונה,street
2154,הפ' תל אביב צפון,1351,תל אביב ספורטק צפון מגרש מערבי,שדרות רוקח 40 תל אביב יפו,יפו,מרכז,32.098446,34.787669,שדרות רוקח 40 תל אביב יפו,street
2157,הפועל חיפה 2,3,קרית חיים,האיצטדיון 1 חיפה,חיפה,צפון,32.82305,35.058868,האיצטדיון  חיפה,street
2159,הפועל סכנין,981,סכנין אימונים,אלריאדה סח'נין,סח’נין,צפון,32.86506,35.29771,סחנין,locality
2161,הפ' ניר רמת השרון דרום,1281,רמת השרון סינטטי קטן,דרך דודו דותן 2 רמת השרון,רמת השרון,שרון,32.14613,34.8394,רמת השרון,locality
2163,הפועל עוספיא,57,עספיא,אל קלעה עספיא,עספיא,צפון,32.718494,35.076803,אל קלעה עספיא,street
2165,"הפ' פ""ת שלומי וורצל",1059,פתח תקוה סירקין אימונים 2 (סינטטי),הרב עובדיה יוסף 3 פתח תקווה,פתח תקווה,מרכז,32.0813004,34.9065744,הרב עובדיה יוסף 3 פתח תקווה,street
2167,הפועל עוספיא,57,עספיא,אל קלעה עספיא,עספיא,צפון,32.718494,35.076803,אל קלעה עספיא,street
2169,הפועל חיפה 1 ניר,3,קרית חיים,האיצטדיון 1 חיפה,חיפה,צפון,32.82305,35.058868,האיצטדיון  חיפה,street
2178,הפועל רעננה אור,635,רעננה פארק דרומי,מרטין דרוקר 8 רעננה,רעננה,שרון,32.1933115,34.8463327,מרטין דרוקר 8 רעננה,street
2180,הפועל אשקלון,370,(סגור)אשקלון אימונים-2,קיבוץ גלויות 1 אשקלון,אשקלון,דרום,31.6657521,34.5672225,קיבוץ גלויות 1 אשקלון,street
2181,הפועל באר שבע,966,באר שבע וסרמיל 1,אצ''ל 6 באר שבע,באר שבע,דרום,31.2720302,34.7777836,אצ''ל 6 באר שבע,street
2198,"הפועל כפ""ס שלמה ""צו פיוס""",282,כפר סבא אימונים תחתון (סינטטי),התוכנה 9 כפר סבא,כפר סבא,שרון,32.177971,34.9258419,התוכנה 9 כפר סבא,street
2201,הפ' מועצה אזורית משגב,513,משגב,רקפת,רקפת,צפון,32.8547224,35.2642924,רקפת,street
2204,"הפ' ת""א ""מרדכי גרינברג""",417,תל אביב וולפסון 2,הלוחמים חולון,חולון,מרכז,32.0353386,34.7678567,הלוחמים חולון,street
2206,"הפועל נחלת יהודה ראשל""צ",153,(סגור)ראשון לציון נחלת יהודה,קיבוץ גלויות ראשון לציון,ראשון לציון,מרכז,31.9845414,34.804834,קיבוץ גלויות ראשון לציון,street
2209,"הפ' ראשל""צ אברמלה",1061,ראשון לציון סופרלנד מרכזי תשעיות,יוסף טומי לפיד 8 ראשון לציון,ראשון לציון,מרכז,31.9776813,34.7524263,יוסף טומי לפיד 8 ראשון לציון,street
2215,הפ' בית אליעזר*ב,50,חדרה בית אליעזר,כ''ט בנובמבר חדרה,חדרה,שרון,32.4285836,34.9514667,כ''ט בנובמבר חדרה,street
2216,"הפועל אורנית ""צו פיוס""",516,אורנית,מבוא אורנית 2 אורנית,אורנית,מרכז,32.1309209,34.9919607,אורנית,fallback
2218,הפועל אורנית,516,אורנית,מבוא אורנית 2 אורנית,אורנית,מרכז,32.1309209,34.9919607,אורנית,fallback
2219,הפועל רעננה,363,רעננה פארק צפוני סינטטי,מרטין דרוקר רעננה,רעננה,שרון,32.1933115,34.8463327,מרטין דרוקר רעננה,street
2221,"הפ' כ""ס ""קפלן"" מערב ""צו פיוס""",345,כפר סבא אימונים עליון,התוכנה 9 כפר סבא,כפר סבא,שרון,32.177971,34.9258419,התוכנה 9 כפר סבא,street
2222,"הפ' פ""ת אורי קרני",1136,פתח תקוה מושבה דרומי,דרך אם המושבות 10 פתח תקווה,פתח תקווה,מרכז,32.102633,34.864924,דרך אם המושבות  פתח תקווה,street
2224,הפועל כפר ברא,1104,כפר ברא,כפר ברא,כפר ברא,שרון,32.1312845,34.9707954,כפר ברא,street
2227,"הפועל ת""א ישין",417,תל אביב וולפסון 2,הלוחמים חולון,חולון,מרכז,32.0353386,34.7678567,הלוחמים חולון,street
2228,"הפועל ר""ג אייל הלפרין",613,רמת גן ספארי,שדרת הצבי 2 רמת גן,רמת גן,מרכז,32.0526749,34.8262636,שדרת הצבי 2 רמת גן,street
2231,"הפועל ק""ש",1198,קרית שמונה סינטטי חדש,תל חי 4 קרית שמונה,קרית שמונה,צפון,33.2235285,35.5757816,תל חי 4 קרית שמונה,street
2234,"הפועל רעננה ""אביתר עטואר""",363,רעננה פארק צפוני סינטטי,מרטין דרוקר רעננה,רעננה,שרון,32.1933115,34.8463327,מרטין דרוקר רעננה,street
2235,"הפועל ק""ש",1198,קרית שמונה סינטטי חדש,תל חי 4 קרית שמונה,קרית שמונה,צפון,33.2235285,35.5757816,תל חי 4 קרית שמונה,street
2253,"הפ' מרמורק רחובות חיים ""צו פיוס""",1215,רחובות מכבי רחובות וייסגל סינטטי,שמעון דובנוב 47 רחובות,רחובות,מרכז,31.8872278,34.7941944,שמעון דובנוב 47 רחובות,street
2254,"הפועל ראשל""צ",361,ראשון לציון סופרלנד מערבי סינטטי,יוסף טומי לפיד 8 ראשון לציון,ראשון לציון,מרכז,31.9776813,34.7524263,יוסף טומי לפיד 8 ראשון לציון,street
2255,הפ' בקעת הירדן,327,מושב תומר,תומר,תומר,מרכז,32.018692,35.4391975,תומר,fallback
2257,הפועל נוף הגליל,1318,נוף הגליל סינטטי חדש,יזרעאל 46 נוף הגליל,נוף הגליל,צפון,32.689583,35.3167752,יזרעאל 46 נוף הגליל,street
2259,הפ' גבעת אולגה,50,חדרה בית אליעזר,כ''ט בנובמבר חדרה,חדרה,שרון,32.4285836,34.9514667,כ''ט בנובמבר חדרה,street
2262,הפ' גבעת אולגה,50,חדרה בית אליעזר,כ''ט בנובמבר חדרה,חדרה,שרון,32.4285836,34.9514667,כ''ט בנובמבר חדרה,street
2268,"הפועל חוף הכרמל / מ""מ",258,קיבוץ החותרים,החותרים,החותרים,צפון,32.7514976,34.9567795,החותרים,street
2272,הפ' בקעת הירדן,327,מושב תומר,תומר,תומר,מרכז,32.018692,35.4391975,תומר,fallback
2273,הפ' בקעת הירדן,327,מושב תומר,תומר,תומר,מרכז,32.018692,35.4391975,תומר,fallback
2274,הפועל מ.א. משגב 'גלעד',513,משגב,רקפת,רקפת,צפון,32.8547224,35.2642924,רקפת,street
2276,הפועל פרדסייה,105,פרדסיה,התהילה 24 פרדסיה,פרדסיה,שרון,32.3084939,34.9049422,התהילה 24 פרדסיה,street
2278,הפועל פרדסייה,105,פרדסיה,התהילה 24 פרדסיה,פרדסיה,שרון,32.3084939,34.9049422,התהילה 24 פרדסיה,street
2289,הפועל עכו,1167,עכו הפועל עכו חדש,שלום הגליל 1 עכו,עכו,צפון,32.9195753,35.0920147,שלום הגליל 1 עכו,street
2291,הפועל אשקלון,370,(סגור)אשקלון אימונים-2,קיבוץ גלויות 1 אשקלון,אשקלון,דרום,31.6657521,34.5672225,קיבוץ גלויות 1 אשקלון,street
2294,"הפועל ב""ש",1081,באר שבע וסרמיל 4,אצ''ל 6 באר שבע,באר שבע,דרום,31.2720302,34.7777836,אצ''ל 6 באר שבע,street
2302,הפועל הוד השרון,284,הוד השרון גני צבי,המחתרות הוד השרון,הוד השרון,שרון,32.1443227,34.8774884,המחתרות הוד השרון,street
2303,"הפ' ת""א צחי בן פורת",417,תל אביב וולפסון 2,הלוחמים חולון,חולון,מרכז,32.0353386,34.7678567,הלוחמים חולון,street
2304,"הפ' חולון צפרירים מא ""צו פיוס""",22,חולון צפרירים חולון,הלוחמים 13 חולון,חולון,מרכז,32.0304312,34.7709226,הלוחמים 13 חולון,street
2305,"הפועל ראשל""צ",361,ראשון לציון סופרלנד מערבי סינטטי,יוסף טומי לפיד 8 ראשון לציון,ראשון לציון,מרכז,31.9776813,34.7524263,יוסף טומי לפיד 8 ראשון לציון,street
2307,הפועל רעננה,363,רעננה פארק צפוני סינטטי,מרטין דרוקר רעננה,רעננה,שרון,32.1933115,34.8463327,מרטין דרוקר רעננה,street
2309,הפועל חיפה 2,1269,קרית ים סינטטי,פנחס לבון 1 קרית ים,קרית ים,צפון,32.8553846,35.0765524,פנחס לבון 1 קרית ים,street
2310,הפ' ניר רמת השרון מרכז,1106,רמת השרון סינטטי,דרך דודו דותן 2 רמת השרון,רמת השרון,שרון,32.14613,34.8394,רמת השרון,locality
2312,הפועל עפולה,1132,עפולה סינטטי,חיים ברלב 2 עפולה,עפולה,צפון,32.6271182,35.315469,חיים ברלב 2 עפולה,street
2315,"הפ' נחלת יהודה ראשל""צ",153,(סגור)ראשון לציון נחלת יהודה,קיבוץ גלויות ראשון לציון,ראשון לציון,מרכז,31.9845414,34.804834,קיבוץ גלויות ראשון לציון,street
2316,הפועל חדרה  משה,1331,חדרה מתחם אימונים סינטטי,צה''ל 2 חדרה,חדרה,שרון,32.4444466,34.9473677,צה''ל 2 חדרה,street
2317,"הפ' נחלת יהודה ראשל""צ",397,ראשון לציון תיכון עמית,שדרות בן גוריון ראשון לציון,ראשון לציון,מרכז,31.971376,34.791045,שדרות בן גוריון ראשון לציון,street
2320,"הפועל ת""א עופרי",574,תל אביב וולפסון 4,הלוחמים חולון,חולון,מרכז,32.0353386,34.7678567,הלוחמים חולון,street
2323,"הפועל רעננה 2 ""צו פיוס""",363,רעננה פארק צפוני סינטטי,מרטין דרוקר רעננה,רעננה,שרון,32.1933115,34.8463327,מרטין דרוקר רעננה,street
2325,הפ' ירושלים איציק עדיקה,196,ירושלים קרית יובל,ישראל זנגוויל 23 ירושלים,ירושלים,מרכז,31.764475,35.1778844,ישראל זנגוויל  ירושלים,street
2333,הפועל עכו,1167,עכו הפועל עכו חדש,שלום הגליל 1 עכו,עכו,צפון,32.9195753,35.0920147,שלום הגליל 1 עכו,street
2336,הפועל חיפה 1,1239,קרית חיים בית נגלר מערבי (אתוס לשעבר),אברהם דנינו 6 חיפה,חיפה,צפון,32.8181708,35.066066,אברהם דנינו 6 חיפה,street
2345,"הפועל ראשל""צ",361,ראשון לציון סופרלנד מערבי סינטטי,יוסף טומי לפיד 8 ראשון לציון,ראשון לציון,מרכז,31.9776813,34.7524263,יוסף טומי לפיד 8 ראשון לציון,street
2346,הפ' רעננה רחמים,363,רעננה פארק צפוני סינטטי,מרטין דרוקר רעננה,רעננה,שרון,32.1933115,34.8463327,מרטין דרוקר רעננה,street
2347,הפועל פרדסייה,105,פרדסיה,התהילה 24 פרדסיה,פרדסיה,שרון,32.3084939,34.9049422,התהילה 24 פרדסיה,street
2351,הפועל איכסל,237,איכסל,אכסאל,איכסל,צפון,32.6815837,35.3239769,איכסל,fallback
2353,הפועל כאוכב,80,כאוכב,אלמדרסה כאוכב אבו אל היגא,כאוכב אבו אל היגא,צפון,32.8309185,35.2494826,כאוכב אבו אל היגא,fallback
2354,הפועל איכסל,237,איכסל,אכסאל,איכסל,צפון,32.6815837,35.3239769,איכסל,fallback
2355,הפועל הוד השרון,1116,הוד השרון גני צבי-תשיעיות,הוד השרון,הוד השרון,שרון,32.1561974,34.8930354,הוד השרון,street
2358,"הפ' פתח תקוה ד""ר בכר",1059,פתח תקוה סירקין אימונים 2 (סינטטי),הרב עובדיה יוסף 3 פתח תקווה,פתח תקווה,מרכז,32.0813004,34.9065744,הרב עובדיה יוסף 3 פתח תקווה,street
2359,"הפועל כפ""ס יאיר",345,כפר סבא אימונים עליון,התוכנה 9 כפר סבא,כפר סבא,שרון,32.177971,34.9258419,התוכנה 9 כפר סבא,street
2364,"בית""ר עירוני מעלה אדומים",515,מעלה אדומים אצטדיון טוטו,נביעות 8 מעלה אדומים,מעלה אדומים,מרכז,31.7705643,35.2987457,מעלה אדומים,fallback
2365,"הפ' פ""ת ע. אופיר",1059,פתח תקוה סירקין אימונים 2 (סינטטי),הרב עובדיה יוסף 3 פתח תקווה,פתח תקווה,מרכז,32.0813004,34.9065744,הרב עובדיה יוסף 3 פתח תקווה,street
2367,"הפ' ת""א ניסנוב",245,בת ים אצטדיון טוטו,דרך מנחם בגין 7 בת ים,בת ים,מרכז,31.998446,34.743239,דרך מנחם בגין  בת ים,street
2373,"הפ' ב""ש השלושה",1081,באר שבע וסרמיל 4,אצ''ל 6 באר שבע,באר שבע,דרום,31.2720302,34.7777836,אצ''ל 6 באר שבע,street
2378,הפועל אשקלון,1145,"אשקלון סינטטי ע""ש איציק ""חיפה"" כהן",קיבוץ גלויות 1 אשקלון,אשקלון,דרום,31.6657521,34.5672225,קיבוץ גלויות 1 אשקלון,street
2381,הפ' ראשל'צ יהודה,158,ראשון לציון אצטדיון הברפלד,יוסף טומי לפיד 8 ראשון לציון,ראשון לציון,מרכז,31.9776813,34.7524263,יוסף טומי לפיד 8 ראשון לציון,street
2385,"הפועל ק""ש",1198,קרית שמונה סינטטי חדש,תל חי 4 קרית שמונה,קרית שמונה,צפון,33.2235285,35.5757816,תל חי 4 קרית שמונה,street
2392,"הפועל ת""א 'ערן הרינג'",417,תל אביב וולפסון 2,הלוחמים חולון,חולון,מרכז,32.0353386,34.7678567,הלוחמים חולון,street
2394,הפועל קרית אונו צפון,28,קרית אונו ישן,קפלן 56 קרית אונו,קרית אונו,מרכז,32.0627851,34.851488,קפלן 56 קרית אונו,street
2395,הפועל קרית אונו,28,קרית אונו ישן,קפלן 56 קרית אונו,קרית אונו,מרכז,32.0627851,34.851488,קפלן 56 קרית אונו,street
2396,"הפ' מחנה יהודה ""צו פיוס""",197,פתח תקוה מחנה יהודה,הנרייטה סולד 46 פתח תקווה,פתח תקווה,מרכז,32.0766111,34.8933795,הנרייטה סולד 46 פתח תקווה,street
2398,הפועל מחנה יהודה מוטי גריזים,197,פתח תקוה מחנה יהודה,הנרייטה סולד 46 פתח תקווה,פתח תקווה,מרכז,32.0766111,34.8933795,הנרייטה סולד 46 פתח תקווה,street
2402,הפועל אשקלון,370,(סגור)אשקלון אימונים-2,קיבוץ גלויות 1 אשקלון,אשקלון,דרום,31.6657521,34.5672225,קיבוץ גלויות 1 אשקלון,street
2409,שמשון בני טייבה,53,טייבה,טייבה,טייבה,שרון,32.2671249,35.0089029,טייבה,fallback
2410,מרכז קהילתי גולן קצרין,283,קצרין,זוויתן קצרין,קצרין,צפון,32.9910672,35.6828316,זוויתן קצרין,street
2412,"הפ' כפ""ס ""יובי""",282,כפר סבא אימונים תחתון (סינטטי),התוכנה 9 כפר סבא,כפר סבא,שרון,32.177971,34.9258419,התוכנה 9 כפר סבא,street
2414,"הפועל מגדל העמק ""צו פיוס""",54,מגדל העמק,האיצטדיון 1 מגדל העמק,מגדל העמק,צפון,32.6701517,35.2381416,האיצטדיון 1 מגדל העמק,street
2420,"מ.ס. הפועל לוד בני רגב ""צו פיוס""",573,לוד אימונים 1,דרך הרמ''א  לוד,לוד,מרכז,31.933597,34.889205,דרך הרמ''א  לוד,street
2425,"מ.ס. הפועל לוד בני רגב ""צו פיוס""",1123,לוד סינטטי חדש,דרך הרמ''א 2 לוד,לוד,מרכז,31.933597,34.889205,דרך הרמ''א  לוד,street
2426,"מ.ס. הפועל לוד 2 בני רגב ""צו פיוס""",1123,לוד סינטטי חדש,דרך הרמ''א 2 לוד,לוד,מרכז,31.933597,34.889205,דרך הרמ''א  לוד,street
2427,"מ.ס. הפועל לוד בני רגב ""צו פיוס""",1123,לוד סינטטי חדש,דרך הרמ''א 2 לוד,לוד,מרכז,31.933597,34.889205,דרך הרמ''א  לוד,street
2429,הפועל חדרה,1330,חדרה מתחם אימונים,צה''ל 2 חדרה,חדרה,שרון,32.4444466,34.9473677,צה''ל 2 חדרה,street
2430,עירוני בית שמש,1266,בית שמש אצטדיון,שדרות יגאל אלון 1 בית שמש,בית שמש,מרכז,31.7545232,34.9934341,שדרות יגאל אלון 1 בית שמש,street
2433,"הפ' פ""ת אור כרמי",1136,פתח תקוה מושבה דרומי,דרך אם המושבות 10 פתח תקווה,פתח תקווה,מרכז,32.102633,34.864924,דרך אם המושבות  פתח תקווה,street
2439,עירוני בית דגן,124,בית דגן,רמז בית דגן,בית דגן,מרכז,32.0047148,34.8345838,רמז בית דגן,street
2440,"הפ' מחנה יהודה אברהם בן דוד ""צו פיוס""",197,פתח תקוה מחנה יהודה,הנרייטה סולד 46 פתח תקווה,פתח תקווה,מרכז,32.0766111,34.8933795,הנרייטה סולד 46 פתח תקווה,street
2441,הפ' רעננה רועי,157,רעננה,ההסתדרות 33 רעננה,רעננה,שרון,32.1868102,34.8739162,ההסתדרות 33 רעננה,street
2443,עירוני בית דגן,124,בית דגן,רמז בית דגן,בית דגן,מרכז,32.0047148,34.8345838,רמז בית דגן,street
2444,עירוני בית דגן,124,בית דגן,רמז בית דגן,בית דגן,מרכז,32.0047148,34.8345838,רמז בית דגן,street
2448,גדנע תל אביב יהודה,191,"(סגור)תל אביב גדנע ת""א",תל אביב יפו,יפו,מרכז,32.0852997,34.7818064,תל אביב יפו,street
2450,"מ.ס. הפועל לוד בני רגב ""צו פיוס""",1123,לוד סינטטי חדש,דרך הרמ''א 2 לוד,לוד,מרכז,31.933597,34.889205,דרך הרמ''א  לוד,street
2451,הפועל חיפה 2,1239,קרית חיים בית נגלר מערבי (אתוס לשעבר),אברהם דנינו 6 חיפה,חיפה,צפון,32.8181708,35.066066,אברהם דנינו 6 חיפה,street
2453,"מ.ס. דימונה כחול ""צו פיוס""",1294,דימונה סינטטי חדש,התפוצות 1 דימונה,דימונה,דרום,31.076393,35.0253093,התפוצות 1 דימונה,street
2456,"מ.ס. הפועל לוד 2 בני רגב ""צו פיוס""",1123,לוד סינטטי חדש,דרך הרמ''א 2 לוד,לוד,מרכז,31.933597,34.889205,דרך הרמ''א  לוד,street
2457,"הפ' קרית אונו ""אברום""",28,קרית אונו ישן,קפלן 56 קרית אונו,קרית אונו,מרכז,32.0627851,34.851488,קפלן 56 קרית אונו,street
2460,"הפ' כפ""ס שמעון",345,כפר סבא אימונים עליון,התוכנה 9 כפר סבא,כפר סבא,שרון,32.177971,34.9258419,התוכנה 9 כפר סבא,street
2461,"הפ' נחלת יהודה ראשל""צ",153,(סגור)ראשון לציון נחלת יהודה,קיבוץ גלויות ראשון לציון,ראשון לציון,מרכז,31.9845414,34.804834,קיבוץ גלויות ראשון לציון,street
2464,הפועל בני זמר,1020,בת חפר יישוב,בת חפר,בת חפר,שרון,32.3345015,35.012351,בת חפר,street
2466,מ.כ. הפ' עמק יזרעאל,250,נהלל,נהלל,נהלל,צפון,32.6900631,35.1968485,נהלל,street
2471,הפועל חיפה 1 שרון,1239,קרית חיים בית נגלר מערבי (אתוס לשעבר),אברהם דנינו 6 חיפה,חיפה,צפון,32.8181708,35.066066,אברהם דנינו 6 חיפה,street
2472,הפועל חיפה 2,1345,קרית ים רודמן,קרית ים,קרית ים,צפון,32.8502229,35.0703245,קרית ים,street
2473,הפ' חיפה רובי,1238,קרית חיים בית נגלר מזרחי (אתוס לשעבר),אברהם דנינו 6 חיפה,חיפה,צפון,32.8181708,35.066066,אברהם דנינו 6 חיפה,street
2475,הפועל עכו,21,עכו אצטדיון טוטו,משמר הים עכו,עכו,צפון,32.92814,35.07647,עכו,locality
2479,"הפ' כפ""ס ישראל",345,כפר סבא אימונים עליון,התוכנה 9 כפר סבא,כפר סבא,שרון,32.177971,34.9258419,התוכנה 9 כפר סבא,street
2483,מ.כ. הפ' עמק יזרעאל,250,נהלל,נהלל,נהלל,צפון,32.6900631,35.1968485,נהלל,street
2488,"הפועל קרית אונו ""אלכס גל און""",28,קרית אונו ישן,קפלן 56 קרית אונו,קרית אונו,מרכז,32.0627851,34.851488,קפלן 56 קרית אונו,street
2489,"הפ' פ""ת נחום סטלמך",1111,פתח תקוה אצטדיון שלמה ביטוח,דרך אם המושבות פתח תקווה,פתח תקווה,מרכז,32.100294,34.850965,דרך אם המושבות פתח תקווה,street
2492,מ.ס. ג'וליס,204,ג׳וליס,אלריאד'ה ג'וליס,ג'וליס,צפון,32.9430618,35.1869431,ג'וליס,fallback
2494,"הפועל כפ""ס אילן",345,כפר סבא אימונים עליון,התוכנה 9 כפר סבא,כפר סבא,שרון,32.177971,34.9258419,התוכנה 9 כפר סבא,street
2496,"הפועל ק""ש",1198,קרית שמונה סינטטי חדש,תל חי 4 קרית שמונה,קרית שמונה,צפון,33.2235285,35.5757816,תל חי 4 קרית שמונה,street
2497,"הפועל כפ""ס ""יונגר""",282,כפר סבא אימונים תחתון (סינטטי),התוכנה 9 כפר סבא,כפר סבא,שרון,32.177971,34.9258419,התוכנה 9 כפר סבא,street
2498,הפועל עכו אסף,1167,עכו הפועל עכו חדש,שלום הגליל 1 עכו,עכו,צפון,32.9195753,35.0920147,שלום הגליל 1 עכו,street
2500,"הפועל ר""ג 'רוני נכטיילר'",181,רמת גן השקמה,אחד העם 8 רמת גן,רמת גן,מרכז,32.08227,34.81065,רמת גן,locality
2502,מכבי כנות,583,כנות,כנות,כנות,דרום,31.8026404,34.752375,כנות,street
2504,מכבי כנות,583,כנות,כנות,כנות,דרום,31.8026404,34.752375,כנות,street
2508,הפ' ע.ס. אבו גוש מבשרת ציון,120,מבשרת ציון,מבוא טללים 1 מבשרת ציון,מבשרת ציון,מרכז,31.8009752,35.1444388,מבוא טללים 1 מבשרת ציון,street
2524,הפועל מגדל העמק,54,מגדל העמק,האיצטדיון 1 מגדל העמק,מגדל העמק,צפון,32.6701517,35.2381416,האיצטדיון 1 מגדל העמק,street
2532,מכבי בני ריינה,1291,ריינה סינטטי,ריינה,ריינה,צפון,32.723612,35.312492,ריינה,street
2534,"הפועל כפ""ס הדס",345,כפר סבא אימונים עליון,התוכנה 9 כפר סבא,כפר סבא,שרון,32.177971,34.9258419,התוכנה 9 כפר סבא,street
2535,מכבי בני ריינה,1291,ריינה סינטטי,ריינה,ריינה,צפון,32.723612,35.312492,ריינה,street
2536,מכבי בני ריינה,1291,ריינה סינטטי,ריינה,ריינה,צפון,32.723612,35.312492,ריינה,street
2541,מכבי בני ריינה,1291,ריינה סינטטי,ריינה,ריינה,צפון,32.723612,35.312492,ריינה,street
2546,הפועל אסי גלבוע,325,תענך גוש יעל/אסי גלבוע,יעל,יעל,צפון,31.71083,34.7444,יעל,locality
2551,הפ' מ.ס. חבל מודיעין,1153,כפר בן שמן,בן שמן,בן שמן,מרכז,31.9522788,34.921944,בן שמן,street
2552,הפועל חדרה מערב,1264,חדרה רמדה,שדרות רחבעם זאבי 2 חדרה,חדרה,שרון,32.435925,34.878644,שדרות רחבעם זאבי  חדרה,street
2555,הפועל אשכול,132,נופי הבשור מועצה אזורית אשכול,מגן,מגן,דרום,31.2990681,34.4289248,מגן,street
2559,"הפ' חולון צפרירים ""צו פיוס""",1316,חולון טוטו,משה דיין  חולון,חולון,מרכז,32.000768,34.770396,משה דיין  חולון,street
2560,הפ' מ.ס. חבל מודיעין,1153,כפר בן שמן,בן שמן,בן שמן,מרכז,31.9522788,34.921944,בן שמן,street
2563,מ.כ. בני רעננה,363,רעננה פארק צפוני סינטטי,מרטין דרוקר רעננה,רעננה,שרון,32.1933115,34.8463327,מרטין דרוקר רעננה,street
2565,מ.כ. בני רעננה,1065,הדר יוסף,בכור שלום שטרית 10 תל אביב יפו,יפו,מרכז,32.05043,34.75224,יפו,locality
2567,"הפ' פ""ת שמואל בייגל",1136,פתח תקוה מושבה דרומי,דרך אם המושבות 10 פתח תקווה,פתח תקווה,מרכז,32.102633,34.864924,דרך אם המושבות  פתח תקווה,street
2568,הפועל עכו 1,1167,עכו הפועל עכו חדש,שלום הגליל 1 עכו,עכו,צפון,32.9195753,35.0920147,שלום הגליל 1 עכו,street
2570,מ.כ. בני רעננה,363,רעננה פארק צפוני סינטטי,מרטין דרוקר רעננה,רעננה,שרון,32.1933115,34.8463327,מרטין דרוקר רעננה,street
2579,"הפ' פרדסייה גיל ""צו פיוס""",105,פרדסיה,התהילה 24 פרדסיה,פרדסיה,שרון,32.3084939,34.9049422,התהילה 24 פרדסיה,street
2580,"הפועל ר""ג דרום",612,רמת גן אימונים 2(טרומים),דרך אבא הלל  רמת גן,רמת גן,מרכז,32.08227,34.81065,רמת גן,locality
2583,הפועל כאוכב,80,כאוכב,אלמדרסה כאוכב אבו אל היגא,כאוכב אבו אל היגא,צפון,32.8309185,35.2494826,כאוכב אבו אל היגא,fallback
2592,"הפועל עליה כפ״ס ""צו פיוס""",1004,"כפר סבא עליה כ""ס",טהון כפר סבא,כפר סבא,שרון,32.187791,34.903422,טהון כפר סבא,street
2595,הפועל מטה אשר,1103,עין המפרץ נעמן,עין המפרץ,עין המפרץ,צפון,32.9036151,35.0961117,עין המפרץ,street
2600,מכבי ברקאי,512,קיבוץ ברקאי,ברקאי,ברקאי,שרון,32.475134,35.0300253,ברקאי,street
2604,"הפועל ר""ג",181,רמת גן השקמה,אחד העם 8 רמת גן,רמת גן,מרכז,32.08227,34.81065,רמת גן,locality
2606,בני אילת,1312,אילת קרית הספורט סינטטי,אילת,אילת,דרום,29.5569348,34.9497949,אילת,street
2608,מכבי הבשור,132,נופי הבשור מועצה אזורית אשכול,מגן,מגן,דרום,31.2990681,34.4289248,מגן,street
2609,מכבי הבשור,132,נופי הבשור מועצה אזורית אשכול,מגן,מגן,דרום,31.2990681,34.4289248,מגן,street
2617,הפ' כפר קאסם שועאע,61,כפר קאסם עליון סינטטי,א תוובה 2 כפר קאסם,כפר קאסם,מרכז,32.1147143,34.9755998,כפר קאסם,fallback
2621,מ.כ. אחווה כפר מנדא,152,כפר מנדא חדש,כפר מנדא,כפר מנדא,צפון,32.8114088,35.259756,כפר מנדא,street
2622,מ.כ. אחווה כפר מנדא,152,כפר מנדא חדש,כפר מנדא,כפר מנדא,צפון,32.8114088,35.259756,כפר מנדא,street
2626,הפ' רעננה ניצן,635,רעננה פארק דרומי,מרטין דרוקר 8 רעננה,רעננה,שרון,32.1933115,34.8463327,מרטין דרוקר 8 רעננה,street
2629,מכבי אחי איכסל,237,איכסל,אכסאל,איכסל,צפון,32.6815837,35.3239769,איכסל,fallback
2634,מכבי אחי איכסל,237,איכסל,אכסאל,איכסל,צפון,32.6815837,35.3239769,איכסל,fallback
2636,מכבי אחי איכסל,237,איכסל,אכסאל,איכסל,צפון,32.6815837,35.3239769,איכסל,fallback
2637,מכבי אחי איכסל,237,איכסל,אכסאל,איכסל,צפון,32.6815837,35.3239769,איכסל,fallback
2638,מכבי אחי איכסל,237,איכסל,אכסאל,איכסל,צפון,32.6815837,35.3239769,איכסל,fallback
2642,"הפועל רמת ישראל ""צו פיוס""",1274,תל אביב ספורטק דרום 2 סינטטי,שתולים 82 תל אביב יפו,יפו,מרכז,32.0458964,34.7949441,שתולים 82 תל אביב יפו,street
2645,הפועל אשקלון,370,(סגור)אשקלון אימונים-2,קיבוץ גלויות 1 אשקלון,אשקלון,דרום,31.6657521,34.5672225,קיבוץ גלויות 1 אשקלון,street
2650,מכבי עירוני יפיע,99,יפיע,410 יפיע,יפיע,צפון,32.6865923,35.2772128,410 יפיע,street
2651,"הפועל ניר רמה""ש",1281,רמת השרון סינטטי קטן,דרך דודו דותן 2 רמת השרון,רמת השרון,שרון,32.14613,34.8394,רמת השרון,locality
2653,הפועל אשקלון,370,(סגור)אשקלון אימונים-2,קיבוץ גלויות 1 אשקלון,אשקלון,דרום,31.6657521,34.5672225,קיבוץ גלויות 1 אשקלון,street
2655,עירוני טבריה,14,טבריה,בר כוכבא טבריה,טבריה,צפון,32.7927949,35.5205175,בר כוכבא טבריה,street
2656,עירוני טבריה,14,טבריה,בר כוכבא טבריה,טבריה,צפון,32.7927949,35.5205175,בר כוכבא טבריה,street
2658,"הפועל רמת ישראל ""צו פיוס""",1275,תל אביב ספורטק דרום 3 סינטטי,שתולים 82 תל אביב יפו,יפו,מרכז,32.0458964,34.7949441,שתולים 82 תל אביב יפו,street
2660,הפועל קרית אונו דרום,28,קרית אונו ישן,קפלן 56 קרית אונו,קרית אונו,מרכז,32.0627851,34.851488,קפלן 56 קרית אונו,street
2664,הפועל רמת ישראל,1274,תל אביב ספורטק דרום 2 סינטטי,שתולים 82 תל אביב יפו,יפו,מרכז,32.0458964,34.7949441,שתולים 82 תל אביב יפו,street
2665,"הפועל רמת ישראל ""צו פיוס""",1274,תל אביב ספורטק דרום 2 סינטטי,שתולים 82 תל אביב יפו,יפו,מרכז,32.0458964,34.7949441,שתולים 82 תל אביב יפו,street
2667,"מ.כ. מכבי ע. אשדוד ""צו פיוס""",1203,אשדוד סינטטי 2 קטן,שדרות הנשיא וייצמן 21 אשדוד,אשדוד,דרום,31.808349,34.657739,שדרות הנשיא וייצמן  אשדוד,street
2668,מ.כ. מכבי ע. אשדוד,1203,אשדוד סינטטי 2 קטן,שדרות הנשיא וייצמן 21 אשדוד,אשדוד,דרום,31.808349,34.657739,שדרות הנשיא וייצמן  אשדוד,street
2669,הפועל רהט,562,רהט הפועל רהט,אלח'זאן 1 רהט,רהט,דרום,31.381991,34.775125,אלח'זאן  רהט,street
2670,"הפ' חולון צפרירים מא ""צו פיוס""",22,חולון צפרירים חולון,הלוחמים 13 חולון,חולון,מרכז,32.0304312,34.7709226,הלוחמים 13 חולון,street
2671,מ.ס. כפר כמא,141,כפר כמא,כפר כמא,כפר כמא,צפון,32.721053,35.4407705,כפר כמא,street
2677,הפ' גליל עליון,75,צפת,האחד עשר צפת,צפת,צפון,32.9589421,35.5008402,האחד עשר צפת,street
2678,הפ' גליל עליון,75,צפת,האחד עשר צפת,צפת,צפון,32.9589421,35.5008402,האחד עשר צפת,street
2679,הפ' גליל עליון,75,צפת,האחד עשר צפת,צפת,צפון,32.9589421,35.5008402,האחד עשר צפת,street
2682,מכבי בני דיר אל אסד,81,נחף,נחף,נחף,צפון,32.9345686,35.31763,נחף,street
2683,מכבי צעירי בענה,603,בענה,בענה,בענה,צפון,32.9280587,35.272169,בענה,street
2684,מכבי צעירי בענה,603,בענה,בענה,בענה,צפון,32.9280587,35.272169,בענה,street
2685,מכבי צעירי בענה,603,בענה,בענה,בענה,צפון,32.9280587,35.272169,בענה,street
2690,הפ' גליל עליון,75,צפת,האחד עשר צפת,צפת,צפון,32.9589421,35.5008402,האחד עשר צפת,street
2693,הפועל קרית אונו צפון,28,קרית אונו ישן,קפלן 56 קרית אונו,קרית אונו,מרכז,32.0627851,34.851488,קפלן 56 קרית אונו,street
2694,מ.ס. ראשון לציון,397,ראשון לציון תיכון עמית,שדרות בן גוריון ראשון לציון,ראשון לציון,מרכז,31.971376,34.791045,שדרות בן גוריון ראשון לציון,street
2695,מ.ס. ראשון לציון,397,ראשון לציון תיכון עמית,שדרות בן גוריון ראשון לציון,ראשון לציון,מרכז,31.971376,34.791045,שדרות בן גוריון ראשון לציון,street
2698,מכבי בני דיר אל אסד,81,נחף,נחף,נחף,צפון,32.9345686,35.31763,נחף,street
2699,הפ' ירושלים גבע,196,ירושלים קרית יובל,ישראל זנגוויל 23 ירושלים,ירושלים,מרכז,31.764475,35.1778844,ישראל זנגוויל  ירושלים,street
2708,"בית""ר אייל טייבי פ""ת ""צו פיוס""",1252,פתח תקוה סירקין אימונים 3,הרב עובדיה יוסף 3 פתח תקווה,פתח תקווה,מרכז,32.0813004,34.9065744,הרב עובדיה יוסף 3 פתח תקווה,street
2713,הפ' בקעת הירדן,327,מושב תומר,תומר,תומר,מרכז,32.018692,35.4391975,תומר,fallback
2717,הפועל רעננה ליאור אסולין,363,רעננה פארק צפוני סינטטי,מרטין דרוקר רעננה,רעננה,שרון,32.1933115,34.8463327,מרטין דרוקר רעננה,street
2718,"הפועל מטה אשר ""צו פיוס""",1103,עין המפרץ נעמן,עין המפרץ,עין המפרץ,צפון,32.9036151,35.0961117,עין המפרץ,street
2722,הפ' איחוד כמאל בני סמיע,165,כפר סמיע,כיסרא סומיע,כפר סמיע,צפון,32.9802989,35.3072033,כיסרא סומיע,street
2724,הפועל חדרה מתי,1331,חדרה מתחם אימונים סינטטי,צה''ל 2 חדרה,חדרה,שרון,32.4444466,34.9473677,צה''ל 2 חדרה,street
2727,הפ' ניר רמת השרון רום וילדר,1106,רמת השרון סינטטי,דרך דודו דותן 2 רמת השרון,רמת השרון,שרון,32.14613,34.8394,רמת השרון,locality
2728,הפ' חיפה בן ציון,1238,קרית חיים בית נגלר מזרחי (אתוס לשעבר),אברהם דנינו 6 חיפה,חיפה,צפון,32.8181708,35.066066,אברהם דנינו 6 חיפה,street
2730,הפועל הוד השרון,284,הוד השרון גני צבי,המחתרות הוד השרון,הוד השרון,שרון,32.1443227,34.8774884,המחתרות הוד השרון,street
2731,הפ' הוד השרון צפון,284,הוד השרון גני צבי,המחתרות הוד השרון,הוד השרון,שרון,32.1443227,34.8774884,המחתרות הוד השרון,street
2732,הפועל הוד השרון,284,הוד השרון גני צבי,המחתרות הוד השרון,הוד השרון,שרון,32.1443227,34.8774884,המחתרות הוד השרון,street
2733,הפועל הוד השרון,1116,הוד השרון גני צבי-תשיעיות,הוד השרון,הוד השרון,שרון,32.1561974,34.8930354,הוד השרון,street
2734,"בית""ר נהריה",1306,נהריה 3 סינטטי,שלום הגליל 8 נהריה,נהריה,צפון,33.0117577,35.1089668,שלום הגליל 8 נהריה,street
2736,"בית""ר נהריה ""צו פיוס""",1305,נהריה 2 סינטטי,שלום הגליל 8 נהריה,נהריה,צפון,33.0117577,35.1089668,שלום הגליל 8 נהריה,street
2740,"הפועל ר""ג דרום",402,רמת גן ספארי (תשיעיות),שדרת הצבי 1 רמת גן,רמת גן,מרכז,32.0526749,34.8262636,שדרת הצבי 1 רמת גן,street
2742,"מ.כ. מתנ""ס גן יבנה",984,(סגור)גן יבנה,המגינים 45 גן יבנה,גן יבנה,דרום,31.7922496,34.711908,המגינים 45 גן יבנה,street
2753,ה.מ יהודה ד. תומר ברק צו פיוס,197,פתח תקוה מחנה יהודה,הנרייטה סולד 46 פתח תקווה,פתח תקווה,מרכז,32.0766111,34.8933795,הנרייטה סולד 46 פתח תקווה,street
2754,"הפועל ראשל""צ",1061,ראשון לציון סופרלנד מרכזי תשעיות,יוסף טומי לפיד 8 ראשון לציון,ראשון לציון,מרכז,31.9776813,34.7524263,יוסף טומי לפיד 8 ראשון לציון,street
2755,"הפועל ב""ש אדום",966,באר שבע וסרמיל 1,אצ''ל 6 באר שבע,באר שבע,דרום,31.2720302,34.7777836,אצ''ל 6 באר שבע,street
2756,"הפועל ב""ש",966,באר שבע וסרמיל 1,אצ''ל 6 באר שבע,באר שבע,דרום,31.2720302,34.7777836,אצ''ל 6 באר שבע,street
2757,הפ'חולון צפרירים מא,22,חולון צפרירים חולון,הלוחמים 13 חולון,חולון,מרכז,32.0304312,34.7709226,הלוחמים 13 חולון,street
2758,"הפ' חולון צפרירים מא ""צו פיוס""",22,חולון צפרירים חולון,הלוחמים 13 חולון,חולון,מרכז,32.0304312,34.7709226,הלוחמים 13 חולון,street
2759,הפ' ניר רמת השרון,1106,רמת השרון סינטטי,דרך דודו דותן 2 רמת השרון,רמת השרון,שרון,32.14613,34.8394,רמת השרון,locality
2761,הפועל ר'ג צפון,613,רמת גן ספארי,שדרת הצבי 2 רמת גן,רמת גן,מרכז,32.0526749,34.8262636,שדרת הצבי 2 רמת גן,street
2763,"הפועל ר""ג דרום",613,רמת גן ספארי,שדרת הצבי 2 רמת גן,רמת גן,מרכז,32.0526749,34.8262636,שדרת הצבי 2 רמת גן,street
2765,הפועל חיפה שלום,1239,קרית חיים בית נגלר מערבי (אתוס לשעבר),אברהם דנינו 6 חיפה,חיפה,צפון,32.8181708,35.066066,אברהם דנינו 6 חיפה,street
2768,איחוד בני מג'דל כרום,48,מג'ד אל כרום,מג'ד אל כרום,מג'ד אל כרום,צפון,32.9225771,35.2579504,מג'ד אל כרום,fallback
2772,איחוד בני מג'דל כרום,48,מג'ד אל כרום,מג'ד אל כרום,מג'ד אל כרום,צפון,32.9225771,35.2579504,מג'ד אל כרום,fallback
2773,איחוד בני מג'דל כרום,48,מג'ד אל כרום,מג'ד אל כרום,מג'ד אל כרום,צפון,32.9225771,35.2579504,מג'ד אל כרום,fallback
2774,איחוד בני מג'דל כרום,48,מג'ד אל כרום,מג'ד אל כרום,מג'ד אל כרום,צפון,32.9225771,35.2579504,מג'ד אל כרום,fallback
2775,מכבי צעירי בענה,603,בענה,בענה,בענה,צפון,32.9280587,35.272169,בענה,street
2779,הפועל חדרה מערב,50,חדרה בית אליעזר,כ''ט בנובמבר חדרה,חדרה,שרון,32.4285836,34.9514667,כ''ט בנובמבר חדרה,street
2785,הפועל בני בענה,603,בענה,בענה,בענה,צפון,32.9280587,35.272169,בענה,street
2786,הפ' נוף הגליל,1318,נוף הגליל סינטטי חדש,יזרעאל 46 נוף הגליל,נוף הגליל,צפון,32.689583,35.3167752,יזרעאל 46 נוף הגליל,street
2793,הפועל ירושלים,196,ירושלים קרית יובל,ישראל זנגוויל 23 ירושלים,ירושלים,מרכז,31.764475,35.1778844,ישראל זנגוויל  ירושלים,street
2794,"הפועל כפ""ס מערב",345,כפר סבא אימונים עליון,התוכנה 9 כפר סבא,כפר סבא,שרון,32.177971,34.9258419,התוכנה 9 כפר סבא,street
2796,"הפועל פ""ת לבנדה אברהם",1136,פתח תקוה מושבה דרומי,דרך אם המושבות 10 פתח תקווה,פתח תקווה,מרכז,32.102633,34.864924,דרך אם המושבות  פתח תקווה,street
2797,הפועל חיפה 1,1239,קרית חיים בית נגלר מערבי (אתוס לשעבר),אברהם דנינו 6 חיפה,חיפה,צפון,32.8181708,35.066066,אברהם דנינו 6 חיפה,street
2801,מכבי אחווה פרדיס,170,פרדיס,פוריידיס,פוריידיס,צפון,32.5988242,34.9542319,פוריידיס,fallback
2802,מכבי אחווה פרדיס,170,פרדיס,פוריידיס,פוריידיס,צפון,32.5988242,34.9542319,פוריידיס,fallback
2803,מכבי אחווה פרדיס,170,פרדיס,פוריידיס,פוריידיס,צפון,32.5988242,34.9542319,פוריידיס,fallback
2805,הפועל ערבה,38,ירוחם,צבי בורנשטיין ירוחם,ירוחם,דרום,30.9885756,34.9222879,צבי בורנשטיין ירוחם,street
2806,"הפועל ראשל""צ",361,ראשון לציון סופרלנד מערבי סינטטי,יוסף טומי לפיד 8 ראשון לציון,ראשון לציון,מרכז,31.9776813,34.7524263,יוסף טומי לפיד 8 ראשון לציון,street
2807,"מ.כ. מזכרת בתיה ""צו פיוס""",122,"מזכרת בתיה ע""ש אדיר פורטוגל",שרה טולדנו 1 מזכרת בתיה,מזכרת בתיה,דרום,31.8412361,34.8492709,שרה טולדנו 1 מזכרת בתיה,street
2808,הפ' חולון צפרירים מא,22,חולון צפרירים חולון,הלוחמים 13 חולון,חולון,מרכז,32.0304312,34.7709226,הלוחמים 13 חולון,street
2809,"מ.כ.מזכרת בתיה אדיר ""צו פיוס""",122,"מזכרת בתיה ע""ש אדיר פורטוגל",שרה טולדנו 1 מזכרת בתיה,מזכרת בתיה,דרום,31.8412361,34.8492709,שרה טולדנו 1 מזכרת בתיה,street
2810,מ.כ. מזכרת בתיה,122,"מזכרת בתיה ע""ש אדיר פורטוגל",שרה טולדנו 1 מזכרת בתיה,מזכרת בתיה,דרום,31.8412361,34.8492709,שרה טולדנו 1 מזכרת בתיה,street
2811,"הפועל ר""ג דרום",402,רמת גן ספארי (תשיעיות),שדרת הצבי 1 רמת גן,רמת גן,מרכז,32.0526749,34.8262636,שדרת הצבי 1 רמת גן,street
2812,הפועל קרית אונו צפון,28,קרית אונו ישן,קפלן 56 קרית אונו,קרית אונו,מרכז,32.0627851,34.851488,קפלן 56 קרית אונו,street
2813,מ.כ. מזכרת בתיה,122,"מזכרת בתיה ע""ש אדיר פורטוגל",שרה טולדנו 1 מזכרת בתיה,מזכרת בתיה,דרום,31.8412361,34.8492709,שרה טולדנו 1 מזכרת בתיה,street
2818,"הפ' פ""ת זכריה רצאבי",1136,פתח תקוה מושבה דרומי,דרך אם המושבות 10 פתח תקווה,פתח תקווה,מרכז,32.102633,34.864924,דרך אם המושבות  פתח תקווה,street
2826,מ.ס. צעירי טייבה,1077,(סגור)טייבה מנארה,,טייבה,שרון,32.2671249,35.0089029,טייבה,fallback
2827,"מ.ס. קרית ים ''עדי'' ""צו פיוס""",1269,קרית ים סינטטי,פנחס לבון 1 קרית ים,קרית ים,צפון,32.8553846,35.0765524,פנחס לבון 1 קרית ים,street
2832,"מ.ס. קרית ים ""עידו"" ""צו פיוס""",1269,קרית ים סינטטי,פנחס לבון 1 קרית ים,קרית ים,צפון,32.8553846,35.0765524,פנחס לבון 1 קרית ים,street
2833,מ.ס. קרית ים,1269,קרית ים סינטטי,פנחס לבון 1 קרית ים,קרית ים,צפון,32.8553846,35.0765524,פנחס לבון 1 קרית ים,street
2834,מ.ס. קרית ים,1269,קרית ים סינטטי,פנחס לבון 1 קרית ים,קרית ים,צפון,32.8553846,35.0765524,פנחס לבון 1 קרית ים,street
2837,"מ.כ. מתנ""ס אופקים",133,אופקים,דוד בוזגלו 2 אופקים,אופקים,דרום,31.3050605,34.6277205,דוד בוזגלו 2 אופקים,street
2843,הפ' ניר רמת השרון,25,"רמת השרון אצטדיון טוטו ע""ש גרונדמן",יגאל אלון 2 רמת השרון,רמת השרון,שרון,32.1306151,34.8602191,יגאל אלון 2 רמת השרון,street
2845,הפ' ראשון לציון יורם,361,ראשון לציון סופרלנד מערבי סינטטי,יוסף טומי לפיד 8 ראשון לציון,ראשון לציון,מרכז,31.9776813,34.7524263,יוסף טומי לפיד 8 ראשון לציון,street
2846,הפ' נוף הגליל,1318,נוף הגליל סינטטי חדש,יזרעאל 46 נוף הגליל,נוף הגליל,צפון,32.689583,35.3167752,יזרעאל 46 נוף הגליל,street
2848,"מ.ס. רשת מתנ""סים טבעון",200,קרית טבעון,האלונים 11 קרית טבעון,קרית טבעון,צפון,32.712736,35.125069,האלונים  קרית טבעון,street
2849,"הפועל כפ""ס אור",282,כפר סבא אימונים תחתון (סינטטי),התוכנה 9 כפר סבא,כפר סבא,שרון,32.177971,34.9258419,התוכנה 9 כפר סבא,street
2855,הפועל אשקלון,564,אשקלון אימונים-3,קיבוץ גלויות 1 אשקלון,אשקלון,דרום,31.6657521,34.5672225,קיבוץ גלויות 1 אשקלון,street
2858,מ.כ. בני עראבה,163,עראבה,עראבה,עראבה,צפון,32.8486259,35.3358268,עראבה,street
2859,מ.כ. בני עראבה,596,סכנין אימונים סינטטי,אלריאדה סח'נין,סח’נין,צפון,32.86506,35.29771,סחנין,locality
2860,מ.כ. בני עראבה,163,עראבה,עראבה,עראבה,צפון,32.8486259,35.3358268,עראבה,street
2862,"הפ' מרמורק רחובות חיים ""צו פיו ""צו פיוס""",1215,רחובות מכבי רחובות וייסגל סינטטי,שמעון דובנוב 47 רחובות,רחובות,מרכז,31.8872278,34.7941944,שמעון דובנוב 47 רחובות,street
2864,מ.כ. בני עראבה,163,עראבה,עראבה,עראבה,צפון,32.8486259,35.3358268,עראבה,street
2866,הפועל רעננה,363,רעננה פארק צפוני סינטטי,מרטין דרוקר רעננה,רעננה,שרון,32.1933115,34.8463327,מרטין דרוקר רעננה,street
2867,הפ' עירוני ערערה,88,ערערה,ערערה,ערערה,שרון,32.4965507,35.0955581,ערערה,street
2868,"הפ. רעננה דן ווידנבאום ""צו פיוס""",363,רעננה פארק צפוני סינטטי,מרטין דרוקר רעננה,רעננה,שרון,32.1933115,34.8463327,מרטין דרוקר רעננה,street
2869,"הפועל רעננה 2 ""צו פיוס""",363,רעננה פארק צפוני סינטטי,מרטין דרוקר רעננה,רעננה,שרון,32.1933115,34.8463327,מרטין דרוקר רעננה,street
2871,הפ' אחוה חיפה,602,חיפה אבי רן 2,צביה ויצחק חיפה,חיפה,צפון,32.7941142,34.9684183,צביה ויצחק חיפה,street
2873,"הפועל רעננה """,363,רעננה פארק צפוני סינטטי,מרטין דרוקר רעננה,רעננה,שרון,32.1933115,34.8463327,מרטין דרוקר רעננה,street
2875,ההפ' בני אעבלין,254,טמרה,טמרה,טמרה,צפון,32.85301,35.1987,טמרה,locality
2878,"הפועל ראשל""צ ויימן",361,ראשון לציון סופרלנד מערבי סינטטי,יוסף טומי לפיד 8 ראשון לציון,ראשון לציון,מרכז,31.9776813,34.7524263,יוסף טומי לפיד 8 ראשון לציון,street
2879,הפועל תרשיחא,253,תרשיחא,מעלות תרשיחא,מעלות תרשיחא,צפון,33.0157394,35.2759666,מעלות תרשיחא,street
2881,הפועל כאוכב,80,כאוכב,אלמדרסה כאוכב אבו אל היגא,כאוכב אבו אל היגא,צפון,32.8309185,35.2494826,כאוכב אבו אל היגא,fallback
2882,הפועל הוד השרון,284,הוד השרון גני צבי,המחתרות הוד השרון,הוד השרון,שרון,32.1443227,34.8774884,המחתרות הוד השרון,street
2883,הפועל הוד השרון,284,הוד השרון גני צבי,המחתרות הוד השרון,הוד השרון,שרון,32.1443227,34.8774884,המחתרות הוד השרון,street
2892,הפועל מטה אשר,1103,עין המפרץ נעמן,עין המפרץ,עין המפרץ,צפון,32.9036151,35.0961117,עין המפרץ,street
2893,הפועל מטה אשר 2,1103,עין המפרץ נעמן,עין המפרץ,עין המפרץ,צפון,32.9036151,35.0961117,עין המפרץ,street
2894,הפועל מטה אשר,342,ראש הנקרה,כפר ראש הנקרה,כפר ראש הנקרה,צפון,33.085461,35.114013,כפר ראש הנקרה,street
2895,הפ' רמות מנשה מגידו,350,רמות מנשה,רמות מנשה,רמות מנשה,צפון,32.5978839,35.0576452,רמות מנשה,street
2904,הפועל עפולה,1132,עפולה סינטטי,חיים ברלב 2 עפולה,עפולה,צפון,32.6271182,35.315469,חיים ברלב 2 עפולה,street
2905,הפועל חדרה טל אליהו,1331,חדרה מתחם אימונים סינטטי,צה''ל 2 חדרה,חדרה,שרון,32.4444466,34.9473677,צה''ל 2 חדרה,street
2908,הפועל כפר כנא,78,כפר כנא,אל מלעב כפר כנא,כפר כנא,צפון,32.751207,35.337654,אל מלעב כפר כנא,street
2912,"הפ' ת""א יאיר לרמן",574,תל אביב וולפסון 4,הלוחמים חולון,חולון,מרכז,32.0353386,34.7678567,הלוחמים חולון,street
2921,הפועל ברנר,121,קרית עקרון,משה שרת 30 קרית עקרון,קרית עקרון,דרום,31.859636,34.8251782,משה שרת 30 קרית עקרון,street
2924,הפועל ירושלים,196,ירושלים קרית יובל,ישראל זנגוויל 23 ירושלים,ירושלים,מרכז,31.764475,35.1778844,ישראל זנגוויל  ירושלים,street
2926,הפועל ד.א. כרמל 2,58,דלית אל כרמל,אלרוחראח  דאלית אל כרמל,דלית אל כרמל,צפון,32.6869077,35.057284,אלרוחראח  דאלית אל כרמל,street
2930,הפ' ירושלים מזרח,1310,אבו גוש,השדות 2 אבו גוש,אבו גוש,מרכז,31.80592,35.1093,אבו גוש,locality
2931,הפועל ירושלים מזרח,1310,אבו גוש,השדות 2 אבו גוש,אבו גוש,מרכז,31.80592,35.1093,אבו גוש,locality
2932,הפ' ירושלים מזרח,1310,אבו גוש,השדות 2 אבו גוש,אבו גוש,מרכז,31.80592,35.1093,אבו גוש,locality
2935,הפ' ירושלים מזרח,1310,אבו גוש,השדות 2 אבו גוש,אבו גוש,מרכז,31.80592,35.1093,אבו גוש,locality
2938,הפועל באר שבע 2,966,באר שבע וסרמיל 1,אצ''ל 6 באר שבע,באר שבע,דרום,31.2720302,34.7777836,אצ''ל 6 באר שבע,street
2941,הפועל אסי גלבוע,325,תענך גוש יעל/אסי גלבוע,יעל,יעל,צפון,31.71083,34.7444,יעל,locality
2954,הפועל קרית אונו,28,קרית אונו ישן,קפלן 56 קרית אונו,קרית אונו,מרכז,32.0627851,34.851488,קפלן 56 קרית אונו,street
2959,מ.ס. צעירי טורעאן,301,טורעאן,טורעאן,טורעאן,צפון,32.7768932,35.3740314,טורעאן,street
2963,"הפועל קרית אונו ""יעקב סופר"" ""צו פיוס""",28,קרית אונו ישן,קפלן 56 קרית אונו,קרית אונו,מרכז,32.0627851,34.851488,קפלן 56 קרית אונו,street
2964,הפועל הוד השרון,1116,הוד השרון גני צבי-תשיעיות,הוד השרון,הוד השרון,שרון,32.1561974,34.8930354,הוד השרון,street
2965,מ.ס. צעירי טורעאן,1079,בועיינה נוג'ידאת,בועיינה נוג'יידאת,טורעאן,צפון,32.7783,35.37323,טורעאן,locality
2970,הפועל אסי גלבוע,325,תענך גוש יעל/אסי גלבוע,יעל,יעל,צפון,31.71083,34.7444,יעל,locality
2971,אחי ביר אלמכסור,293,דבוריה,דבוריה,דבוריה,צפון,32.6927785,35.3716044,דבוריה,street
2972,הפועל מועאויה,1075,ברטעה,בסמ''ה,בסמה,שרון,32.5323092,35.1048328,בסמ''ה,street
2973,אחי ביר אלמכסור,295,(סגור)ביר אל מכסור,ביר אל מכסור,ביר אל מכסור,צפון,32.7756653,35.2216911,ביר אל מכסור,street
2977,הפועל נוף הגליל,1318,נוף הגליל סינטטי חדש,יזרעאל 46 נוף הגליל,נוף הגליל,צפון,32.689583,35.3167752,יזרעאל 46 נוף הגליל,street
2980,הפועל עליה כפ״ס,1004,"כפר סבא עליה כ""ס",טהון כפר סבא,כפר סבא,שרון,32.187791,34.903422,טהון כפר סבא,street
2981,הפועל איכסל,237,איכסל,אכסאל,איכסל,צפון,32.6815837,35.3239769,איכסל,fallback
2982,אחי ביר אלמכסור,31,שפרעם,שפרעם,שפרעם,צפון,32.8045765,35.1723866,שפרעם,street
2985,"הפ' נחלת יהודה ראשל""צ 1",153,(סגור)ראשון לציון נחלת יהודה,קיבוץ גלויות ראשון לציון,ראשון לציון,מרכז,31.9845414,34.804834,קיבוץ גלויות ראשון לציון,street
2993,הפועל פרדסייה ב,105,פרדסיה,התהילה 24 פרדסיה,פרדסיה,שרון,32.3084939,34.9049422,התהילה 24 פרדסיה,street
2997,הפועל עפולה,1132,עפולה סינטטי,חיים ברלב 2 עפולה,עפולה,צפון,32.6271182,35.315469,חיים ברלב 2 עפולה,street
2998,הפועל עפולה,1132,עפולה סינטטי,חיים ברלב 2 עפולה,עפולה,צפון,32.6271182,35.315469,חיים ברלב 2 עפולה,street
2999,"הפ' בית אליעזר ""צו פיוס""",50,חדרה בית אליעזר,כ''ט בנובמבר חדרה,חדרה,שרון,32.4285836,34.9514667,כ''ט בנובמבר חדרה,street
3000,אחי ביר אלמכסור,31,שפרעם,שפרעם,שפרעם,צפון,32.8045765,35.1723866,שפרעם,street
3004,"בית""ר טוברוק",13,נתניה טוברוק,יודפת 2 נתניה,נתניה,שרון,32.33294,34.85917,נתניה,locality
3005,"שמשון ת""א רועי פלס",1352,תל אביב ספורטק צפון מגרש מזרחי,שדרות רוקח 40 תל אביב יפו,יפו,מרכז,32.098446,34.787669,שדרות רוקח 40 תל אביב יפו,street
3006,"בית""ר טוברוק אורן ""צו פיוס""",13,נתניה טוברוק,יודפת 2 נתניה,נתניה,שרון,32.33294,34.85917,נתניה,locality
3007,"בית""ר טוברוק",13,נתניה טוברוק,יודפת 2 נתניה,נתניה,שרון,32.33294,34.85917,נתניה,locality
3009,"בית""ר ר""ג",225,רמת גן אימונים,דרך אבא הלל  רמת גן,רמת גן,מרכז,32.08227,34.81065,רמת גן,locality
3013,"בית""ר טוברוק 2",13,נתניה טוברוק,יודפת 2 נתניה,נתניה,שרון,32.33294,34.85917,נתניה,locality
3016,"בית""ר טוברוק",13,נתניה טוברוק,יודפת 2 נתניה,נתניה,שרון,32.33294,34.85917,נתניה,locality
3019,"בית""ר טוברוק",13,נתניה טוברוק,יודפת 2 נתניה,נתניה,שרון,32.33294,34.85917,נתניה,locality
3021,"בית""ר גבעת זאב",399,גבעת זאב,התאנה גבעת זאב,גבעת זאב,מרכז,31.8623329,35.1687498,גבעת זאב,fallback
3022,"בית""ר גבעת זאב",399,גבעת זאב,התאנה גבעת זאב,גבעת זאב,מרכז,31.8623329,35.1687498,גבעת זאב,fallback
3024,שמשון כפר קאסם,142,(סגור)כפר קאסם תחתון,א סולטאני כפר קאסם,כפר קאסם,מרכז,32.1147143,34.9755998,כפר קאסם,fallback
3027,שמשון כפר קאסם,61,כפר קאסם עליון סינטטי,א תוובה 2 כפר קאסם,כפר קאסם,מרכז,32.1147143,34.9755998,כפר קאסם,fallback
3028,שמשון כפר קאסם,61,כפר קאסם עליון סינטטי,א תוובה 2 כפר קאסם,כפר קאסם,מרכז,32.1147143,34.9755998,כפר קאסם,fallback
3030,"הפועל ברנר ""צו פיוס""",121,קרית עקרון,משה שרת 30 קרית עקרון,קרית עקרון,דרום,31.859636,34.8251782,משה שרת 30 קרית עקרון,street
3031,"בית""ר י-ם גדי ""צו פיוס""",187,ירושלים בית וגן 1 תחתון,שמואל בייט 1 ירושלים,ירושלים,מרכז,31.7724105,35.1880092,שמואל בייט 1 ירושלים,street
3032,"בית""ר ר""ג דרום",225,רמת גן אימונים,דרך אבא הלל  רמת גן,רמת גן,מרכז,32.08227,34.81065,רמת גן,locality
3033,"שמשון ת""א",1352,תל אביב ספורטק צפון מגרש מזרחי,שדרות רוקח 40 תל אביב יפו,יפו,מרכז,32.098446,34.787669,שדרות רוקח 40 תל אביב יפו,street
3037,"בית""ר פרדס חנה ""צו פיוס""",91,פרדס חנה,דרך הים פרדס חנה כרכור,פרדס חנה כרכור,שרון,32.4805699,34.9697493,דרך הים פרדס חנה כרכור,street
3038,"בית""ר פרדס חנה",1146,פרדס חנה אימונים,דרך הים 5 פרדס חנה כרכור,פרדס חנה כרכור,שרון,32.4805699,34.9697493,דרך הים 5 פרדס חנה כרכור,street
3040,"בית""ר טוברוק ""צו פיוס""",13,נתניה טוברוק,יודפת 2 נתניה,נתניה,שרון,32.33294,34.85917,נתניה,locality
3042,"בית""ר טוברוק",13,נתניה טוברוק,יודפת 2 נתניה,נתניה,שרון,32.33294,34.85917,נתניה,locality
3043,"בית""ר טוברוק ""צו פיוס""",13,נתניה טוברוק,יודפת 2 נתניה,נתניה,שרון,32.33294,34.85917,נתניה,locality
3053,שמשון תל אביב מרכז,1352,תל אביב ספורטק צפון מגרש מזרחי,שדרות רוקח 40 תל אביב יפו,יפו,מרכז,32.098446,34.787669,שדרות רוקח 40 תל אביב יפו,street
3055,"בית""ר י-ם 1",188,ירושלים בית וגן 2 עליון סינטטי,שמואל בייט 1 ירושלים,ירושלים,מרכז,31.7724105,35.1880092,שמואל בייט 1 ירושלים,street
3058,מכבי בני דיר חנא,317,דיר חנא,דייר חנא,דיר חנא,צפון,32.861898,35.365638,דייר חנא,street
3059,הפועל ברנר,121,קרית עקרון,משה שרת 30 קרית עקרון,קרית עקרון,דרום,31.859636,34.8251782,משה שרת 30 קרית עקרון,street
3060,הפועל ברנר,121,קרית עקרון,משה שרת 30 קרית עקרון,קרית עקרון,דרום,31.859636,34.8251782,משה שרת 30 קרית עקרון,street
3065,הפועל ברנר,238,(סגור)רחובות מכבי רחובות קריית משה,דרך יצחק כץ 11 רחובות,רחובות,דרום,31.888059,34.778507,דרך יצחק כץ  רחובות,street
3066,צעירי סכנין,596,סכנין אימונים סינטטי,אלריאדה סח'נין,סח’נין,צפון,32.86506,35.29771,סחנין,locality
3079,הפועל בועיינה,1311,בועיינה נוג'ידאת מזרחי חדש,אלזיתון 1 בועיינה נוג'יידאת,בועיינה,צפון,32.8056259,35.3646736,בועיינה,fallback
3084,הפועל בועיינה,1311,בועיינה נוג'ידאת מזרחי חדש,אלזיתון 1 בועיינה נוג'יידאת,בועיינה,צפון,32.8056259,35.3646736,בועיינה,fallback
3085,הפועל בועיינה,1311,בועיינה נוג'ידאת מזרחי חדש,אלזיתון 1 בועיינה נוג'יידאת,בועיינה,צפון,32.8056259,35.3646736,בועיינה,fallback
3086,הפועל בועיינה,1311,בועיינה נוג'ידאת מזרחי חדש,אלזיתון 1 בועיינה נוג'יידאת,בועיינה,צפון,32.8056259,35.3646736,בועיינה,fallback
3087,צעירי סכנין,596,סכנין אימונים סינטטי,אלריאדה סח'נין,סח’נין,צפון,32.86506,35.29771,סחנין,locality
3088,צעירי סכנין,596,סכנין אימונים סינטטי,אלריאדה סח'נין,סח’נין,צפון,32.86506,35.29771,סחנין,locality
3089,צעירי סכנין,596,סכנין אימונים סינטטי,אלריאדה סח'נין,סח’נין,צפון,32.86506,35.29771,סחנין,locality
3091,הפועל בועיינה,1311,בועיינה נוג'ידאת מזרחי חדש,אלזיתון 1 בועיינה נוג'יידאת,בועיינה,צפון,32.8056259,35.3646736,בועיינה,fallback
3097,הפועל תרשיחא,253,תרשיחא,מעלות תרשיחא,מעלות תרשיחא,צפון,33.0157394,35.2759666,מעלות תרשיחא,street
3098,צעירי סכנין,596,סכנין אימונים סינטטי,אלריאדה סח'נין,סח’נין,צפון,32.86506,35.29771,סחנין,locality
3099,צעירי סכנין,596,סכנין אימונים סינטטי,אלריאדה סח'נין,סח’נין,צפון,32.86506,35.29771,סחנין,locality
3104,הפועל בני עראבה,81,נחף,נחף,נחף,צפון,32.9345686,35.31763,נחף,street
3105,הפועל בני עראבה,603,בענה,בענה,בענה,צפון,32.9280587,35.272169,בענה,street
3107,מ.כ. צעירי עילוט,331,נצרת עילוט אימונים סינטטי,עילוט,עילוט,צפון,32.718281,35.2612603,עילוט,street
3108,מ.כ. צעירי עילוט,331,נצרת עילוט אימונים סינטטי,עילוט,עילוט,צפון,32.718281,35.2612603,עילוט,street
3109,מ.כ. צעירי עילוט,331,נצרת עילוט אימונים סינטטי,עילוט,עילוט,צפון,32.718281,35.2612603,עילוט,street
3113,אהלי טמרה,254,טמרה,טמרה,טמרה,צפון,32.85301,35.1987,טמרה,locality
3121,הפועל תרשיחא,253,תרשיחא,מעלות תרשיחא,מעלות תרשיחא,צפון,33.0157394,35.2759666,מעלות תרשיחא,street
3129,מ.כ. צעירי עילוט,331,נצרת עילוט אימונים סינטטי,עילוט,עילוט,צפון,32.718281,35.2612603,עילוט,street
3130,מ.כ. צעירי עילוט,331,נצרת עילוט אימונים סינטטי,עילוט,עילוט,צפון,32.718281,35.2612603,עילוט,street
3131,מ.כ. צעירי עילוט,331,נצרת עילוט אימונים סינטטי,עילוט,עילוט,צפון,32.718281,35.2612603,עילוט,street
3135,אהלי טמרה,254,טמרה,טמרה,טמרה,צפון,32.85301,35.1987,טמרה,locality
3136,אהלי טמרה,254,טמרה,טמרה,טמרה,צפון,32.85301,35.1987,טמרה,locality
3137,אהלי טמרה,254,טמרה,טמרה,טמרה,צפון,32.85301,35.1987,טמרה,locality
3138,מ.ס. כדורגל שפרעם,31,שפרעם,שפרעם,שפרעם,צפון,32.8045765,35.1723866,שפרעם,street
3139,מ.ס. כדורגל שפרעם,31,שפרעם,שפרעם,שפרעם,צפון,32.8045765,35.1723866,שפרעם,street
3140,מ.ס. כדורגל שפרעם,31,שפרעם,שפרעם,שפרעם,צפון,32.8045765,35.1723866,שפרעם,street
3141,מ.כ מכבי אשקלון ''שמעון'',1145,"אשקלון סינטטי ע""ש איציק ""חיפה"" כהן",קיבוץ גלויות 1 אשקלון,אשקלון,דרום,31.6657521,34.5672225,קיבוץ גלויות 1 אשקלון,street
3142,מ.כ. מכבי אשקלון,1145,"אשקלון סינטטי ע""ש איציק ""חיפה"" כהן",קיבוץ גלויות 1 אשקלון,אשקלון,דרום,31.6657521,34.5672225,קיבוץ גלויות 1 אשקלון,street
3143,"מ.כ. מכבי אשקלון ""צו פיוס""",1145,"אשקלון סינטטי ע""ש איציק ""חיפה"" כהן",קיבוץ גלויות 1 אשקלון,אשקלון,דרום,31.6657521,34.5672225,קיבוץ גלויות 1 אשקלון,street
3145,הפועל לב השרון,161,כפר יונה,הגליל כפר יונה,כפר יונה,שרון,32.3114467,34.9328481,הגליל כפר יונה,street
3146,"הפועל לב השרון ""צו פיוס""",161,כפר יונה,הגליל כפר יונה,כפר יונה,שרון,32.3114467,34.9328481,הגליל כפר יונה,street
3152,הפועל שדרות,66,שדרות,מבצע סיני 2 שדרות,שדרות,דרום,31.5278466,34.5965889,מבצע סיני 2 שדרות,street
3156,מ.כ. קרית חיים,1239,קרית חיים בית נגלר מערבי (אתוס לשעבר),אברהם דנינו 6 חיפה,חיפה,צפון,32.8181708,35.066066,אברהם דנינו 6 חיפה,street
3157,"מ.כ. קרית חיים ""צו פיוס""",1238,קרית חיים בית נגלר מזרחי (אתוס לשעבר),אברהם דנינו 6 חיפה,חיפה,צפון,32.8181708,35.066066,אברהם דנינו 6 חיפה,street
3158,"מ.כ. קרית חיים ""צו פיוס""",1239,קרית חיים בית נגלר מערבי (אתוס לשעבר),אברהם דנינו 6 חיפה,חיפה,צפון,32.8181708,35.066066,אברהם דנינו 6 חיפה,street
3159,מכבי נוג'ידאת אחמד,1311,בועיינה נוג'ידאת מזרחי חדש,אלזיתון 1 בועיינה נוג'יידאת,נוג’ידאת,צפון,32.81136,35.37431,נוגידאת,locality
3160,מכבי נוג'ידאת אחמד,1311,בועיינה נוג'ידאת מזרחי חדש,אלזיתון 1 בועיינה נוג'יידאת,נוג’ידאת,צפון,32.81136,35.37431,נוגידאת,locality
3161,מכבי נוג'ידאת אחמד,1311,בועיינה נוג'ידאת מזרחי חדש,אלזיתון 1 בועיינה נוג'יידאת,נוג’ידאת,צפון,32.81136,35.37431,נוגידאת,locality
3162,הפועל מרום הגליל,1276,ריחאניה,ריחאניה,ריחאניה,צפון,33.0482032,35.4872846,ריחאניה,fallback
3163,הפועל מרום הגליל,1198,קרית שמונה סינטטי חדש,תל חי 4 קרית שמונה,קרית שמונה,צפון,33.2235285,35.5757816,תל חי 4 קרית שמונה,street
3164,הפועל מרום הגליל,75,צפת,האחד עשר צפת,צפת,צפון,32.9589421,35.5008402,האחד עשר צפת,street
3165,"בית""ר גדרה",1224,גדרה,וייצמן 44 גדרה,גדרה,דרום,31.8164497,34.7805624,וייצמן 44 גדרה,street
3166,"בית""ר גדרה",1224,גדרה,וייצמן 44 גדרה,גדרה,דרום,31.8164497,34.7805624,וייצמן 44 גדרה,street
3167,"בית""ר גדרה",1224,גדרה,וייצמן 44 גדרה,גדרה,דרום,31.8164497,34.7805624,וייצמן 44 גדרה,street
3171,"מ.ס. רמלה עובד גרא ""צו פיוס""",1158,רמלה פארק עופר ע״ש מאיר נימני,א.ס. לוי רמלה,רמלה,מרכז,31.922497,34.8573847,א.ס. לוי רמלה,street
3172,"מ.ס. רמלה ""צו פיוס""",1158,רמלה פארק עופר ע״ש מאיר נימני,א.ס. לוי רמלה,רמלה,מרכז,31.922497,34.8573847,א.ס. לוי רמלה,street
3173,"מ.ס. רמלה ""צו פיוס""",1158,רמלה פארק עופר ע״ש מאיר נימני,א.ס. לוי רמלה,רמלה,מרכז,31.922497,34.8573847,א.ס. לוי רמלה,street
3174,הפועל בני ג'סר א זרקא,296,ג'סר אל זרקה,ג'סר א זרקא,ג’סר א זרקא,שרון,32.5377455,34.9113701,ג'סר א זרקא,street
3175,הפועל בני ג'סר א זרקא,296,ג'סר אל זרקה,ג'סר א זרקא,ג’סר א זרקא,שרון,32.5377455,34.9113701,ג'סר א זרקא,street
3176,הפועל בני ג'סר א זרקא,296,ג'סר אל זרקה,ג'סר א זרקא,ג’סר א זרקא,שרון,32.5377455,34.9113701,ג'סר א זרקא,street
3179,"בית""ר אשדוד",215,אשדוד סינטטי,שדרות הנשיא וייצמן 21 אשדוד,אשדוד,דרום,31.808349,34.657739,שדרות הנשיא וייצמן  אשדוד,street
3182,הפועל מ.כ. עירוני צפת,75,צפת,האחד עשר צפת,צפת,צפון,32.9589421,35.5008402,האחד עשר צפת,street
3183,הפועל עירוני עראבה,317,דיר חנא,דייר חנא,דיר חנא,צפון,32.861898,35.365638,דייר חנא,street
3184,הפועל עירוני עראבה,317,דיר חנא,דייר חנא,דיר חנא,צפון,32.861898,35.365638,דייר חנא,street
3185,הפועל עירוני עראבה,317,דיר חנא,דייר חנא,דיר חנא,צפון,32.861898,35.365638,דייר חנא,street
3186,שמשון תל אביב מרכז,1352,תל אביב ספורטק צפון מגרש מזרחי,שדרות רוקח 40 תל אביב יפו,יפו,מרכז,32.098446,34.787669,שדרות רוקח 40 תל אביב יפו,street
3187,הפועל נחף,81,נחף,נחף,נחף,צפון,32.9345686,35.31763,נחף,street
3193,מ.ס. בני יפו אורתודוכסים,63,תל אביב יפו צעירי יפו,שדרות הבעש''ט 2 תל אביב יפו,יפו,מרכז,32.0376753,34.752471,שדרות הבעש''ט 2 תל אביב יפו,street
3196,אהלי טמרה,254,טמרה,טמרה,טמרה,צפון,32.85301,35.1987,טמרה,locality
3197,אהלי טמרה,254,טמרה,טמרה,טמרה,צפון,32.85301,35.1987,טמרה,locality
3199,מ.ס. כדורגל שפרעם,31,שפרעם,שפרעם,שפרעם,צפון,32.8045765,35.1723866,שפרעם,street
3200,מ.ס. כדורגל שפרעם,31,שפרעם,שפרעם,שפרעם,צפון,32.8045765,35.1723866,שפרעם,street
3202,"מ.כ. מכבי אשקלון אופק  ""צו פיוס""",1145,"אשקלון סינטטי ע""ש איציק ""חיפה"" כהן",קיבוץ גלויות 1 אשקלון,אשקלון,דרום,31.6657521,34.5672225,קיבוץ גלויות 1 אשקלון,street
3203,מ.כ. מכבי אשקלון,1145,"אשקלון סינטטי ע""ש איציק ""חיפה"" כהן",קיבוץ גלויות 1 אשקלון,אשקלון,דרום,31.6657521,34.5672225,קיבוץ גלויות 1 אשקלון,street
3204,מ.כ. מכבי אשקלון,1145,"אשקלון סינטטי ע""ש איציק ""חיפה"" כהן",קיבוץ גלויות 1 אשקלון,אשקלון,דרום,31.6657521,34.5672225,קיבוץ גלויות 1 אשקלון,street
3210,מ.כ. מכבי אשקלון,1145,"אשקלון סינטטי ע""ש איציק ""חיפה"" כהן",קיבוץ גלויות 1 אשקלון,אשקלון,דרום,31.6657521,34.5672225,קיבוץ גלויות 1 אשקלון,street
3211,"בית""ר ר""ג דרום",225,רמת גן אימונים,דרך אבא הלל  רמת גן,רמת גן,מרכז,32.08227,34.81065,רמת גן,locality
3215,מ.כ. מכבי אשקלון,1145,"אשקלון סינטטי ע""ש איציק ""חיפה"" כהן",קיבוץ גלויות 1 אשקלון,אשקלון,דרום,31.6657521,34.5672225,קיבוץ גלויות 1 אשקלון,street
3218,"הפועל לב השרון ""צו פיוס""",161,כפר יונה,הגליל כפר יונה,כפר יונה,שרון,32.3114467,34.9328481,הגליל כפר יונה,street
3219,הפועל לב השרון צפון,161,כפר יונה,הגליל כפר יונה,כפר יונה,שרון,32.3114467,34.9328481,הגליל כפר יונה,street
3220,הפועל לב השרון,161,כפר יונה,הגליל כפר יונה,כפר יונה,שרון,32.3114467,34.9328481,הגליל כפר יונה,street
3221,הפועל עין סהלה,88,ערערה,ערערה,ערערה,שרון,32.4965507,35.0955581,ערערה,street
3225,הפועל שדרות,66,שדרות,מבצע סיני 2 שדרות,שדרות,דרום,31.5278466,34.5965889,מבצע סיני 2 שדרות,street
3226,הפועל שדרות,66,שדרות,מבצע סיני 2 שדרות,שדרות,דרום,31.5278466,34.5965889,מבצע סיני 2 שדרות,street
3228,הפועל חליסה,400,חיפה אבי רן,צביה ויצחק חיפה,חיפה,צפון,32.7941142,34.9684183,צביה ויצחק חיפה,street
3229,הפועל חליסה,602,חיפה אבי רן 2,צביה ויצחק חיפה,חיפה,צפון,32.7941142,34.9684183,צביה ויצחק חיפה,street
3230,"מ.כ. קרית חיים ""צו פיוס""",1239,קרית חיים בית נגלר מערבי (אתוס לשעבר),אברהם דנינו 6 חיפה,חיפה,צפון,32.8181708,35.066066,אברהם דנינו 6 חיפה,street
3231,"מ.כ. קרית חיים ""צו פיוס""",1239,קרית חיים בית נגלר מערבי (אתוס לשעבר),אברהם דנינו 6 חיפה,חיפה,צפון,32.8181708,35.066066,אברהם דנינו 6 חיפה,street
3232,"מ.כ קרית חיים ""שמשון ""צו פיוס""",1239,קרית חיים בית נגלר מערבי (אתוס לשעבר),אברהם דנינו 6 חיפה,חיפה,צפון,32.8181708,35.066066,אברהם דנינו 6 חיפה,street
3233,מכבי נוג'ידאת אחמד,1311,בועיינה נוג'ידאת מזרחי חדש,אלזיתון 1 בועיינה נוג'יידאת,נוג’ידאת,צפון,32.81136,35.37431,נוגידאת,locality
3234,מכבי נוג'ידאת אחמד,1079,בועיינה נוג'ידאת,בועיינה נוג'יידאת,נוג’ידאת,צפון,32.81136,35.37431,נוגידאת,locality
3235,מכבי נוג'ידאת אחמד,1311,בועיינה נוג'ידאת מזרחי חדש,אלזיתון 1 בועיינה נוג'יידאת,נוג’ידאת,צפון,32.81136,35.37431,נוגידאת,locality
3236,הפועל מרום הגליל,75,צפת,האחד עשר צפת,צפת,צפון,32.9589421,35.5008402,האחד עשר צפת,street
3237,הפועל מרום הגליל,75,צפת,האחד עשר צפת,צפת,צפון,32.9589421,35.5008402,האחד עשר צפת,street
3239,"בית""ר גדרה",1224,גדרה,וייצמן 44 גדרה,גדרה,דרום,31.8164497,34.7805624,וייצמן 44 גדרה,street
3240,"בית""ר גדרה",1224,גדרה,וייצמן 44 גדרה,גדרה,דרום,31.8164497,34.7805624,וייצמן 44 גדרה,street
3241,"בית""ר גדרה",1224,גדרה,וייצמן 44 גדרה,גדרה,דרום,31.8164497,34.7805624,וייצמן 44 גדרה,street
3245,"מ.ס. רמלה ""צו פיוס""",1158,רמלה פארק עופר ע״ש מאיר נימני,א.ס. לוי רמלה,רמלה,מרכז,31.922497,34.8573847,א.ס. לוי רמלה,street
3246,מ.ס. רמלה,620,רמלה ג'רסי,רמלה,רמלה,מרכז,31.9279988,34.8623473,רמלה,street
3247,מ.ס. רמלה,620,רמלה ג'רסי,רמלה,רמלה,מרכז,31.9279988,34.8623473,רמלה,street
3251,"בית""ר אשדוד",215,אשדוד סינטטי,שדרות הנשיא וייצמן 21 אשדוד,אשדוד,דרום,31.808349,34.657739,שדרות הנשיא וייצמן  אשדוד,street
3252,"בית""ר אשדוד",339,(סגור)אשדוד,ז'בוטינסקי אשדוד,אשדוד,דרום,31.8075192,34.659633,ז'בוטינסקי אשדוד,street
3254,הפועל מ.כ. עירוני צפת,75,צפת,האחד עשר צפת,צפת,צפון,32.9589421,35.5008402,האחד עשר צפת,street
3255,הפועל מ.כ. עירוני צפת,75,צפת,האחד עשר צפת,צפת,צפון,32.9589421,35.5008402,האחד עשר צפת,street
3256,הפועל מ.כ. עירוני צפת,75,צפת,האחד עשר צפת,צפת,צפון,32.9589421,35.5008402,האחד עשר צפת,street
3257,הפועל עירוני עראבה,317,דיר חנא,דייר חנא,דיר חנא,צפון,32.861898,35.365638,דייר חנא,street
3258,הפועל עירוני עראבה,317,דיר חנא,דייר חנא,דיר חנא,צפון,32.861898,35.365638,דייר חנא,street
3259,הפועל עירוני עראבה,317,דיר חנא,דייר חנא,דיר חנא,צפון,32.861898,35.365638,דייר חנא,street
3261,מ.ס. בני יפיע,1309,יפיע סינטטי,101 יפיע,יפיע,צפון,32.6865923,35.2772128,101 יפיע,street
3262,מ.ס. בני יפיע,1309,יפיע סינטטי,101 יפיע,יפיע,צפון,32.6865923,35.2772128,101 יפיע,street
3263,איחוד בני שפרעם,1251,שפרעם חדש סינטטי,תופיק זיאד שפרעם,שפרעם,צפון,32.8002989,35.1791767,תופיק זיאד שפרעם,street
3264,איחוד בני שפרעם,1251,שפרעם חדש סינטטי,תופיק זיאד שפרעם,שפרעם,צפון,32.8002989,35.1791767,תופיק זיאד שפרעם,street
3265,איחוד בני שפרעם,1251,שפרעם חדש סינטטי,תופיק זיאד שפרעם,שפרעם,צפון,32.8002989,35.1791767,תופיק זיאד שפרעם,street
3266,בני מג'אר,603,בענה,בענה,בענה,צפון,32.9280587,35.272169,בענה,street
3267,בני מג'אר,603,בענה,בענה,בענה,צפון,32.9280587,35.272169,בענה,street
3268,בני מג'אר,603,בענה,בענה,בענה,צפון,32.9280587,35.272169,בענה,street
3269,מ.ס. ראמה,1162,כפר ראמה,ראמה,ראמה,צפון,32.9379719,35.3675664,ראמה,street
3270,מ.ס. ראמה,1162,כפר ראמה,ראמה,ראמה,צפון,32.9379719,35.3675664,ראמה,street
3271,מ.ס. ראמה,1162,כפר ראמה,ראמה,ראמה,צפון,32.9379719,35.3675664,ראמה,street
3272,מכבי בני אבו סנאן,294,אבו סנאן,אבו סנאן,אבו סנאן,צפון,32.958648,35.1716603,אבו סנאן,fallback
3277,מ.ס. צעירי חיפה,1159,חיפה אגרטק (אתוס 1 לשעבר),קדושי יאסי 2 חיפה,חיפה,צפון,32.7916931,34.9644972,קדושי יאסי 2 חיפה,street
3279,עוצמה באר שבע,1257,באר שבע רייסר 4 סינטטי,שלושת המצפים 3 באר שבע,באר שבע,דרום,31.2329997,34.8099317,שלושת המצפים 3 באר שבע,street
3280,עוצמה באר שבע,1257,באר שבע רייסר 4 סינטטי,שלושת המצפים 3 באר שבע,באר שבע,דרום,31.2329997,34.8099317,שלושת המצפים 3 באר שבע,street
3281,מכבי כפר סבא,282,כפר סבא אימונים תחתון (סינטטי),התוכנה 9 כפר סבא,כפר סבא,שרון,32.177971,34.9258419,התוכנה 9 כפר סבא,street
3282,"מכבי כפר סבא ""צו פיוס""",282,כפר סבא אימונים תחתון (סינטטי),התוכנה 9 כפר סבא,כפר סבא,שרון,32.177971,34.9258419,התוכנה 9 כפר סבא,street
3283,מכבי כפר סבא מזרח,282,כפר סבא אימונים תחתון (סינטטי),התוכנה 9 כפר סבא,כפר סבא,שרון,32.177971,34.9258419,התוכנה 9 כפר סבא,street
3284,מ.ס. כדורגל שגב שלום,1257,באר שבע רייסר 4 סינטטי,שלושת המצפים 3 באר שבע,באר שבע,דרום,31.2329997,34.8099317,שלושת המצפים 3 באר שבע,street
3286,מ.ס כדורגל שגב שלום,38,ירוחם,צבי בורנשטיין ירוחם,ירוחם,דרום,30.9885756,34.9222879,צבי בורנשטיין ירוחם,street
3290,מ.ס. כדורגל הפועל קרית ים,250,נהלל,נהלל,נהלל,צפון,32.6900631,35.1968485,נהלל,street
3291,מ.ס. כדורגל הפועל קרית ים,250,נהלל,נהלל,נהלל,צפון,32.6900631,35.1968485,נהלל,street
3292,מ.ס. כדורגל הפועל קרית ים,250,נהלל,נהלל,נהלל,צפון,32.6900631,35.1968485,נהלל,street
3293,הפועל קלנסואה,1104,כפר ברא,כפר ברא,כפר ברא,שרון,32.1312845,34.9707954,כפר ברא,street
3299,איחוד צעירי איכסל סמיר,237,איכסל,אכסאל,איכסל,צפון,32.6815837,35.3239769,איכסל,fallback
3302,"בית""ר ר""ג",612,רמת גן אימונים 2(טרומים),דרך אבא הלל  רמת גן,רמת גן,מרכז,32.08227,34.81065,רמת גן,locality
3303,"בית""ר ר""ג",612,רמת גן אימונים 2(טרומים),דרך אבא הלל  רמת גן,רמת גן,מרכז,32.08227,34.81065,רמת גן,locality
3305,"בית""ר טוברוק שחר",13,נתניה טוברוק,יודפת 2 נתניה,נתניה,שרון,32.33294,34.85917,נתניה,locality
3312,הפ' עירוני גדרה,1224,גדרה,וייצמן 44 גדרה,גדרה,דרום,31.8164497,34.7805624,וייצמן 44 גדרה,street
3313,הפ' עירוני גדרה,1224,גדרה,וייצמן 44 גדרה,גדרה,דרום,31.8164497,34.7805624,וייצמן 44 גדרה,street
3314,הפ' עירוני גדרה,1224,גדרה,וייצמן 44 גדרה,גדרה,דרום,31.8164497,34.7805624,וייצמן 44 גדרה,street
3316,"בית""ר תל אביב חולון 1 ""צו פיוס""",1316,חולון טוטו,משה דיין  חולון,חולון,מרכז,32.000768,34.770396,משה דיין  חולון,street
3317,הפ' עירוני גדרה,1224,גדרה,וייצמן 44 גדרה,גדרה,דרום,31.8164497,34.7805624,וייצמן 44 גדרה,street
3318,"בית""ר י-ם צפון",188,ירושלים בית וגן 2 עליון סינטטי,שמואל בייט 1 ירושלים,ירושלים,מרכז,31.7724105,35.1880092,שמואל בייט 1 ירושלים,street
3321,"בית""ר טוברוק 2",13,נתניה טוברוק,יודפת 2 נתניה,נתניה,שרון,32.33294,34.85917,נתניה,locality
3323,הפ' עירוני גדרה 2,1170,(סגור)בני עייש,השיקמה 33 בני עי''ש,בני עיש,דרום,31.7875644,34.7619471,השיקמה 33 בני עי''ש,street
3324,"בית""ר ר""ג",225,רמת גן אימונים,דרך אבא הלל  רמת גן,רמת גן,מרכז,32.08227,34.81065,רמת גן,locality
3325,"בית""ר ר""ג",225,רמת גן אימונים,דרך אבא הלל  רמת גן,רמת גן,מרכז,32.08227,34.81065,רמת גן,locality
3326,"בית""ר ר""ג",225,רמת גן אימונים,דרך אבא הלל  רמת גן,רמת גן,מרכז,32.08227,34.81065,רמת גן,locality
3327,הפ' עירוני גדרה,1224,גדרה,וייצמן 44 גדרה,גדרה,דרום,31.8164497,34.7805624,וייצמן 44 גדרה,street
3331,"בית""ר י-ם",188,ירושלים בית וגן 2 עליון סינטטי,שמואל בייט 1 ירושלים,ירושלים,מרכז,31.7724105,35.1880092,שמואל בייט 1 ירושלים,street
3333,"בית""ר טוברוק 2",13,נתניה טוברוק,יודפת 2 נתניה,נתניה,שרון,32.33294,34.85917,נתניה,locality
3336,עירוני בני שעב,162,שעב,אלביאדר 10 שעב,שעב,צפון,32.89014,35.23885,שעב,locality
3337,"בית""ר ר""ג",612,רמת גן אימונים 2(טרומים),דרך אבא הלל  רמת גן,רמת גן,מרכז,32.08227,34.81065,רמת גן,locality
3340,"בית""ר חיפה ""טום לוי"" ""צו פיוס""",1159,חיפה אגרטק (אתוס 1 לשעבר),קדושי יאסי 2 חיפה,חיפה,צפון,32.7916931,34.9644972,קדושי יאסי 2 חיפה,street
3341,עירוני בני שעב,162,שעב,אלביאדר 10 שעב,שעב,צפון,32.89014,35.23885,שעב,locality
3344,"בית""ר פרדס חנה",1146,פרדס חנה אימונים,דרך הים 5 פרדס חנה כרכור,פרדס חנה כרכור,שרון,32.4805699,34.9697493,דרך הים 5 פרדס חנה כרכור,street
3346,"בית""ר חיפה",1159,חיפה אגרטק (אתוס 1 לשעבר),קדושי יאסי 2 חיפה,חיפה,צפון,32.7916931,34.9644972,קדושי יאסי 2 חיפה,street
3357,הפועל חליסה,400,חיפה אבי רן,צביה ויצחק חיפה,חיפה,צפון,32.7941142,34.9684183,צביה ויצחק חיפה,street
3367,"בית""ר ""גיא שמחי"" גדרה",1224,גדרה,וייצמן 44 גדרה,גדרה,דרום,31.8164497,34.7805624,וייצמן 44 גדרה,street
3368,"בית""ר גדרה",1224,גדרה,וייצמן 44 גדרה,גדרה,דרום,31.8164497,34.7805624,וייצמן 44 גדרה,street
3373,מ.ס. רמלה,620,רמלה ג'רסי,רמלה,רמלה,מרכז,31.9279988,34.8623473,רמלה,street
3374,מ.ס. רמלה,620,רמלה ג'רסי,רמלה,רמלה,מרכז,31.9279988,34.8623473,רמלה,street
3375,מ.ס. רמלה,620,רמלה ג'רסי,רמלה,רמלה,מרכז,31.9279988,34.8623473,רמלה,street
3377,"בית""ר י-ם",188,ירושלים בית וגן 2 עליון סינטטי,שמואל בייט 1 ירושלים,ירושלים,מרכז,31.7724105,35.1880092,שמואל בייט 1 ירושלים,street
3392,הפועל עירוני עראבה,317,דיר חנא,דייר חנא,דיר חנא,צפון,32.861898,35.365638,דייר חנא,street
3393,הפועל עירוני עראבה,317,דיר חנא,דייר חנא,דיר חנא,צפון,32.861898,35.365638,דייר חנא,street
3395,מ.ס. בני יפיע,1309,יפיע סינטטי,101 יפיע,יפיע,צפון,32.6865923,35.2772128,101 יפיע,street
3396,מ.ס. בני יפיע,1309,יפיע סינטטי,101 יפיע,יפיע,צפון,32.6865923,35.2772128,101 יפיע,street
3397,מ.ס. בני יפיע,99,יפיע,410 יפיע,יפיע,צפון,32.6865923,35.2772128,410 יפיע,street
3398,איחוד בני שפרעם,1251,שפרעם חדש סינטטי,תופיק זיאד שפרעם,שפרעם,צפון,32.8002989,35.1791767,תופיק זיאד שפרעם,street
3399,איחוד בני שפרעם,1251,שפרעם חדש סינטטי,תופיק זיאד שפרעם,שפרעם,צפון,32.8002989,35.1791767,תופיק זיאד שפרעם,street
3400,איחוד בני שפרעם,1251,שפרעם חדש סינטטי,תופיק זיאד שפרעם,שפרעם,צפון,32.8002989,35.1791767,תופיק זיאד שפרעם,street
3401,בני מג'אר,603,בענה,בענה,בענה,צפון,32.9280587,35.272169,בענה,street
3402,בני מג'אר 2,603,בענה,בענה,בענה,צפון,32.9280587,35.272169,בענה,street
3403,בני מג'אר,603,בענה,בענה,בענה,צפון,32.9280587,35.272169,בענה,street
3404,מ.ס. ראמה,1162,כפר ראמה,ראמה,ראמה,צפון,32.9379719,35.3675664,ראמה,street
3405,מ.ס. ראמה,1162,כפר ראמה,ראמה,ראמה,צפון,32.9379719,35.3675664,ראמה,street
3406,מ.ס. ראמה,1162,כפר ראמה,ראמה,ראמה,צפון,32.9379719,35.3675664,ראמה,street
3410,מ.ס. צעירי חיפה,400,חיפה אבי רן,צביה ויצחק חיפה,חיפה,צפון,32.7941142,34.9684183,צביה ויצחק חיפה,street
3411,מ.ס. צעירי חיפה,400,חיפה אבי רן,צביה ויצחק חיפה,חיפה,צפון,32.7941142,34.9684183,צביה ויצחק חיפה,street
3412,מ.ס. צעירי חיפה,602,חיפה אבי רן 2,צביה ויצחק חיפה,חיפה,צפון,32.7941142,34.9684183,צביה ויצחק חיפה,street
3413,"עוצמה באר שבע ""צו פיוס""",1257,באר שבע רייסר 4 סינטטי,שלושת המצפים 3 באר שבע,באר שבע,דרום,31.2329997,34.8099317,שלושת המצפים 3 באר שבע,street
3414,עוצמה באר שבע,1257,באר שבע רייסר 4 סינטטי,שלושת המצפים 3 באר שבע,באר שבע,דרום,31.2329997,34.8099317,שלושת המצפים 3 באר שבע,street
3415,"עוצמה באר שבע ""שמעיה"" ""צו פיוס""",1257,באר שבע רייסר 4 סינטטי,שלושת המצפים 3 באר שבע,באר שבע,דרום,31.2329997,34.8099317,שלושת המצפים 3 באר שבע,street
3416,"מכבי כפ""ס מערב",439,כפר סבא קפלן,שולמית 1 כפר סבא,כפר סבא,שרון,32.175,34.90694,כפר סבא,locality
3417,מכבי כפר סבא,439,כפר סבא קפלן,שולמית 1 כפר סבא,כפר סבא,שרון,32.175,34.90694,כפר סבא,locality
3418,"מכבי כפ""ס מערב",439,כפר סבא קפלן,שולמית 1 כפר סבא,כפר סבא,שרון,32.175,34.90694,כפר סבא,locality
3419,מ.ס. כדורגל שגב שלום,38,ירוחם,צבי בורנשטיין ירוחם,ירוחם,דרום,30.9885756,34.9222879,צבי בורנשטיין ירוחם,street
3420,מ.ס. כדורגל שגב שלום,368,רהט צעירי רהט,אלחזאן 1 רהט,רהט,דרום,31.3813987,34.7466013,אלחזאן 1 רהט,street
3425,מ.ס. כדורגל הפועל קרית ים,1269,קרית ים סינטטי,פנחס לבון 1 קרית ים,קרית ים,צפון,32.8553846,35.0765524,פנחס לבון 1 קרית ים,street
3426,מ.ס.כ. הפועל קרית ים,1269,קרית ים סינטטי,פנחס לבון 1 קרית ים,קרית ים,צפון,32.8553846,35.0765524,פנחס לבון 1 קרית ים,street
3427,מ.ס. כדורגל הפועל קרית ים,1269,קרית ים סינטטי,פנחס לבון 1 קרית ים,קרית ים,צפון,32.8553846,35.0765524,פנחס לבון 1 קרית ים,street
3430,הפועל גליל תבור,1122,כפר תבור,כפר תבור,כפר תבור,צפון,32.6878053,35.4204202,כפר תבור,street
3431,איחוד צעירי איכסל סמיר,237,איכסל,אכסאל,איכסל,צפון,32.6815837,35.3239769,איכסל,fallback
3432,איחוד צעירי איכסל סמיר,237,איכסל,אכסאל,איכסל,צפון,32.6815837,35.3239769,איכסל,fallback
3433,איחוד צעירי איכסל סמיר,237,איכסל,אכסאל,איכסל,צפון,32.6815837,35.3239769,איכסל,fallback
3435,מ.ס. בית ג'אן,1305,נהריה 2 סינטטי,שלום הגליל 8 נהריה,נהריה,צפון,33.0117577,35.1089668,שלום הגליל 8 נהריה,street
3463,הפ' איחוד בני ג'ת,341,כפר ג'ת המשולש,ד''ר ע. אלרחים ותד 2 ג'ת,ג’ת,שרון,32.39805,35.03804,גת,locality
3464,הפ' איחוד בני ג'ת,341,כפר ג'ת המשולש,ד''ר ע. אלרחים ותד 2 ג'ת,ג’ת,שרון,32.39805,35.03804,גת,locality
3468,מ.ס. בני יפיע,99,יפיע,410 יפיע,יפיע,צפון,32.6865923,35.2772128,410 יפיע,street
3469,מ.ס. בני יפיע,1309,יפיע סינטטי,101 יפיע,יפיע,צפון,32.6865923,35.2772128,101 יפיע,street
3471,איחוד בני שפרעם,31,שפרעם,שפרעם,שפרעם,צפון,32.8045765,35.1723866,שפרעם,street
3472,איחוד בני שפרעם,1251,שפרעם חדש סינטטי,תופיק זיאד שפרעם,שפרעם,צפון,32.8002989,35.1791767,תופיק זיאד שפרעם,street
3473,איחוד בני שפרעם,1251,שפרעם חדש סינטטי,תופיק זיאד שפרעם,שפרעם,צפון,32.8002989,35.1791767,תופיק זיאד שפרעם,street
3474,בני מג'אר,603,בענה,בענה,בענה,צפון,32.9280587,35.272169,בענה,street
3477,מ.ס. ראמה,1162,כפר ראמה,ראמה,ראמה,צפון,32.9379719,35.3675664,ראמה,street
3483,מ.ס. צעירי חיפה,400,חיפה אבי רן,צביה ויצחק חיפה,חיפה,צפון,32.7941142,34.9684183,צביה ויצחק חיפה,street
3484,מ.ס. צעירי חיפה,1159,חיפה אגרטק (אתוס 1 לשעבר),קדושי יאסי 2 חיפה,חיפה,צפון,32.7916931,34.9644972,קדושי יאסי 2 חיפה,street
3485,מ.ס צעירי חיפה,313,עתלית,מלח הארץ עתלית,עתלית,צפון,32.68889,34.94236,עתלית,locality
3486,"עוצמה באר שבע ""דימה"" ""צו פיוס""",1257,באר שבע רייסר 4 סינטטי,שלושת המצפים 3 באר שבע,באר שבע,דרום,31.2329997,34.8099317,שלושת המצפים 3 באר שבע,street
3489,"מכבי כפ""ס מזרח",439,כפר סבא קפלן,שולמית 1 כפר סבא,כפר סבא,שרון,32.175,34.90694,כפר סבא,locality
3490,מכבי כפר סבא,439,כפר סבא קפלן,שולמית 1 כפר סבא,כפר סבא,שרון,32.175,34.90694,כפר סבא,locality
3496,מ.ס. כדורגל הפועל קרית ים,1269,קרית ים סינטטי,פנחס לבון 1 קרית ים,קרית ים,צפון,32.8553846,35.0765524,פנחס לבון 1 קרית ים,street
3497,מ.ס. כדורגל הפועל קרית ים,1269,קרית ים סינטטי,פנחס לבון 1 קרית ים,קרית ים,צפון,32.8553846,35.0765524,פנחס לבון 1 קרית ים,street
3498,מ.ס. כדורגל הפועל קרית ים,1269,קרית ים סינטטי,פנחס לבון 1 קרית ים,קרית ים,צפון,32.8553846,35.0765524,פנחס לבון 1 קרית ים,street
3502,איחוד צעירי איכסל סמיר,237,איכסל,אכסאל,איכסל,צפון,32.6815837,35.3239769,איכסל,fallback
3503,איחוד צעירי איכסל סמיר,237,איכסל,אכסאל,איכסל,צפון,32.6815837,35.3239769,איכסל,fallback
3504,איחוד צעירי איכסל סמיר,237,איכסל,אכסאל,איכסל,צפון,32.6815837,35.3239769,איכסל,fallback
3513,מ.כ. כרמל חיפה,1159,חיפה אגרטק (אתוס 1 לשעבר),קדושי יאסי 2 חיפה,חיפה,צפון,32.7916931,34.9644972,קדושי יאסי 2 חיפה,street
3514,"מ.כ. כרמל חיפה ""צו פיוס""",1159,חיפה אגרטק (אתוס 1 לשעבר),קדושי יאסי 2 חיפה,חיפה,צפון,32.7916931,34.9644972,קדושי יאסי 2 חיפה,street
3515,"מ.כ. כרמל חיפה ""צו פיוס""",1159,חיפה אגרטק (אתוס 1 לשעבר),קדושי יאסי 2 חיפה,חיפה,צפון,32.7916931,34.9644972,קדושי יאסי 2 חיפה,street
3516,מ.כ. שפרעם,1251,שפרעם חדש סינטטי,תופיק זיאד שפרעם,שפרעם,צפון,32.8002989,35.1791767,תופיק זיאד שפרעם,street
3517,מ.כ. שפרעם,1251,שפרעם חדש סינטטי,תופיק זיאד שפרעם,שפרעם,צפון,32.8002989,35.1791767,תופיק זיאד שפרעם,street
3518,מ.כ. שפרעם,31,שפרעם,שפרעם,שפרעם,צפון,32.8045765,35.1723866,שפרעם,street
3519,מ.ס. בית ג'אן,1305,נהריה 2 סינטטי,שלום הגליל 8 נהריה,נהריה,צפון,33.0117577,35.1089668,שלום הגליל 8 נהריה,street
3520,מ.ס. בית ג'אן,1305,נהריה 2 סינטטי,שלום הגליל 8 נהריה,נהריה,צפון,33.0117577,35.1089668,שלום הגליל 8 נהריה,street
3521,מ.ס. בית ג'אן,1305,נהריה 2 סינטטי,שלום הגליל 8 נהריה,נהריה,צפון,33.0117577,35.1089668,שלום הגליל 8 נהריה,street
3522,"עירוני ראש העין ""צו פיוס""",1339,ראש העין,יחיאל סנדרוב ראש העין,ראש העין,מרכז,32.1090043,34.9407424,יחיאל סנדרוב ראש העין,street
3523,"עירוני ראש העין ""צו פיוס""",1339,ראש העין,יחיאל סנדרוב ראש העין,ראש העין,מרכז,32.1090043,34.9407424,יחיאל סנדרוב ראש העין,street
3524,עירוני ראש העין,1339,ראש העין,יחיאל סנדרוב ראש העין,ראש העין,מרכז,32.1090043,34.9407424,יחיאל סנדרוב ראש העין,street
3526,"מ.כ. גליל גולן ""צו פיוס""",75,צפת,האחד עשר צפת,צפת,צפון,32.9589421,35.5008402,האחד עשר צפת,street
3527,"מ.כ. גליל גולן ""צו פיוס""",75,צפת,האחד עשר צפת,צפת,צפון,32.9589421,35.5008402,האחד עשר צפת,street
3528,"מכבי עתלית ""צו פיוס""",313,עתלית,מלח הארץ עתלית,עתלית,צפון,32.68889,34.94236,עתלית,locality
3529,"מכבי עתלית ""צו פיוס""",313,עתלית,מלח הארץ עתלית,עתלית,צפון,32.68889,34.94236,עתלית,locality
3530,"מ. עתלית טום לוי ""צו פיוס""",313,עתלית,מלח הארץ עתלית,עתלית,צפון,32.68889,34.94236,עתלית,locality
3531,"מ.כ. הפועל גלבוע ""צו פיוס""",325,תענך גוש יעל/אסי גלבוע,יעל,יעל,צפון,31.71083,34.7444,יעל,locality
3532,"מ.כ. הפועל גלבוע ""צו פיוס""",325,תענך גוש יעל/אסי גלבוע,יעל,יעל,צפון,31.71083,34.7444,יעל,locality
3533,"מ.כ. הפועל גלבוע ""צו פיוס""",325,תענך גוש יעל/אסי גלבוע,יעל,יעל,צפון,31.71083,34.7444,יעל,locality
3536,מ.ס. עמק חפר,512,קיבוץ ברקאי,ברקאי,ברקאי,שרון,32.475134,35.0300253,ברקאי,street
3537,הפועל צעירי נצרת,285,נצרת אצטדיון עילוט,עילוט,עילוט,צפון,32.718281,35.2612603,עילוט,street
3543,מכבי זכרון יעקב,51,זכרון יעקב,הברושים זכרון יעקב,זכרון יעקב,שרון,32.5750652,34.9505678,הברושים זכרון יעקב,street
3544,מכבי זכרון יעקב,51,זכרון יעקב,הברושים זכרון יעקב,זכרון יעקב,שרון,32.5750652,34.9505678,הברושים זכרון יעקב,street
3545,מכבי זכרון יעקב,51,זכרון יעקב,הברושים זכרון יעקב,זכרון יעקב,שרון,32.5750652,34.9505678,הברושים זכרון יעקב,street
3547,מכבי צורן,464,קדימה,הניצן 5 קדימה צורן,קדימה צורן,שרון,32.2712141,34.9197397,הניצן 5 קדימה צורן,street
3548,מכבי צורן,464,קדימה,הניצן 5 קדימה צורן,קדימה צורן,שרון,32.2712141,34.9197397,הניצן 5 קדימה צורן,street
3549,מכבי צורן,464,קדימה,הניצן 5 קדימה צורן,קדימה צורן,שרון,32.2712141,34.9197397,הניצן 5 קדימה צורן,street
3555,בני דיר חנא,317,דיר חנא,דייר חנא,דיר חנא,צפון,32.861898,35.365638,דייר חנא,street
3562,מ.כ. מועצה אזורית יואב,1224,גדרה,וייצמן 44 גדרה,גדרה,דרום,31.8164497,34.7805624,וייצמן 44 גדרה,street
3566,מ.כ. דלית אל כרמל,58,דלית אל כרמל,אלרוחראח  דאלית אל כרמל,דלית אל כרמל,צפון,32.6869077,35.057284,אלרוחראח  דאלית אל כרמל,street
3570,"בית""ר גן יבנה",984,(סגור)גן יבנה,המגינים 45 גן יבנה,גן יבנה,דרום,31.7922496,34.711908,המגינים 45 גן יבנה,street
3571,"בית""ר גן יבנה",984,(סגור)גן יבנה,המגינים 45 גן יבנה,גן יבנה,דרום,31.7922496,34.711908,המגינים 45 גן יבנה,street
3573,"מ.כ. ירושלים ""צו פיוס""",1208,ירושלים הר חומה סינטטי,הרב ישעיהו דולגין 7 ירושלים,ירושלים,מרכז,31.7199984,35.2272089,הרב ישעיהו דולגין 7 ירושלים,street
3574,שיכון ותיקים רמת גן,613,רמת גן ספארי,שדרת הצבי 2 רמת גן,רמת גן,מרכז,32.0526749,34.8262636,שדרת הצבי 2 רמת גן,street
3575,"שיכון ותיקים רמת גן ""צו פיוס""",613,רמת גן ספארי,שדרת הצבי 2 רמת גן,רמת גן,מרכז,32.0526749,34.8262636,שדרת הצבי 2 רמת גן,street
3576,"שיכון ותיקים רמת גן ""צו פיוס""",613,רמת גן ספארי,שדרת הצבי 2 רמת גן,רמת גן,מרכז,32.0526749,34.8262636,שדרת הצבי 2 רמת גן,street
3577,צעירי אום אל פאחם,411,אום אל פאחם סינטטי,אלהאדיה 2 אום אל פחם,אום אל פחם,שרון,32.5158385,35.152491,אום אל פחם,fallback
3578,צעירי אום אל פאחם,367,אום אל פחם,אום אל פחם,אום אל פחם,שרון,32.5158385,35.152491,אום אל פחם,fallback
3579,צעירי אום אל פאחם,411,אום אל פאחם סינטטי,אלהאדיה 2 אום אל פחם,אום אל פחם,שרון,32.5158385,35.152491,אום אל פחם,fallback
3580,מ.ס. שפרעם,1251,שפרעם חדש סינטטי,תופיק זיאד שפרעם,שפרעם,צפון,32.8002989,35.1791767,תופיק זיאד שפרעם,street
3581,מ.ס. שפרעם,1251,שפרעם חדש סינטטי,תופיק זיאד שפרעם,שפרעם,צפון,32.8002989,35.1791767,תופיק זיאד שפרעם,street
3582,מ.ס. שפרעם,1251,שפרעם חדש סינטטי,תופיק זיאד שפרעם,שפרעם,צפון,32.8002989,35.1791767,תופיק זיאד שפרעם,street
3589,הפ' עירוני בני אעבלין,236,אעבלין,אעבלין,אעבלין,צפון,32.8209166,35.19133,אעבלין,street
3600,איחוד צעירי איכסל סמיר,237,איכסל,אכסאל,איכסל,צפון,32.6815837,35.3239769,איכסל,fallback
3601,"בית""ר י-ם אורן ""צו פיוס""",187,ירושלים בית וגן 1 תחתון,שמואל בייט 1 ירושלים,ירושלים,מרכז,31.7724105,35.1880092,שמואל בייט 1 ירושלים,street
3602,"בית""ר י-ם שמואל",187,ירושלים בית וגן 1 תחתון,שמואל בייט 1 ירושלים,ירושלים,מרכז,31.7724105,35.1880092,שמואל בייט 1 ירושלים,street
3607,מ.כ. כרמל חיפה,1159,חיפה אגרטק (אתוס 1 לשעבר),קדושי יאסי 2 חיפה,חיפה,צפון,32.7916931,34.9644972,קדושי יאסי 2 חיפה,street
3608,מ.כ. כרמל חיפה,1159,חיפה אגרטק (אתוס 1 לשעבר),קדושי יאסי 2 חיפה,חיפה,צפון,32.7916931,34.9644972,קדושי יאסי 2 חיפה,street
3609,מ.כ. כרמל חיפה,1159,חיפה אגרטק (אתוס 1 לשעבר),קדושי יאסי 2 חיפה,חיפה,צפון,32.7916931,34.9644972,קדושי יאסי 2 חיפה,street
3610,"שמשון ת""א ""צו פיוס""",1352,תל אביב ספורטק צפון מגרש מזרחי,שדרות רוקח 40 תל אביב יפו,יפו,מרכז,32.098446,34.787669,שדרות רוקח 40 תל אביב יפו,street
3612,"בית""ר י-ם אורן",263,ירושלים אצטדיון טדי,דרך אגודת ספורט בית''ר 1 ירושלים,ירושלים,מרכז,31.76904,35.21633,ירושלים,locality
3616,מ.כ. כרמל חיפה,1159,חיפה אגרטק (אתוס 1 לשעבר),קדושי יאסי 2 חיפה,חיפה,צפון,32.7916931,34.9644972,קדושי יאסי 2 חיפה,street
3617,"מ.כ. כרמל חיפה ""צו פיוס""",1159,חיפה אגרטק (אתוס 1 לשעבר),קדושי יאסי 2 חיפה,חיפה,צפון,32.7916931,34.9644972,קדושי יאסי 2 חיפה,street
3618,מ.כ. כרמל חיפה,1159,חיפה אגרטק (אתוס 1 לשעבר),קדושי יאסי 2 חיפה,חיפה,צפון,32.7916931,34.9644972,קדושי יאסי 2 חיפה,street
3619,מ.כ. שפרעם,1251,שפרעם חדש סינטטי,תופיק זיאד שפרעם,שפרעם,צפון,32.8002989,35.1791767,תופיק זיאד שפרעם,street
3620,מ.כ. שפרעם,1251,שפרעם חדש סינטטי,תופיק זיאד שפרעם,שפרעם,צפון,32.8002989,35.1791767,תופיק זיאד שפרעם,street
3621,מ.כ. שפרעם,1251,שפרעם חדש סינטטי,תופיק זיאד שפרעם,שפרעם,צפון,32.8002989,35.1791767,תופיק זיאד שפרעם,street
3622,מ.ס. בית ג'אן,1305,נהריה 2 סינטטי,שלום הגליל 8 נהריה,נהריה,צפון,33.0117577,35.1089668,שלום הגליל 8 נהריה,street
3623,מ.ס. בית ג'אן,1306,נהריה 3 סינטטי,שלום הגליל 8 נהריה,נהריה,צפון,33.0117577,35.1089668,שלום הגליל 8 נהריה,street
3625,עירוני ראש העין,1339,ראש העין,יחיאל סנדרוב ראש העין,ראש העין,מרכז,32.1090043,34.9407424,יחיאל סנדרוב ראש העין,street
3626,עירוני ראש העין דרום,1339,ראש העין,יחיאל סנדרוב ראש העין,ראש העין,מרכז,32.1090043,34.9407424,יחיאל סנדרוב ראש העין,street
3629,בני אום אל פאחם,367,אום אל פחם,אום אל פחם,אום אל פחם,שרון,32.5158385,35.152491,אום אל פחם,fallback
3630,מ.כ. צעירי טמרה,254,טמרה,טמרה,טמרה,צפון,32.85301,35.1987,טמרה,locality
3632,מ.כ. שפרעם,1251,שפרעם חדש סינטטי,תופיק זיאד שפרעם,שפרעם,צפון,32.8002989,35.1791767,תופיק זיאד שפרעם,street
3633,מ.כ. שפרעם,1251,שפרעם חדש סינטטי,תופיק זיאד שפרעם,שפרעם,צפון,32.8002989,35.1791767,תופיק זיאד שפרעם,street
3634,מ.כ. שפרעם,1251,שפרעם חדש סינטטי,תופיק זיאד שפרעם,שפרעם,צפון,32.8002989,35.1791767,תופיק זיאד שפרעם,street
3639,מ.כ. צעירי טמרה,254,טמרה,טמרה,טמרה,צפון,32.85301,35.1987,טמרה,locality
3647,בני אלסלאם רהט,1144,רהט בני אל סאלם רהט,אלח'זאן 1 רהט,רהט,דרום,31.381991,34.775125,אלח'זאן  רהט,street
3648,בני אלסלאם רהט,1144,רהט בני אל סאלם רהט,אלח'זאן 1 רהט,רהט,דרום,31.381991,34.775125,אלח'זאן  רהט,street
3649,בני אלסלאם רהט,1144,רהט בני אל סאלם רהט,אלח'זאן 1 רהט,רהט,דרום,31.381991,34.775125,אלח'זאן  רהט,street
3650,מ.כ. שפרעם,1251,שפרעם חדש סינטטי,תופיק זיאד שפרעם,שפרעם,צפון,32.8002989,35.1791767,תופיק זיאד שפרעם,street
3651,"עירוני ראש העין דרום ""צו פיוס""",1339,ראש העין,יחיאל סנדרוב ראש העין,ראש העין,מרכז,32.1090043,34.9407424,יחיאל סנדרוב ראש העין,street
3652,עירוני ראש העין,1339,ראש העין,יחיאל סנדרוב ראש העין,ראש העין,מרכז,32.1090043,34.9407424,יחיאל סנדרוב ראש העין,street
3654,בני אלסלאם רהט,1144,רהט בני אל סאלם רהט,אלח'זאן 1 רהט,רהט,דרום,31.381991,34.775125,אלח'זאן  רהט,street
3655,בני אלסלאם רהט,1144,רהט בני אל סאלם רהט,אלח'זאן 1 רהט,רהט,דרום,31.381991,34.775125,אלח'זאן  רהט,street
3658,"מ.כ. גליל גולן דרום ""צו פיוס""",75,צפת,האחד עשר צפת,צפת,צפון,32.9589421,35.5008402,האחד עשר צפת,street
3659,מ.כ. גליל גולן,75,צפת,האחד עשר צפת,צפת,צפון,32.9589421,35.5008402,האחד עשר צפת,street
3660,"בית""ר טוברוק 2",13,נתניה טוברוק,יודפת 2 נתניה,נתניה,שרון,32.33294,34.85917,נתניה,locality
3661,"בית""ר חיפה - אבי רן",1159,חיפה אגרטק (אתוס 1 לשעבר),קדושי יאסי 2 חיפה,חיפה,צפון,32.7916931,34.9644972,קדושי יאסי 2 חיפה,street
3662,"בית""ר חיפה ""חיים טולדנו""",1159,חיפה אגרטק (אתוס 1 לשעבר),קדושי יאסי 2 חיפה,חיפה,צפון,32.7916931,34.9644972,קדושי יאסי 2 חיפה,street
3674,מ.כ. גליל גולן צפון,75,צפת,האחד עשר צפת,צפת,צפון,32.9589421,35.5008402,האחד עשר צפת,street
3675,מ.כ. גליל גולן דרום,75,צפת,האחד עשר צפת,צפת,צפון,32.9589421,35.5008402,האחד עשר צפת,street
3676,מ.כ. גליל גולן דרום,75,צפת,האחד עשר צפת,צפת,צפון,32.9589421,35.5008402,האחד עשר צפת,street
3677,"מ. עתלית ""צו פיוס""",313,עתלית,מלח הארץ עתלית,עתלית,צפון,32.68889,34.94236,עתלית,locality
3678,"מכבי עתלית ""צו פיוס""",313,עתלית,מלח הארץ עתלית,עתלית,צפון,32.68889,34.94236,עתלית,locality
3679,"מכבי עתלית ""צו פיוס""",313,עתלית,מלח הארץ עתלית,עתלית,צפון,32.68889,34.94236,עתלית,locality
3680,מ.כ. הפועל גלבוע,325,תענך גוש יעל/אסי גלבוע,יעל,יעל,צפון,31.71083,34.7444,יעל,locality
3681,מ.כ הפועל גלבוע,325,תענך גוש יעל/אסי גלבוע,יעל,יעל,צפון,31.71083,34.7444,יעל,locality
3682,מ.כ. הפועל גלבוע,325,תענך גוש יעל/אסי גלבוע,יעל,יעל,צפון,31.71083,34.7444,יעל,locality
3683,מ.ס. עמק חפר דרום,512,קיבוץ ברקאי,ברקאי,ברקאי,שרון,32.475134,35.0300253,ברקאי,street
3684,מ.ס. עמק חפר דרום,512,קיבוץ ברקאי,ברקאי,ברקאי,שרון,32.475134,35.0300253,ברקאי,street
3685,מ.ס. עמק חפר דרום,512,קיבוץ ברקאי,ברקאי,ברקאי,שרון,32.475134,35.0300253,ברקאי,street
3688,הפועל צעירי נצרת,285,נצרת אצטדיון עילוט,עילוט,עילוט,צפון,32.718281,35.2612603,עילוט,street
3689,הפועל צעירי נצרת,331,נצרת עילוט אימונים סינטטי,עילוט,עילוט,צפון,32.718281,35.2612603,עילוט,street
3690,מכבי זכרון יעקב משה,51,זכרון יעקב,הברושים זכרון יעקב,זכרון יעקב,שרון,32.5750652,34.9505678,הברושים זכרון יעקב,street
3693,מכבי צורן,464,קדימה,הניצן 5 קדימה צורן,קדימה צורן,שרון,32.2712141,34.9197397,הניצן 5 קדימה צורן,street
3699,בני דיר חנא,317,דיר חנא,דייר חנא,דיר חנא,צפון,32.861898,35.365638,דייר חנא,street
3701,הפועל יפיע,1309,יפיע סינטטי,101 יפיע,יפיע,צפון,32.6865923,35.2772128,101 יפיע,street
3702,הפועל יפיע,1309,יפיע סינטטי,101 יפיע,יפיע,צפון,32.6865923,35.2772128,101 יפיע,street
3703,הפועל יפיע,1309,יפיע סינטטי,101 יפיע,יפיע,צפון,32.6865923,35.2772128,101 יפיע,street
3707,מ.כ. אור עקיבא,429,אור עקיבא,האלה אור עקיבא,אור עקיבא,שרון,32.4999394,34.9192773,האלה אור עקיבא,street
3708,מ.כ. אור עקיבא,429,אור עקיבא,האלה אור עקיבא,אור עקיבא,שרון,32.4999394,34.9192773,האלה אור עקיבא,street
3709,מ.כ. אור עקיבא,429,אור עקיבא,האלה אור עקיבא,אור עקיבא,שרון,32.4999394,34.9192773,האלה אור עקיבא,street
3710,"בית""ר גן יבנה",984,(סגור)גן יבנה,המגינים 45 גן יבנה,גן יבנה,דרום,31.7922496,34.711908,המגינים 45 גן יבנה,street
3711,"בית""ר גן יבנה",984,(סגור)גן יבנה,המגינים 45 גן יבנה,גן יבנה,דרום,31.7922496,34.711908,המגינים 45 גן יבנה,street
3712,"בית""ר גן יבנה",984,(סגור)גן יבנה,המגינים 45 גן יבנה,גן יבנה,דרום,31.7922496,34.711908,המגינים 45 גן יבנה,street
3713,"שיכון ותיקים רמת גן ""צו פיוס""",613,רמת גן ספארי,שדרת הצבי 2 רמת גן,רמת גן,מרכז,32.0526749,34.8262636,שדרת הצבי 2 רמת גן,street
3714,"שיכון ותיקים רמת גן ""צו פיוס""",613,רמת גן ספארי,שדרת הצבי 2 רמת גן,רמת גן,מרכז,32.0526749,34.8262636,שדרת הצבי 2 רמת גן,street
3715,"שיכון ותיקים רמת גן ""צו פיוס""",402,רמת גן ספארי (תשיעיות),שדרת הצבי 1 רמת גן,רמת גן,מרכז,32.0526749,34.8262636,שדרת הצבי 1 רמת גן,street
3716,צעירי אום אל פאחם,411,אום אל פאחם סינטטי,אלהאדיה 2 אום אל פחם,אום אל פחם,שרון,32.5158385,35.152491,אום אל פחם,fallback
3717,צעירי אום אל פאחם,411,אום אל פאחם סינטטי,אלהאדיה 2 אום אל פחם,אום אל פחם,שרון,32.5158385,35.152491,אום אל פחם,fallback
3718,צעירי אום אל פאחם,411,אום אל פאחם סינטטי,אלהאדיה 2 אום אל פחם,אום אל פחם,שרון,32.5158385,35.152491,אום אל פחם,fallback
3719,מ.ס. שפרעם,1251,שפרעם חדש סינטטי,תופיק זיאד שפרעם,שפרעם,צפון,32.8002989,35.1791767,תופיק זיאד שפרעם,street
3720,"שמשון ת""א",1352,תל אביב ספורטק צפון מגרש מזרחי,שדרות רוקח 40 תל אביב יפו,יפו,מרכז,32.098446,34.787669,שדרות רוקח 40 תל אביב יפו,street
3726,"מכבי עתלית ""צו פיוס""",313,עתלית,מלח הארץ עתלית,עתלית,צפון,32.68889,34.94236,עתלית,locality
3727,"מכבי עתלית ""צו פיוס""",313,עתלית,מלח הארץ עתלית,עתלית,צפון,32.68889,34.94236,עתלית,locality
3729,מ.כ. הפועל גלבוע,325,תענך גוש יעל/אסי גלבוע,יעל,יעל,צפון,31.71083,34.7444,יעל,locality
3732,מ.ס. עמק חפר,512,קיבוץ ברקאי,ברקאי,ברקאי,שרון,32.475134,35.0300253,ברקאי,street
3733,מ.ס. עמק חפר,512,קיבוץ ברקאי,ברקאי,ברקאי,שרון,32.475134,35.0300253,ברקאי,street
3737,בני דיר חנא,317,דיר חנא,דייר חנא,דיר חנא,צפון,32.861898,35.365638,דייר חנא,street
3740,הפועל יפיע,1309,יפיע סינטטי,101 יפיע,יפיע,צפון,32.6865923,35.2772128,101 יפיע,street
3743,מ.כ. אור עקיבא,429,אור עקיבא,האלה אור עקיבא,אור עקיבא,שרון,32.4999394,34.9192773,האלה אור עקיבא,street
3746,"בית""ר גן יבנה",984,(סגור)גן יבנה,המגינים 45 גן יבנה,גן יבנה,דרום,31.7922496,34.711908,המגינים 45 גן יבנה,street
3747,"בית""ר גן יבנה",984,(סגור)גן יבנה,המגינים 45 גן יבנה,גן יבנה,דרום,31.7922496,34.711908,המגינים 45 גן יבנה,street
3752,צעירי אום אל פאחם,411,אום אל פאחם סינטטי,אלהאדיה 2 אום אל פחם,אום אל פחם,שרון,32.5158385,35.152491,אום אל פחם,fallback
3755,מ.ס. שפרעם,1251,שפרעם חדש סינטטי,תופיק זיאד שפרעם,שפרעם,צפון,32.8002989,35.1791767,תופיק זיאד שפרעם,street
3756,מ.ס. שפרעם,1251,שפרעם חדש סינטטי,תופיק זיאד שפרעם,שפרעם,צפון,32.8002989,35.1791767,תופיק זיאד שפרעם,street
3757,מ.ס. שפרעם,1251,שפרעם חדש סינטטי,תופיק זיאד שפרעם,שפרעם,צפון,32.8002989,35.1791767,תופיק זיאד שפרעם,street
3758,"מ.כ. מיתר ""רז""",1293,מיתר,דרך הדרור 1 מיתר,מיתר,דרום,31.333317,34.93644,דרך הדרור  מיתר,street
3759,מ.כ. מיתר,1278,(סגור)רייסר 4 סגור/ישן,באר שבע,באר שבע,דרום,31.2457442,34.7925181,באר שבע,street
3760,מ.כ. מיתר,1293,מיתר,דרך הדרור 1 מיתר,מיתר,דרום,31.333317,34.93644,דרך הדרור  מיתר,street
3761,מכבי יהוד מונוסון,1012,יהוד ק.סביונים,דרך משה דיין 5 יהוד מונוסון,יהוד,מרכז,32.035438,34.881537,דרך משה דיין  יהוד מונוסון,street
3762,מכבי יהוד מונוסון,1012,יהוד ק.סביונים,דרך משה דיין 5 יהוד מונוסון,יהוד,מרכז,32.035438,34.881537,דרך משה דיין  יהוד מונוסון,street
3763,"מכבי יהוד מונוסון ""צו פיוס""",1012,יהוד ק.סביונים,דרך משה דיין 5 יהוד מונוסון,יהוד,מרכז,32.035438,34.881537,דרך משה דיין  יהוד מונוסון,street
3766,"מ.ס. בית""ר כפר מנדא",152,כפר מנדא חדש,כפר מנדא,כפר מנדא,צפון,32.8114088,35.259756,כפר מנדא,street
3771,הפועל חורפיש,1259,בוקעתא,בוקעתא,חורפיש,צפון,33.01762,35.34786,חורפיש,locality
3772,הפועל חורפיש,253,תרשיחא,מעלות תרשיחא,מעלות תרשיחא,צפון,33.0157394,35.2759666,מעלות תרשיחא,street
3778,מ.כ. שדרות,66,שדרות,מבצע סיני 2 שדרות,שדרות,דרום,31.5278466,34.5965889,מבצע סיני 2 שדרות,street
3779,"מ.כ. שדרות ""צו פיוס""",66,שדרות,מבצע סיני 2 שדרות,שדרות,דרום,31.5278466,34.5965889,מבצע סיני 2 שדרות,street
3781,מכבי בני טורעאן,317,דיר חנא,דייר חנא,דיר חנא,צפון,32.861898,35.365638,דייר חנא,street
3782,מכבי בני טורעאן,317,דיר חנא,דייר חנא,דיר חנא,צפון,32.861898,35.365638,דייר חנא,street
3783,מכבי בני טורעאן,317,דיר חנא,דייר חנא,דיר חנא,צפון,32.861898,35.365638,דייר חנא,street
3785,הפועל טובא,243,טובא,טובא טובא זנגריה,טובא זנגריה,צפון,32.9661525,35.5927747,טובא טובא זנגריה,street
3787,"בית""ר י-ם",188,ירושלים בית וגן 2 עליון סינטטי,שמואל בייט 1 ירושלים,ירושלים,מרכז,31.7724105,35.1880092,שמואל בייט 1 ירושלים,street
3791,"שמשון ת""א מרכז",1352,תל אביב ספורטק צפון מגרש מזרחי,שדרות רוקח 40 תל אביב יפו,יפו,מרכז,32.098446,34.787669,שדרות רוקח 40 תל אביב יפו,street
3792,הפ' אום אל פאחם 2,411,אום אל פאחם סינטטי,אלהאדיה 2 אום אל פחם,אום אל פחם,שרון,32.5158385,35.152491,אום אל פחם,fallback
3800,מ.ס. שפרעם,1251,שפרעם חדש סינטטי,תופיק זיאד שפרעם,שפרעם,צפון,32.8002989,35.1791767,תופיק זיאד שפרעם,street
3801,מ.ס. שפרעם,1251,שפרעם חדש סינטטי,תופיק זיאד שפרעם,שפרעם,צפון,32.8002989,35.1791767,תופיק זיאד שפרעם,street
3803,מ.כ. מיתר,1293,מיתר,דרך הדרור 1 מיתר,מיתר,דרום,31.333317,34.93644,דרך הדרור  מיתר,street
3804,מ.כ. מיתר,1293,מיתר,דרך הדרור 1 מיתר,מיתר,דרום,31.333317,34.93644,דרך הדרור  מיתר,street
3805,מ.כ. מיתר,1293,מיתר,דרך הדרור 1 מיתר,מיתר,דרום,31.333317,34.93644,דרך הדרור  מיתר,street
3806,מכבי יהוד מונוסון,1012,יהוד ק.סביונים,דרך משה דיין 5 יהוד מונוסון,יהוד,מרכז,32.035438,34.881537,דרך משה דיין  יהוד מונוסון,street
3807,מכבי יהוד מונוסון,1012,יהוד ק.סביונים,דרך משה דיין 5 יהוד מונוסון,יהוד,מרכז,32.035438,34.881537,דרך משה דיין  יהוד מונוסון,street
3808,מכבי יהוד מונוסון,1012,יהוד ק.סביונים,דרך משה דיין 5 יהוד מונוסון,יהוד,מרכז,32.035438,34.881537,דרך משה דיין  יהוד מונוסון,street
3809,"מ.ס. בית""ר כפר מנדא",152,כפר מנדא חדש,כפר מנדא,כפר מנדא,צפון,32.8114088,35.259756,כפר מנדא,street
3810,"מ.ס. בית""ר כפר מנדא",152,כפר מנדא חדש,כפר מנדא,כפר מנדא,צפון,32.8114088,35.259756,כפר מנדא,street
3811,"מ.ס. בית""ר כפר מנדא",152,כפר מנדא חדש,כפר מנדא,כפר מנדא,צפון,32.8114088,35.259756,כפר מנדא,street
3813,מכבי דבוריה,293,דבוריה,דבוריה,דבוריה,צפון,32.6927785,35.3716044,דבוריה,street
3815,הפועל חורפיש,165,כפר סמיע,כיסרא סומיע,כפר סמיע,צפון,32.9802989,35.3072033,כיסרא סומיע,street
3817,הפועל חורפיש,253,תרשיחא,מעלות תרשיחא,מעלות תרשיחא,צפון,33.0157394,35.2759666,מעלות תרשיחא,street
3821,מכבי בני טורעאן,317,דיר חנא,דייר חנא,דיר חנא,צפון,32.861898,35.365638,דייר חנא,street
3822,מכבי בני טורעאן,317,דיר חנא,דייר חנא,דיר חנא,צפון,32.861898,35.365638,דייר חנא,street
3825,הפועל טובא,243,טובא,טובא טובא זנגריה,טובא זנגריה,צפון,32.9661525,35.5927747,טובא טובא זנגריה,street
3834,"בית""ר עירוני קרית גת דודו ""צו פיוס""",1190,קרית גת סינטטי אגוז,שדרות צה''ל 5 קרית גת,קרית גת,דרום,31.6089037,34.7596434,שדרות צה''ל 5 קרית גת,street
3835,"בית""ר עירוני קרית גת דודו ""צו פיוס""",1190,קרית גת סינטטי אגוז,שדרות צה''ל 5 קרית גת,קרית גת,דרום,31.6089037,34.7596434,שדרות צה''ל 5 קרית גת,street
3836,"בית""ר עירוני קרית גת דודו ""צו פיוס""",1190,קרית גת סינטטי אגוז,שדרות צה''ל 5 קרית גת,קרית גת,דרום,31.6089037,34.7596434,שדרות צה''ל 5 קרית גת,street
3838,"מ.כ. הפועל אשדוד 1 ""צו פיוס""",1203,אשדוד סינטטי 2 קטן,שדרות הנשיא וייצמן 21 אשדוד,אשדוד,דרום,31.808349,34.657739,שדרות הנשיא וייצמן  אשדוד,street
3842,הפועל ריינה,1291,ריינה סינטטי,ריינה,ריינה,צפון,32.723612,35.312492,ריינה,street
3844,מ.כ. שדרות,66,שדרות,מבצע סיני 2 שדרות,שדרות,דרום,31.5278466,34.5965889,מבצע סיני 2 שדרות,street
3845,"מ.כ. שדרות ""צו פיוס""",66,שדרות,מבצע סיני 2 שדרות,שדרות,דרום,31.5278466,34.5965889,מבצע סיני 2 שדרות,street
3846,"מ.כ. שדרות ""צו פיוס""",66,שדרות,מבצע סיני 2 שדרות,שדרות,דרום,31.5278466,34.5965889,מבצע סיני 2 שדרות,street
3847,"מ.כ. שדרות ""צו פיוס""",66,שדרות,מבצע סיני 2 שדרות,שדרות,דרום,31.5278466,34.5965889,מבצע סיני 2 שדרות,street
3859,מ.ס. כדורגל משהד,219,משהד,משהד,משהד,צפון,32.7401998,35.3245126,משהד,street
3862,בני דבוריה,293,דבוריה,דבוריה,דבוריה,צפון,32.6927785,35.3716044,דבוריה,street
3863,בני דבוריה,293,דבוריה,דבוריה,דבוריה,צפון,32.6927785,35.3716044,דבוריה,street
3864,בני דבוריה,293,דבוריה,דבוריה,דבוריה,צפון,32.6927785,35.3716044,דבוריה,street
3865,צעירי שעב,162,שעב,אלביאדר 10 שעב,שעב,צפון,32.89014,35.23885,שעב,locality
3875,מ.כ. מועצה איזורית חוף אשקלון,1350,הודיה,הודיה,הודיה,דרום,31.673816,34.6377029,הודיה,street
3879,הפועל בני חורפיש,253,תרשיחא,מעלות תרשיחא,מעלות תרשיחא,צפון,33.0157394,35.2759666,מעלות תרשיחא,street
3885,"שמשון ת""א מרכז",1352,תל אביב ספורטק צפון מגרש מזרחי,שדרות רוקח 40 תל אביב יפו,יפו,מרכז,32.098446,34.787669,שדרות רוקח 40 תל אביב יפו,street
3892,מכבי יהוד מונוסון,1012,יהוד ק.סביונים,דרך משה דיין 5 יהוד מונוסון,יהוד,מרכז,32.035438,34.881537,דרך משה דיין  יהוד מונוסון,street
3893,מכבי יהוד מונוסון,1012,יהוד ק.סביונים,דרך משה דיין 5 יהוד מונוסון,יהוד,מרכז,32.035438,34.881537,דרך משה דיין  יהוד מונוסון,street
3895,מ.ס. צעירי כפר מנדא,152,כפר מנדא חדש,כפר מנדא,כפר מנדא,צפון,32.8114088,35.259756,כפר מנדא,street
3896,מ.ס. צעירי כפר מנדא,152,כפר מנדא חדש,כפר מנדא,כפר מנדא,צפון,32.8114088,35.259756,כפר מנדא,street
3901,הפועל חורפיש,290,פקיעין,פקיעין,פקיעין,צפון,32.97803,35.33362,פקיעין,locality
3908,הפועל טובא,243,טובא,טובא טובא זנגריה,טובא זנגריה,צפון,32.9661525,35.5927747,טובא טובא זנגריה,street
3911,"בית""ר עירוני קרית גת דודו ""צו פיוס""",1190,קרית גת סינטטי אגוז,שדרות צה''ל 5 קרית גת,קרית גת,דרום,31.6089037,34.7596434,שדרות צה''ל 5 קרית גת,street
3912,"בית""ר עירוני קרית גת דודו",1190,קרית גת סינטטי אגוז,שדרות צה''ל 5 קרית גת,קרית גת,דרום,31.6089037,34.7596434,שדרות צה''ל 5 קרית גת,street
3913,"בית""ר עירוני קרית גת דודו",1190,קרית גת סינטטי אגוז,שדרות צה''ל 5 קרית גת,קרית גת,דרום,31.6089037,34.7596434,שדרות צה''ל 5 קרית גת,street
3917,מכבי גבעת שמואל,124,בית דגן,רמז בית דגן,בית דגן,מרכז,32.0047148,34.8345838,רמז בית דגן,street
3918,מכבי גבעת שמואל,124,בית דגן,רמז בית דגן,בית דגן,מרכז,32.0047148,34.8345838,רמז בית דגן,street
3919,מכבי גבעת שמואל דרום,124,בית דגן,רמז בית דגן,בית דגן,מרכז,32.0047148,34.8345838,רמז בית דגן,street
3927,בני דבוריה,293,דבוריה,דבוריה,דבוריה,צפון,32.6927785,35.3716044,דבוריה,street
3928,בני דבוריה,293,דבוריה,דבוריה,דבוריה,צפון,32.6927785,35.3716044,דבוריה,street
3929,בני דבוריה,293,דבוריה,דבוריה,דבוריה,צפון,32.6927785,35.3716044,דבוריה,street
3931,מ.ס. גבעת שמואל,417,תל אביב וולפסון 2,הלוחמים חולון,חולון,מרכז,32.0353386,34.7678567,הלוחמים חולון,street
3932,מ.ס. גבעת שמואל,613,רמת גן ספארי,שדרת הצבי 2 רמת גן,רמת גן,מרכז,32.0526749,34.8262636,שדרת הצבי 2 רמת גן,street
3933,מכבי צעירי ירכא,571,ירכא,ירכא,ירכא,צפון,32.9548871,35.2087895,ירכא,street
3934,מכבי צעירי ירכא,571,ירכא,ירכא,ירכא,צפון,32.9548871,35.2087895,ירכא,street
3935,מכבי צעירי ירכא,571,ירכא,ירכא,ירכא,צפון,32.9548871,35.2087895,ירכא,street
3948,"מ.ס. קרית חיים ""צו פיוס""",1238,קרית חיים בית נגלר מזרחי (אתוס לשעבר),אברהם דנינו 6 חיפה,חיפה,צפון,32.8181708,35.066066,אברהם דנינו 6 חיפה,street
3951,הפועל בני כסייפה,38,ירוחם,צבי בורנשטיין ירוחם,ירוחם,דרום,30.9885756,34.9222879,צבי בורנשטיין ירוחם,street
3952,מ.כ. צופי חיפה,400,חיפה אבי רן,צביה ויצחק חיפה,חיפה,צפון,32.7941142,34.9684183,צביה ויצחק חיפה,street
3954,מ.כ. צופי חיפה,1159,חיפה אגרטק (אתוס 1 לשעבר),קדושי יאסי 2 חיפה,חיפה,צפון,32.7916931,34.9644972,קדושי יאסי 2 חיפה,street
3955,מ.ס. הפועל שגב שלום,1257,באר שבע רייסר 4 סינטטי,שלושת המצפים 3 באר שבע,באר שבע,דרום,31.2329997,34.8099317,שלושת המצפים 3 באר שבע,street
3958,איחוד הפועל ביר אל מכסור,1251,שפרעם חדש סינטטי,תופיק זיאד שפרעם,שפרעם,צפון,32.8002989,35.1791767,תופיק זיאד שפרעם,street
3962,מ.כ. נהלל יזרעאל,250,נהלל,נהלל,נהלל,צפון,32.6900631,35.1968485,נהלל,street
3963,מ.כ. נהלל יזרעאל צפון,250,נהלל,נהלל,נהלל,צפון,32.6900631,35.1968485,נהלל,street
3964,מ.כ. נהלל יזרעאל צפון,250,נהלל,נהלל,נהלל,צפון,32.6900631,35.1968485,נהלל,street
3973,מ.כ. הפועל פסוטה,44,מעלות,בן גוריון 1 מעלות תרשיחא,מעלות תרשיחא,צפון,33.0136558,35.286681,בן גוריון 1 מעלות תרשיחא,street
3986,הפועל בני מזרעה,257,שיח-דנון,שייח' דנון,שייח' דנון,צפון,32.9943175,35.1479211,שייח' דנון,street
3987,הפועל בני מזרעה,257,שיח-דנון,שייח' דנון,שייח' דנון,צפון,32.9943175,35.1479211,שייח' דנון,street
3999,מ.ס. כאבול,84,כאבול,כאבול,כאבול,צפון,32.8677008,35.2100551,כאבול,street
4000,מ.ס. כאבול,84,כאבול,כאבול,כאבול,צפון,32.8677008,35.2100551,כאבול,street
4001,"בני יהודה ת""א",346,תל אביב שכונת התקוה סינטטי 2,כביר 20 תל אביב יפו,יפו,מרכז,32.049887,34.788742,כביר 20 תל אביב יפו,street
4003,א.ס. רמת אליהו גנט דעבול,184,ראשון לציון רמת אליהו,אבא הלל סילבר ראשון לציון,ראשון לציון,מרכז,31.9846639,34.7850306,אבא הלל סילבר ראשון לציון,street
4004,"גדנע ת""א רוני",1302,תל אביב גדנע ת״א חדש,חנה מרון 1 תל אביב יפו,יפו,מרכז,32.048384,34.774499,חנה מרון 1 תל אביב יפו,street
4006,מ.כ. נוה יוסף,1159,חיפה אגרטק (אתוס 1 לשעבר),קדושי יאסי 2 חיפה,חיפה,צפון,32.7916931,34.9644972,קדושי יאסי 2 חיפה,street
4007,"גדנע ת""א מנשה",1302,תל אביב גדנע ת״א חדש,חנה מרון 1 תל אביב יפו,יפו,מרכז,32.048384,34.774499,חנה מרון 1 תל אביב יפו,street
4010,מ.כ. נוה יוסף,1159,חיפה אגרטק (אתוס 1 לשעבר),קדושי יאסי 2 חיפה,חיפה,צפון,32.7916931,34.9644972,קדושי יאסי 2 חיפה,street
4017,מ.ס פרדס חנה כרכור,1146,פרדס חנה אימונים,דרך הים 5 פרדס חנה כרכור,פרדס חנה כרכור,שרון,32.4805699,34.9697493,דרך הים 5 פרדס חנה כרכור,street
4018,א.ס. רמת אליהו,184,ראשון לציון רמת אליהו,אבא הלל סילבר ראשון לציון,ראשון לציון,מרכז,31.9846639,34.7850306,אבא הלל סילבר ראשון לציון,street
4020,בני סכנין,981,סכנין אימונים,אלריאדה סח'נין,סח’נין,צפון,32.86506,35.29771,סחנין,locality
4022,מ.כ. נוה יוסף,400,חיפה אבי רן,צביה ויצחק חיפה,חיפה,צפון,32.7941142,34.9684183,צביה ויצחק חיפה,street
4023,"עוצמה מ.כ.""הרצל"" חולון",1316,חולון טוטו,משה דיין  חולון,חולון,מרכז,32.000768,34.770396,משה דיין  חולון,street
4024,"עוצמה מ.כ.""הרצל"" חולון 1",1316,חולון טוטו,משה דיין  חולון,חולון,מרכז,32.000768,34.770396,משה דיין  חולון,street
4025,"עוצמה מ.כ.""הרצל"" חולון",1316,חולון טוטו,משה דיין  חולון,חולון,מרכז,32.000768,34.770396,משה דיין  חולון,street
4028,"בית""ר תל אביב חולון ""צו פיוס""",245,בת ים אצטדיון טוטו,דרך מנחם בגין 7 בת ים,בת ים,מרכז,31.998446,34.743239,דרך מנחם בגין  בת ים,street
4030,עוצמה מ.כ. חולון,1316,חולון טוטו,משה דיין  חולון,חולון,מרכז,32.000768,34.770396,משה דיין  חולון,street
4031,"בית""ר תל אביב חולון 1 ""צו פיוס""",1316,חולון טוטו,משה דיין  חולון,חולון,מרכז,32.000768,34.770396,משה דיין  חולון,street
4033,"בית""ר משה ת""א חולון",1316,חולון טוטו,משה דיין  חולון,חולון,מרכז,32.000768,34.770396,משה דיין  חולון,street
4034,"בית""ר תל אביב חולון",1316,חולון טוטו,משה דיין  חולון,חולון,מרכז,32.000768,34.770396,משה דיין  חולון,street
4046,מ.כ. מכבי נהריה,1305,נהריה 2 סינטטי,שלום הגליל 8 נהריה,נהריה,צפון,33.0117577,35.1089668,שלום הגליל 8 נהריה,street
4051,א.ס. רמת אליהו-רפי,184,ראשון לציון רמת אליהו,אבא הלל סילבר ראשון לציון,ראשון לציון,מרכז,31.9846639,34.7850306,אבא הלל סילבר ראשון לציון,street
4053,א.ס. רמת אליהו מאור כהן,184,ראשון לציון רמת אליהו,אבא הלל סילבר ראשון לציון,ראשון לציון,מרכז,31.9846639,34.7850306,אבא הלל סילבר ראשון לציון,street
4054,א.ס. רמת אליהו,184,ראשון לציון רמת אליהו,אבא הלל סילבר ראשון לציון,ראשון לציון,מרכז,31.9846639,34.7850306,אבא הלל סילבר ראשון לציון,street
4063,א.ס. רמת אליהו מרקו,184,ראשון לציון רמת אליהו,אבא הלל סילבר ראשון לציון,ראשון לציון,מרכז,31.9846639,34.7850306,אבא הלל סילבר ראשון לציון,street
4072,עוצמה מ.כ. חולון,1316,חולון טוטו,משה דיין  חולון,חולון,מרכז,32.000768,34.770396,משה דיין  חולון,street
4076,בני בית ג'אן,81,נחף,נחף,נחף,צפון,32.9345686,35.31763,נחף,street
4077,מ.ס. כפר קאסם,61,כפר קאסם עליון סינטטי,א תוובה 2 כפר קאסם,כפר קאסם,מרכז,32.1147143,34.9755998,כפר קאסם,fallback
4087,מ.כ. נוה יוסף,1159,חיפה אגרטק (אתוס 1 לשעבר),קדושי יאסי 2 חיפה,חיפה,צפון,32.7916931,34.9644972,קדושי יאסי 2 חיפה,street
4094,"בית""ר עירוני קרית גת דודו 1",1190,קרית גת סינטטי אגוז,שדרות צה''ל 5 קרית גת,קרית גת,דרום,31.6089037,34.7596434,שדרות צה''ל 5 קרית גת,street
4099,"בני יהודה ת""א גרונדמן ""צו פיוס""",346,תל אביב שכונת התקוה סינטטי 2,כביר 20 תל אביב יפו,יפו,מרכז,32.049887,34.788742,כביר 20 תל אביב יפו,street
4100,מ.ס. כפר יאסיף,257,שיח-דנון,שייח' דנון,שייח' דנון,צפון,32.9943175,35.1479211,שייח' דנון,street
4101,מ.ס. כפר יאסיף,257,שיח-דנון,שייח' דנון,שייח' דנון,צפון,32.9943175,35.1479211,שייח' דנון,street
4102,מ.ס. כפר יאסיף,257,שיח-דנון,שייח' דנון,שייח' דנון,צפון,32.9943175,35.1479211,שייח' דנון,street
4106,מ.ס. כפר יאסיף,257,שיח-דנון,שייח' דנון,שייח' דנון,צפון,32.9943175,35.1479211,שייח' דנון,street
4113,מ.כ. אלנהדה נצרת,331,נצרת עילוט אימונים סינטטי,עילוט,עילוט,צפון,32.718281,35.2612603,עילוט,street
4117,בני סכנין,981,סכנין אימונים,אלריאדה סח'נין,סח’נין,צפון,32.86506,35.29771,סחנין,locality
4119,מ.כ. אלנהדה נצרת,331,נצרת עילוט אימונים סינטטי,עילוט,עילוט,צפון,32.718281,35.2612603,עילוט,street
4120,מ.כ. אלנהדה נצרת,331,נצרת עילוט אימונים סינטטי,עילוט,עילוט,צפון,32.718281,35.2612603,עילוט,street
4121,מ.כ. אלנהדה נצרת,331,נצרת עילוט אימונים סינטטי,עילוט,עילוט,צפון,32.718281,35.2612603,עילוט,street
4127,מ.כ. אלנהדה נצרת,331,נצרת עילוט אימונים סינטטי,עילוט,עילוט,צפון,32.718281,35.2612603,עילוט,street
4133,מכבי עספיא,57,עספיא,אל קלעה עספיא,עספיא,צפון,32.718494,35.076803,אל קלעה עספיא,street
4141,מ.ק. גולן קצרין,283,קצרין,זוויתן קצרין,קצרין,צפון,32.9910672,35.6828316,זוויתן קצרין,street
4142,מכבי עספיא,57,עספיא,אל קלעה עספיא,עספיא,צפון,32.718494,35.076803,אל קלעה עספיא,street
4146,מ.ק. גולן  קצרין,283,קצרין,זוויתן קצרין,קצרין,צפון,32.9910672,35.6828316,זוויתן קצרין,street
4150,מכבי עספיא,57,עספיא,אל קלעה עספיא,עספיא,צפון,32.718494,35.076803,אל קלעה עספיא,street
4151,מכבי עספיא,57,עספיא,אל קלעה עספיא,עספיא,צפון,32.718494,35.076803,אל קלעה עספיא,street
4161,"מ.ס. גבעת שמואל ""צו פיוס""",613,רמת גן ספארי,שדרת הצבי 2 רמת גן,רמת גן,מרכז,32.0526749,34.8262636,שדרת הצבי 2 רמת גן,street
4176,מ.כ. צופי חיפה,400,חיפה אבי רן,צביה ויצחק חיפה,חיפה,צפון,32.7941142,34.9684183,צביה ויצחק חיפה,street
4177,מ.כ. צופי חיפה,400,חיפה אבי רן,צביה ויצחק חיפה,חיפה,צפון,32.7941142,34.9684183,צביה ויצחק חיפה,street
4178,מ.כ. צופי חיפה,1269,קרית ים סינטטי,פנחס לבון 1 קרית ים,קרית ים,צפון,32.8553846,35.0765524,פנחס לבון 1 קרית ים,street
4179,איחוד הפועל ביר אל מכסור,55,יקנעם,הגנים יקנעם,יקנעם עילית,צפון,32.6480601,35.0943545,יקנעם,fallback
4180,איחוד הפועל ביר אל מכסור,55,יקנעם,הגנים יקנעם,יקנעם עילית,צפון,32.6480601,35.0943545,יקנעם,fallback
4182,מכבי צעירי משהד,219,משהד,משהד,משהד,צפון,32.7401998,35.3245126,משהד,street
4183,מכבי צעירי משהד,219,משהד,משהד,משהד,צפון,32.7401998,35.3245126,משהד,street
4185,מ.כ. נהלל יזרעאל,250,נהלל,נהלל,נהלל,צפון,32.6900631,35.1968485,נהלל,street
4186,מ.כ. נהלל יזרעאל,250,נהלל,נהלל,נהלל,צפון,32.6900631,35.1968485,נהלל,street
4187,מ.כ. נהלל יזרעאל,250,נהלל,נהלל,נהלל,צפון,32.6900631,35.1968485,נהלל,street
4202,מועדון צעירי רהט,368,רהט צעירי רהט,אלחזאן 1 רהט,רהט,דרום,31.3813987,34.7466013,אלחזאן 1 רהט,street
4204,מועדון צעירי רהט,368,רהט צעירי רהט,אלחזאן 1 רהט,רהט,דרום,31.3813987,34.7466013,אלחזאן 1 רהט,street
4205,מ. א. חוף אשקלון,1350,הודיה,הודיה,הודיה,דרום,31.673816,34.6377029,הודיה,street
4213,מ.כ. נוה יוסף,1160,חיפה אגרטק (אתוס 2 לשעבר),קדושי יאסי 2 חיפה,חיפה,צפון,32.7916931,34.9644972,קדושי יאסי 2 חיפה,street
4214,"בית""ר תל אביב חולון ""צו פיוס""",1316,חולון טוטו,משה דיין  חולון,חולון,מרכז,32.000768,34.770396,משה דיין  חולון,street
4215,שמשון בני טייבה,53,טייבה,טייבה,טייבה,שרון,32.2671249,35.0089029,טייבה,fallback
4227,הפ' אבירי בת ים,344,בת ים אימונים 1,דרך מנחם בגין 7 בת ים,בת ים,מרכז,31.998446,34.743239,דרך מנחם בגין  בת ים,street
4228,מ.ס פרדס חנה כרכור,1146,פרדס חנה אימונים,דרך הים 5 פרדס חנה כרכור,פרדס חנה כרכור,שרון,32.4805699,34.9697493,דרך הים 5 פרדס חנה כרכור,street
4229,מ.ס. אום אל פאחם,367,אום אל פחם,אום אל פחם,אום אל פחם,שרון,32.5158385,35.152491,אום אל פחם,fallback
4230,"מ.א. שער הנגב ""צו פיוס""",392,שער הנגב (מכללת ספיר),שקמה תעשיות שער הנגב,מ.א. שער הנגב,דרום,,,,unresolved
4231,מ.כ. נוה יוסף 2,1160,חיפה אגרטק (אתוס 2 לשעבר),קדושי יאסי 2 חיפה,חיפה,צפון,32.7916931,34.9644972,קדושי יאסי 2 חיפה,street
4232,מ.כ. נוה יוסף 2,602,חיפה אבי רן 2,צביה ויצחק חיפה,חיפה,צפון,32.7941142,34.9684183,צביה ויצחק חיפה,street
4233,הפ' אבירי בת ים,344,בת ים אימונים 1,דרך מנחם בגין 7 בת ים,בת ים,מרכז,31.998446,34.743239,דרך מנחם בגין  בת ים,street
4236,"בית""ר תל אביב חולון 2 ""צו פיוס""",1316,חולון טוטו,משה דיין  חולון,חולון,מרכז,32.000768,34.770396,משה דיין  חולון,street
4241,מ.א.ש.הנגב נטע אפשטיין,392,שער הנגב (מכללת ספיר),שקמה תעשיות שער הנגב,מ.א.ש.הנגב נטע אפשטיין,דרום,,,,unresolved
4243,"ע.בית שמש ""צו פיוס""",1266,בית שמש אצטדיון,שדרות יגאל אלון 1 בית שמש,בית שמש,מרכז,31.7545232,34.9934341,שדרות יגאל אלון 1 בית שמש,street
4255,בני סכנין,981,סכנין אימונים,אלריאדה סח'נין,סח’נין,צפון,32.86506,35.29771,סחנין,locality
4265,מ.כ. צופי חיפה,1109,(סגור)קרית ים,יגאל אלון 10 קרית ים,קרית ים,צפון,32.8445592,35.0778162,יגאל אלון 10 קרית ים,street
4288,מכבי בני ג'דידה מכר,79,ג'דידה,הזיתים  ג'דידה מכר,ג’דידה מכר,צפון,32.9282,35.15705,גדידה מכר,locality
4303,מ.כ. הפועל פסוטה,257,שיח-דנון,שייח' דנון,שייח' דנון,צפון,32.9943175,35.1479211,שייח' דנון,street
4311,"מכבי גן יבנה ""צו פיוס""",1326,גן יבנה אצטדיון,העמל 10 גן יבנה,גן יבנה,דרום,31.7749871,34.7012775,העמל 10 גן יבנה,street
4319,"גדנע ת""א רמי",1302,תל אביב גדנע ת״א חדש,חנה מרון 1 תל אביב יפו,יפו,מרכז,32.048384,34.774499,חנה מרון 1 תל אביב יפו,street
4327,"מכבי גן יבנה ""צו פיוס""",1326,גן יבנה אצטדיון,העמל 10 גן יבנה,גן יבנה,דרום,31.7749871,34.7012775,העמל 10 גן יבנה,street
4328,"מכבי גן יבנה ""צו פיוס""",1326,גן יבנה אצטדיון,העמל 10 גן יבנה,גן יבנה,דרום,31.7749871,34.7012775,העמל 10 גן יבנה,street
4329,"מכבי גן יבנה ""צו פיוס""",1326,גן יבנה אצטדיון,העמל 10 גן יבנה,גן יבנה,דרום,31.7749871,34.7012775,העמל 10 גן יבנה,street
4344,איחוד בני עכו,1167,עכו הפועל עכו חדש,שלום הגליל 1 עכו,עכו,צפון,32.9195753,35.0920147,שלום הגליל 1 עכו,street
4345,איחוד בני עכו,1167,עכו הפועל עכו חדש,שלום הגליל 1 עכו,עכו,צפון,32.9195753,35.0920147,שלום הגליל 1 עכו,street
4346,איחוד בני עכו,294,אבו סנאן,אבו סנאן,אבו סנאן,צפון,32.958648,35.1716603,אבו סנאן,fallback
4352,מ.כ. עירוני קלנסואה,341,כפר ג'ת המשולש,ד''ר ע. אלרחים ותד 2 ג'ת,ג’ת,שרון,32.39805,35.03804,גת,locality
4353,מ.כ. עירוני קלנסואה,341,כפר ג'ת המשולש,ד''ר ע. אלרחים ותד 2 ג'ת,ג’ת,שרון,32.39805,35.03804,גת,locality
4354,מ.כ. עירוני קלנסואה,341,כפר ג'ת המשולש,ד''ר ע. אלרחים ותד 2 ג'ת,ג’ת,שרון,32.39805,35.03804,גת,locality
4360,"עירוני אשקלון ""צו פיוס""",1145,"אשקלון סינטטי ע""ש איציק ""חיפה"" כהן",קיבוץ גלויות 1 אשקלון,אשקלון,דרום,31.6657521,34.5672225,קיבוץ גלויות 1 אשקלון,street
4361,"עירוני אשקלון ""צו פיוס""",1145,"אשקלון סינטטי ע""ש איציק ""חיפה"" כהן",קיבוץ גלויות 1 אשקלון,אשקלון,דרום,31.6657521,34.5672225,קיבוץ גלויות 1 אשקלון,street
4362,"עירוני אשקלון ""צו פיוס""",1145,"אשקלון סינטטי ע""ש איציק ""חיפה"" כהן",קיבוץ גלויות 1 אשקלון,אשקלון,דרום,31.6657521,34.5672225,קיבוץ גלויות 1 אשקלון,street
4363,עירוני אשקלון,1145,"אשקלון סינטטי ע""ש איציק ""חיפה"" כהן",קיבוץ גלויות 1 אשקלון,אשקלון,דרום,31.6657521,34.5672225,קיבוץ גלויות 1 אשקלון,street
4364,עירוני אשקלון,1145,"אשקלון סינטטי ע""ש איציק ""חיפה"" כהן",קיבוץ גלויות 1 אשקלון,אשקלון,דרום,31.6657521,34.5672225,קיבוץ גלויות 1 אשקלון,street
4366,אחווה כפר קרע,89,כפר קרע,כפר קרע,כפר קרע,שרון,32.5029914,35.0504995,כפר קרע,street
4367,אחווה כפר קרע,89,כפר קרע,כפר קרע,כפר קרע,שרון,32.5029914,35.0504995,כפר קרע,street
4369,אחווה כפר קרע,89,כפר קרע,כפר קרע,כפר קרע,שרון,32.5029914,35.0504995,כפר קרע,street
4375,הפועל אהלי שעב,162,שעב,אלביאדר 10 שעב,שעב,צפון,32.89014,35.23885,שעב,locality
4391,מ.ס. בני פורדיס,170,פרדיס,פוריידיס,פוריידיס,צפון,32.5988242,34.9542319,פוריידיס,fallback
4425,"בני יהודה ת'א ""צו פיוס""",346,תל אביב שכונת התקוה סינטטי 2,כביר 20 תל אביב יפו,יפו,מרכז,32.049887,34.788742,כביר 20 תל אביב יפו,street
4430,מכבי גן יבנה,1326,גן יבנה אצטדיון,העמל 10 גן יבנה,גן יבנה,דרום,31.7749871,34.7012775,העמל 10 גן יבנה,street
4431,"מכבי גן יבנה ""צו פיוס""",1326,גן יבנה אצטדיון,העמל 10 גן יבנה,גן יבנה,דרום,31.7749871,34.7012775,העמל 10 גן יבנה,street
4445,מ.כ. עירוני קלנסואה,341,כפר ג'ת המשולש,ד''ר ע. אלרחים ותד 2 ג'ת,ג’ת,שרון,32.39805,35.03804,גת,locality
4446,מ.כ. עירוני קלנסואה,341,כפר ג'ת המשולש,ד''ר ע. אלרחים ותד 2 ג'ת,ג’ת,שרון,32.39805,35.03804,גת,locality
4448,"עירוני אשקלון ""צו פיוס""",1145,"אשקלון סינטטי ע""ש איציק ""חיפה"" כהן",קיבוץ גלויות 1 אשקלון,אשקלון,דרום,31.6657521,34.5672225,קיבוץ גלויות 1 אשקלון,street
4452,אחווה כפר קרע,89,כפר קרע,כפר קרע,כפר קרע,שרון,32.5029914,35.0504995,כפר קרע,street
4453,אחווה כפר קרע,89,כפר קרע,כפר קרע,כפר קרע,שרון,32.5029914,35.0504995,כפר קרע,street
4485,"מ.כ. ירושלים ""צו פיוס""",1208,ירושלים הר חומה סינטטי,הרב ישעיהו דולגין 7 ירושלים,ירושלים,מרכז,31.7199984,35.2272089,הרב ישעיהו דולגין 7 ירושלים,street
4486,"מ.כ. ירושלים ""צו פיוס""",1208,ירושלים הר חומה סינטטי,הרב ישעיהו דולגין 7 ירושלים,ירושלים,מרכז,31.7199984,35.2272089,הרב ישעיהו דולגין 7 ירושלים,street
4499,מכבי באר יעקב עמית,68,באר יעקב,שוהם 1 באר יעקב,באר יעקב,מרכז,31.9341905,34.8257844,שוהם 1 באר יעקב,street
4500,מכבי באר יעקב עמית,68,באר יעקב,שוהם 1 באר יעקב,באר יעקב,מרכז,31.9341905,34.8257844,שוהם 1 באר יעקב,street
4501,"מכבי באר יעקב עמית ""צו פיוס""",68,באר יעקב,שוהם 1 באר יעקב,באר יעקב,מרכז,31.9341905,34.8257844,שוהם 1 באר יעקב,street
4502,מכבי באר יעקב עמית 1,68,באר יעקב,שוהם 1 באר יעקב,באר יעקב,מרכז,31.9341905,34.8257844,שוהם 1 באר יעקב,street
4505,מ.כ. הפועל ירכא,571,ירכא,ירכא,ירכא,צפון,32.9548871,35.2087895,ירכא,street
4509,מ.ס. קרית חיים,1238,קרית חיים בית נגלר מזרחי (אתוס לשעבר),אברהם דנינו 6 חיפה,חיפה,צפון,32.8181708,35.066066,אברהם דנינו 6 חיפה,street
4510,מ.ס. קרית חיים,1238,קרית חיים בית נגלר מזרחי (אתוס לשעבר),אברהם דנינו 6 חיפה,חיפה,צפון,32.8181708,35.066066,אברהם דנינו 6 חיפה,street
4518,מכבי איתחאד מועאוויה,1018,מועאויה,אלקודס 2 בסמ''ה,בסמה,שרון,32.52904,35.10059,בסמה,locality
4519,מכבי איתחאד מועאוויה,1018,מועאויה,אלקודס 2 בסמ''ה,בסמה,שרון,32.52904,35.10059,בסמה,locality
4524,אתלטיקו שפרעם,1251,שפרעם חדש סינטטי,תופיק זיאד שפרעם,שפרעם,צפון,32.8002989,35.1791767,תופיק זיאד שפרעם,street
4526,מ.כ. מועצה אזורית יואב,583,כנות,כנות,כנות,דרום,31.8026404,34.752375,כנות,street
4566,"בית""ר מבשרת ציון",120,מבשרת ציון,מבוא טללים 1 מבשרת ציון,מבשרת ציון,מרכז,31.8009752,35.1444388,מבוא טללים 1 מבשרת ציון,street
4573,"בית""ר מבשרת ציון",120,מבשרת ציון,מבוא טללים 1 מבשרת ציון,מבשרת ציון,מרכז,31.8009752,35.1444388,מבוא טללים 1 מבשרת ציון,street
4578,מכבי חיפה - פיתוח,271,חיפה קצף תחתון,צביה ויצחק חיפה,חיפה,צפון,32.7941142,34.9684183,צביה ויצחק חיפה,street
4579,מכבי נתניה - פיתוח,1078,נתניה שפירא,צבי מויססקו 12 נתניה,נתניה,שרון,32.2922515,34.8587201,צבי מויססקו 12 נתניה,street
4591,מועדון השלום מג'דל שמס,1135,מג'דל שמס,מג'דל שמס,מגדל,צפון,32.83931,35.50206,מגדל,locality
4646,מכבי יהוד מונוסון 2,1012,יהוד ק.סביונים,דרך משה דיין 5 יהוד מונוסון,יהוד,מרכז,32.035438,34.881537,דרך משה דיין  יהוד מונוסון,street
4649,מועדון השלום מג'דל שמס,1135,מג'דל שמס,מג'דל שמס,מגדל,צפון,32.83931,35.50206,מגדל,locality
4654,מ.כ. קרית חיים,1239,קרית חיים בית נגלר מערבי (אתוס לשעבר),אברהם דנינו 6 חיפה,חיפה,צפון,32.8181708,35.066066,אברהם דנינו 6 חיפה,street
4659,"גדנע ת""א הארבעה",1302,תל אביב גדנע ת״א חדש,חנה מרון 1 תל אביב יפו,יפו,מרכז,32.048384,34.774499,חנה מרון 1 תל אביב יפו,street
4666,בני יהודה ת'א,346,תל אביב שכונת התקוה סינטטי 2,כביר 20 תל אביב יפו,יפו,מרכז,32.049887,34.788742,כביר 20 תל אביב יפו,street
4671,"בני יהודה ת""א",346,תל אביב שכונת התקוה סינטטי 2,כביר 20 תל אביב יפו,יפו,מרכז,32.049887,34.788742,כביר 20 תל אביב יפו,street
4678,"גדנע ת""א ניסים",1302,תל אביב גדנע ת״א חדש,חנה מרון 1 תל אביב יפו,יפו,מרכז,32.048384,34.774499,חנה מרון 1 תל אביב יפו,street
4679,הפ' עמק המעיינות ארז,569,קיבוץ מסילות,מסילות,מסילות,צפון,32.495833,35.4750001,מסילות,street
4680,הפ' עמק המעיינות ארז,569,קיבוץ מסילות,מסילות,מסילות,צפון,32.495833,35.4750001,מסילות,street
4681,הפ' עמק המעיינות ארז,569,קיבוץ מסילות,מסילות,מסילות,צפון,32.495833,35.4750001,מסילות,street
4682,בני יהודה ת'א,346,תל אביב שכונת התקוה סינטטי 2,כביר 20 תל אביב יפו,יפו,מרכז,32.049887,34.788742,כביר 20 תל אביב יפו,street
4685,מכבי אחווה ירכא,571,ירכא,ירכא,ירכא,צפון,32.9548871,35.2087895,ירכא,street
4688,"גדנע ת""א עודד",1302,תל אביב גדנע ת״א חדש,חנה מרון 1 תל אביב יפו,יפו,מרכז,32.048384,34.774499,חנה מרון 1 תל אביב יפו,street
4689,מכבי אחווה ירכא,571,ירכא,ירכא,ירכא,צפון,32.9548871,35.2087895,ירכא,street
4692,"בני יהודה ת""א בראל חדריה שמואל",1273,תל אביב ספורטק דרום 1,שתולים 82 תל אביב יפו,יפו,מרכז,32.0458964,34.7949441,שתולים 82 תל אביב יפו,street
4693,מכבי אחווה ירכא,571,ירכא,ירכא,ירכא,צפון,32.9548871,35.2087895,ירכא,street
4694,מכבי אחווה ירכא,571,ירכא,ירכא,ירכא,צפון,32.9548871,35.2087895,ירכא,street
4695,"גדנע ת""א יהודה",1302,תל אביב גדנע ת״א חדש,חנה מרון 1 תל אביב יפו,יפו,מרכז,32.048384,34.774499,חנה מרון 1 תל אביב יפו,street
4697,מכבי אחווה ירכא,571,ירכא,ירכא,ירכא,צפון,32.9548871,35.2087895,ירכא,street
4698,בני יהודה ת'א,1274,תל אביב ספורטק דרום 2 סינטטי,שתולים 82 תל אביב יפו,יפו,מרכז,32.0458964,34.7949441,שתולים 82 תל אביב יפו,street
4699,מכבי אחווה ירכא,571,ירכא,ירכא,ירכא,צפון,32.9548871,35.2087895,ירכא,street
4700,"גדנע ת""א יעקב",1302,תל אביב גדנע ת״א חדש,חנה מרון 1 תל אביב יפו,יפו,מרכז,32.048384,34.774499,חנה מרון 1 תל אביב יפו,street
4718,מ.כ. ג'וליס,204,ג׳וליס,אלריאד'ה ג'וליס,ג'וליס,צפון,32.9430618,35.1869431,ג'וליס,fallback
4726,א.ס. רמת אליהו מרקו,184,ראשון לציון רמת אליהו,אבא הלל סילבר ראשון לציון,ראשון לציון,מרכז,31.9846639,34.7850306,אבא הלל סילבר ראשון לציון,street
4727,"עירוני בית שמש ""צו פיוס""",1266,בית שמש אצטדיון,שדרות יגאל אלון 1 בית שמש,בית שמש,מרכז,31.7545232,34.9934341,שדרות יגאל אלון 1 בית שמש,street
4735,הפועל ריינה,1291,ריינה סינטטי,ריינה,ריינה,צפון,32.723612,35.312492,ריינה,street
4753,מ.כ. נוה יוסף,1159,חיפה אגרטק (אתוס 1 לשעבר),קדושי יאסי 2 חיפה,חיפה,צפון,32.7916931,34.9644972,קדושי יאסי 2 חיפה,street
4758,מ.כ. כרמל חיפה 2,1159,חיפה אגרטק (אתוס 1 לשעבר),קדושי יאסי 2 חיפה,חיפה,צפון,32.7916931,34.9644972,קדושי יאסי 2 חיפה,street
4764,"בית""ר נהריה 2",1306,נהריה 3 סינטטי,שלום הגליל 8 נהריה,נהריה,צפון,33.0117577,35.1089668,שלום הגליל 8 נהריה,street
4765,מ.ס. כפר כמא,141,כפר כמא,כפר כמא,כפר כמא,צפון,32.721053,35.4407705,כפר כמא,street
4771,מ.כ. דלית אל כרמל,58,דלית אל כרמל,אלרוחראח  דאלית אל כרמל,דלית אל כרמל,צפון,32.6869077,35.057284,אלרוחראח  דאלית אל כרמל,street
4772,מ.כ. דלית אל כרמל,58,דלית אל כרמל,אלרוחראח  דאלית אל כרמל,דלית אל כרמל,צפון,32.6869077,35.057284,אלרוחראח  דאלית אל כרמל,street
4776,מכבי עספיא,57,עספיא,אל קלעה עספיא,עספיא,צפון,32.718494,35.076803,אל קלעה עספיא,street
4778,מכבי פרדס כץ,620,רמלה ג'רסי,רמלה,רמלה,מרכז,31.9279988,34.8623473,רמלה,street
4789,מ.כ. ערד,211,ערד,נתיב דבורה ערד,ערד,דרום,31.25882,35.21282,ערד,locality
4791,"מ.כ. הפ' אשדוד 1 ""צו פיוס""",1203,אשדוד סינטטי 2 קטן,שדרות הנשיא וייצמן 21 אשדוד,אשדוד,דרום,31.808349,34.657739,שדרות הנשיא וייצמן  אשדוד,street
4792,מ.כ. הפ' אשדוד,1203,אשדוד סינטטי 2 קטן,שדרות הנשיא וייצמן 21 אשדוד,אשדוד,דרום,31.808349,34.657739,שדרות הנשיא וייצמן  אשדוד,street
4794,הפועל מיתר,1293,מיתר,דרך הדרור 1 מיתר,מיתר,דרום,31.333317,34.93644,דרך הדרור  מיתר,street
4795,מ.כ. ערד,211,ערד,נתיב דבורה ערד,ערד,דרום,31.25882,35.21282,ערד,locality
4796,הפ' בני דיר אל אסד,603,בענה,בענה,בענה,צפון,32.9280587,35.272169,בענה,street
4801,בני יהודה ת'א,346,תל אביב שכונת התקוה סינטטי 2,כביר 20 תל אביב יפו,יפו,מרכז,32.049887,34.788742,כביר 20 תל אביב יפו,street
4821,"בית""ר נהריה 2",1306,נהריה 3 סינטטי,שלום הגליל 8 נהריה,נהריה,צפון,33.0117577,35.1089668,שלום הגליל 8 נהריה,street
4825,מכבי כפר מנדא,152,כפר מנדא חדש,כפר מנדא,כפר מנדא,צפון,32.8114088,35.259756,כפר מנדא,street
4826,מכבי כפר מנדא,152,כפר מנדא חדש,כפר מנדא,כפר מנדא,צפון,32.8114088,35.259756,כפר מנדא,street
4827,מ.כ. כבביר,1159,חיפה אגרטק (אתוס 1 לשעבר),קדושי יאסי 2 חיפה,חיפה,צפון,32.7916931,34.9644972,קדושי יאסי 2 חיפה,street
4828,הפועל בני עראבה,596,סכנין אימונים סינטטי,אלריאדה סח'נין,סח’נין,צפון,32.86506,35.29771,סחנין,locality
4829,"מ.כ. קרית חיים ""שמשון ""צו פיוס""",1239,קרית חיים בית נגלר מערבי (אתוס לשעבר),אברהם דנינו 6 חיפה,חיפה,צפון,32.8181708,35.066066,אברהם דנינו 6 חיפה,street
4830,"מ.כ. מתנ""ס אופקים ""צו פיוס""",133,אופקים,דוד בוזגלו 2 אופקים,אופקים,דרום,31.3050605,34.6277205,דוד בוזגלו 2 אופקים,street
4835,מכבי כפר מנדא,152,כפר מנדא חדש,כפר מנדא,כפר מנדא,צפון,32.8114088,35.259756,כפר מנדא,street
4838,מ.ס. כפר קאסם,61,כפר קאסם עליון סינטטי,א תוובה 2 כפר קאסם,כפר קאסם,מרכז,32.1147143,34.9755998,כפר קאסם,fallback
4839,מ.ס. כפר קאסם,61,כפר קאסם עליון סינטטי,א תוובה 2 כפר קאסם,כפר קאסם,מרכז,32.1147143,34.9755998,כפר קאסם,fallback
4840,מ.ס. כפר קאסם,61,כפר קאסם עליון סינטטי,א תוובה 2 כפר קאסם,כפר קאסם,מרכז,32.1147143,34.9755998,כפר קאסם,fallback
4841,מ.ס. כפר קאסם,61,כפר קאסם עליון סינטטי,א תוובה 2 כפר קאסם,כפר קאסם,מרכז,32.1147143,34.9755998,כפר קאסם,fallback
4842,מ.ס. כפר קאסם,61,כפר קאסם עליון סינטטי,א תוובה 2 כפר קאסם,כפר קאסם,מרכז,32.1147143,34.9755998,כפר קאסם,fallback
4845,מכבי כפר מנדא,152,כפר מנדא חדש,כפר מנדא,כפר מנדא,צפון,32.8114088,35.259756,כפר מנדא,street
4846,הפועל כפר ברא,1104,כפר ברא,כפר ברא,כפר ברא,שרון,32.1312845,34.9707954,כפר ברא,street
4848,מכבי חיפה גולדשנפלד,1060,מעגן מיכאל,מעגן מיכאל,מעגן מיכאל,שרון,32.5553209,34.9166572,מעגן מיכאל,street
4850,מכבי חיפה ישעיהו,636,חיפה קצף סינטטי,צביה ויצחק חיפה,חיפה,צפון,32.7941142,34.9684183,צביה ויצחק חיפה,street
4851,מכבי הרצליה*ב,334,הרצליה רן 1,הרצליה,הרצליה,שרון,32.1656255,34.8469023,הרצליה,street
4858,"הפועל ק""ש",1198,קרית שמונה סינטטי חדש,תל חי 4 קרית שמונה,קרית שמונה,צפון,33.2235285,35.5757816,תל חי 4 קרית שמונה,street
4861,מכבי כפר מנדא,152,כפר מנדא חדש,כפר מנדא,כפר מנדא,צפון,32.8114088,35.259756,כפר מנדא,street
4862,מ.ס. אשדוד,1323,אשדוד סינטטי מזרחי תשעיות,שדרות הנשיא וייצמן 21 אשדוד,אשדוד,דרום,31.808349,34.657739,שדרות הנשיא וייצמן  אשדוד,street
4865,הפ' נוף הגליל,1318,נוף הגליל סינטטי חדש,יזרעאל 46 נוף הגליל,נוף הגליל,צפון,32.689583,35.3167752,יזרעאל 46 נוף הגליל,street
4869,"מכבי ע.ק. אתא ""צו פיוס""",326,קרית אתא,רופין קרית אתא,קרית אתא,צפון,32.8155268,35.1106668,רופין קרית אתא,street
4872,הפ' רמות מנשה מגידו,350,רמות מנשה,רמות מנשה,רמות מנשה,צפון,32.5978839,35.0576452,רמות מנשה,street
4873,הפועל עליה כפ״ס,1004,"כפר סבא עליה כ""ס",טהון כפר סבא,כפר סבא,שרון,32.187791,34.903422,טהון כפר סבא,street
4885,הפ' בני לוד רכבת,573,לוד אימונים 1,דרך הרמ''א  לוד,לוד,מרכז,31.933597,34.889205,דרך הרמ''א  לוד,street
4887,מכבי נתניה 2,1078,נתניה שפירא,צבי מויססקו 12 נתניה,נתניה,שרון,32.2922515,34.8587201,צבי מויססקו 12 נתניה,street
4888,מכבי נתניה 2,1078,נתניה שפירא,צבי מויססקו 12 נתניה,נתניה,שרון,32.2922515,34.8587201,צבי מויססקו 12 נתניה,street
4895,"הפועל ר""ג דרום",613,רמת גן ספארי,שדרת הצבי 2 רמת גן,רמת גן,מרכז,32.0526749,34.8262636,שדרת הצבי 2 רמת גן,street
4898,הפועל מגדל העמק,54,מגדל העמק,האיצטדיון 1 מגדל העמק,מגדל העמק,צפון,32.6701517,35.2381416,האיצטדיון 1 מגדל העמק,street
4899,"הפועל מגדל העמק ""צו פיוס""",54,מגדל העמק,האיצטדיון 1 מגדל העמק,מגדל העמק,צפון,32.6701517,35.2381416,האיצטדיון 1 מגדל העמק,street
4901,הפועל קרית אונו,28,קרית אונו ישן,קפלן 56 קרית אונו,קרית אונו,מרכז,32.0627851,34.851488,קפלן 56 קרית אונו,street
4905,"הפ' פרדסייה נועם ""צו פיוס""",105,פרדסיה,התהילה 24 פרדסיה,פרדסיה,שרון,32.3084939,34.9049422,התהילה 24 פרדסיה,street
4906,"מכבי יבנה ""צו פיוס""",349,יבנה דרך הנשיאים,הנשיאים 17 יבנה,יבנה,דרום,31.8716059,34.7513276,הנשיאים 17 יבנה,street
4907,הפועל ד.א.כרמל,58,דלית אל כרמל,אלרוחראח  דאלית אל כרמל,דלית אל כרמל,צפון,32.6869077,35.057284,אלרוחראח  דאלית אל כרמל,street
4909,הפועל ד.א.כרמל,58,דלית אל כרמל,אלרוחראח  דאלית אל כרמל,דלית אל כרמל,צפון,32.6869077,35.057284,אלרוחראח  דאלית אל כרמל,street
4910,הפועל ד.א. כרמל,58,דלית אל כרמל,אלרוחראח  דאלית אל כרמל,דלית אל כרמל,צפון,32.6869077,35.057284,אלרוחראח  דאלית אל כרמל,street
4912,מ.ס. קדימה צורן,464,קדימה,הניצן 5 קדימה צורן,קדימה צורן,שרון,32.2712141,34.9197397,הניצן 5 קדימה צורן,street
4915,"מכבי חיפה שמעון ""צו פיוס""",1060,מעגן מיכאל,מעגן מיכאל,מעגן מיכאל,שרון,32.5553209,34.9166572,מעגן מיכאל,street
4916,מכבי כפר מנדא,152,כפר מנדא חדש,כפר מנדא,כפר מנדא,צפון,32.8114088,35.259756,כפר מנדא,street
4919,"מ.ס.פרדס חנה כרכור ""צו פיוס""",91,פרדס חנה,דרך הים פרדס חנה כרכור,פרדס חנה כרכור,שרון,32.4805699,34.9697493,דרך הים פרדס חנה כרכור,street
4920,מ.ס. פרדס חנה כרכור,1146,פרדס חנה אימונים,דרך הים 5 פרדס חנה כרכור,פרדס חנה כרכור,שרון,32.4805699,34.9697493,דרך הים 5 פרדס חנה כרכור,street
4921,מ.ס.פ.חנה כרכור,1146,פרדס חנה אימונים,דרך הים 5 פרדס חנה כרכור,פרדס חנה כרכור,שרון,32.4805699,34.9697493,דרך הים 5 פרדס חנה כרכור,street
4923,"מכבי עמק חפר ""צו פיוס""",1020,בת חפר יישוב,בת חפר,בת חפר,שרון,32.3345015,35.012351,בת חפר,street
4937,מועדון צעירי רהט,368,רהט צעירי רהט,אלחזאן 1 רהט,רהט,דרום,31.3813987,34.7466013,אלחזאן 1 רהט,street
4943,הפועל מרחבים,67,מרחבים,מסלול,מסלול,דרום,31.3253422,34.5885811,מסלול,street
4944,"מכבי ע. נתיבות ""צו פיוס""",1280,נתיבות חדש סינטטי,בדולח 1 נתיבות,נתיבות,דרום,31.4196436,34.5710321,בדולח 1 נתיבות,street
4945,"מכבי עמישב פ""ת ""שי ארוס"" ""צו פיוס""",595,פתח תקוה סירקין ספורטק אצטדיון,הרב עובדיה יוסף 3 פתח תקווה,פתח תקווה,מרכז,32.0813004,34.9065744,הרב עובדיה יוסף 3 פתח תקווה,street
4947,הפועל עוספיא,57,עספיא,אל קלעה עספיא,עספיא,צפון,32.718494,35.076803,אל קלעה עספיא,street
4948,הפועל עוספיא,57,עספיא,אל קלעה עספיא,עספיא,צפון,32.718494,35.076803,אל קלעה עספיא,street
4956,"בית""ר תל אביב חולון",1316,חולון טוטו,משה דיין  חולון,חולון,מרכז,32.000768,34.770396,משה דיין  חולון,street
4957,מכבי ע. ג'ת אלאהלי,341,כפר ג'ת המשולש,ד''ר ע. אלרחים ותד 2 ג'ת,ג’ת,שרון,32.39805,35.03804,גת,locality
4958,מכבי עירוני ג'ת אלאהלי,341,כפר ג'ת המשולש,ד''ר ע. אלרחים ותד 2 ג'ת,ג’ת,שרון,32.39805,35.03804,גת,locality
4959,הפ' יוקנעם ארז,55,יקנעם,הגנים יקנעם,יקנעם עילית,צפון,32.6480601,35.0943545,יקנעם,fallback
4960,הפ' יוקנעם ארז,55,יקנעם,הגנים יקנעם,יקנעם עילית,צפון,32.6480601,35.0943545,יקנעם,fallback
4964,"הפועל אשכול ""צו פיוס""",132,נופי הבשור מועצה אזורית אשכול,מגן,מגן,דרום,31.2990681,34.4289248,מגן,street
4966,מ.ס. ג'דידה מכר,79,ג'דידה,הזיתים  ג'דידה מכר,ג’דידה מכר,צפון,32.9282,35.15705,גדידה מכר,locality
4967,הפ' עירוני ערערה,1075,ברטעה,בסמ''ה,בסמה,שרון,32.5323092,35.1048328,בסמ''ה,street
4968,"בית""ר כ""ס שלומי",439,כפר סבא קפלן,שולמית 1 כפר סבא,כפר סבא,שרון,32.175,34.90694,כפר סבא,locality
4969,"בית""ר כפר סבא/שלומי",439,כפר סבא קפלן,שולמית 1 כפר סבא,כפר סבא,שרון,32.175,34.90694,כפר סבא,locality
4970,"בית""ר כ""ס שלומי ""צו פיוס""",439,כפר סבא קפלן,שולמית 1 כפר סבא,כפר סבא,שרון,32.175,34.90694,כפר סבא,locality
4971,"בית""ר כ""ס שלומי ""צו פיוס""",439,כפר סבא קפלן,שולמית 1 כפר סבא,כפר סבא,שרון,32.175,34.90694,כפר סבא,locality
4974,הפ' איחוד בני סמיע,165,כפר סמיע,כיסרא סומיע,כפר סמיע,צפון,32.9802989,35.3072033,כיסרא סומיע,street
4975,הפ' איחוד בני סמיע,165,כפר סמיע,כיסרא סומיע,כפר סמיע,צפון,32.9802989,35.3072033,כיסרא סומיע,street
4981,הפועל כאוכב,80,כאוכב,אלמדרסה כאוכב אבו אל היגא,כאוכב אבו אל היגא,צפון,32.8309185,35.2494826,כאוכב אבו אל היגא,fallback
4984,הפ' גבעת אולגה 1,50,חדרה בית אליעזר,כ''ט בנובמבר חדרה,חדרה,שרון,32.4285836,34.9514667,כ''ט בנובמבר חדרה,street
4986,"הפ' נחלת יהודה ראשל""צ",397,ראשון לציון תיכון עמית,שדרות בן גוריון ראשון לציון,ראשון לציון,מרכז,31.971376,34.791045,שדרות בן גוריון ראשון לציון,street
4992,מכבי א.א.פאחם,367,אום אל פחם,אום אל פחם,אום אל פחם,שרון,32.5158385,35.152491,אום אל פחם,fallback
4993,א.ס.רמת אליהו,184,ראשון לציון רמת אליהו,אבא הלל סילבר ראשון לציון,ראשון לציון,מרכז,31.9846639,34.7850306,אבא הלל סילבר ראשון לציון,street
4994,"בית""ר ע. קרית גת דודו ""צו פיוס""",1190,קרית גת סינטטי אגוז,שדרות צה''ל 5 קרית גת,קרית גת,דרום,31.6089037,34.7596434,שדרות צה''ל 5 קרית גת,street
4995,"מכבי עירוני כפר יונה ""צו פיוס""",161,כפר יונה,הגליל כפר יונה,כפר יונה,שרון,32.3114467,34.9328481,הגליל כפר יונה,street
4996,מכבי ע. כפר יונה עוזי,161,כפר יונה,הגליל כפר יונה,כפר יונה,שרון,32.3114467,34.9328481,הגליל כפר יונה,street
4997,מכבי ע. כפר יונה,161,כפר יונה,הגליל כפר יונה,כפר יונה,שרון,32.3114467,34.9328481,הגליל כפר יונה,street
4998,"מ. עמישב פ""ת ברק הלפרן צו פיוס ""צו פיוס""",595,פתח תקוה סירקין ספורטק אצטדיון,הרב עובדיה יוסף 3 פתח תקווה,פתח תקווה,מרכז,32.0813004,34.9065744,הרב עובדיה יוסף 3 פתח תקווה,street
5000,הפועל ע.ס מבשרת ציון,120,מבשרת ציון,מבוא טללים 1 מבשרת ציון,מבשרת ציון,מרכז,31.8009752,35.1444388,מבוא טללים 1 מבשרת ציון,street
5001,"הפ' בית אליעזר ""צו פיוס""",50,חדרה בית אליעזר,כ''ט בנובמבר חדרה,חדרה,שרון,32.4285836,34.9514667,כ''ט בנובמבר חדרה,street
5002,הפועל מ.א.משגב,513,משגב,רקפת,רקפת,צפון,32.8547224,35.2642924,רקפת,street
5012,הפועל מטה אשר,1103,עין המפרץ נעמן,עין המפרץ,עין המפרץ,צפון,32.9036151,35.0961117,עין המפרץ,street
5014,"מ.ס. דימונה צחי ""צו פיוס""",1294,דימונה סינטטי חדש,התפוצות 1 דימונה,דימונה,דרום,31.076393,35.0253093,התפוצות 1 דימונה,street
5015,"מ.ס.דימונה ""צו פיוס""",1294,דימונה סינטטי חדש,התפוצות 1 דימונה,דימונה,דרום,31.076393,35.0253093,התפוצות 1 דימונה,street
5016,"מ.ס דימונה ""צו פיוס""",1294,דימונה סינטטי חדש,התפוצות 1 דימונה,דימונה,דרום,31.076393,35.0253093,התפוצות 1 דימונה,street
5017,"מ.ס.דימונה נועם אבו ""צו פיוס""",1294,דימונה סינטטי חדש,התפוצות 1 דימונה,דימונה,דרום,31.076393,35.0253093,התפוצות 1 דימונה,street
5018,"מ.ס.דימונה ברק ""צו פיוס""",1294,דימונה סינטטי חדש,התפוצות 1 דימונה,דימונה,דרום,31.076393,35.0253093,התפוצות 1 דימונה,street
5020,מ.ק.גולן קצרין,283,קצרין,זוויתן קצרין,קצרין,צפון,32.9910672,35.6828316,זוויתן קצרין,street
5021,מ.ס. ג'דידה מכר,79,ג'דידה,הזיתים  ג'דידה מכר,ג’דידה מכר,צפון,32.9282,35.15705,גדידה מכר,locality
5029,הפועל עליה כפ״ס,1004,"כפר סבא עליה כ""ס",טהון כפר סבא,כפר סבא,שרון,32.187791,34.903422,טהון כפר סבא,street
5037,הפועל פרדסייה,105,פרדסיה,התהילה 24 פרדסיה,פרדסיה,שרון,32.3084939,34.9049422,התהילה 24 פרדסיה,street
5040,"הפועל חוף הכרמל / מ""מ",258,קיבוץ החותרים,החותרים,החותרים,צפון,32.7514976,34.9567795,החותרים,street
5045,מ.ס. ג'דידה מכר,79,ג'דידה,הזיתים  ג'דידה מכר,ג’דידה מכר,צפון,32.9282,35.15705,גדידה מכר,locality
5046,מ.כ.בנימינה,606,בנימינה,דרך ניל''י 28 בנימינה גבעת עדה,גבעת עדה,שרון,32.521485,34.942256,דרך ניל''י  בנימינה גבעת עדה,street
5047,מ.כ.בנימינה,606,בנימינה,דרך ניל''י 28 בנימינה גבעת עדה,גבעת עדה,שרון,32.521485,34.942256,דרך ניל''י  בנימינה גבעת עדה,street
5048,מ.כ.בנימינה,606,בנימינה,דרך ניל''י 28 בנימינה גבעת עדה,גבעת עדה,שרון,32.521485,34.942256,דרך ניל''י  בנימינה גבעת עדה,street
5054,"עירוני בית שמש ""צו פיוס""",1266,בית שמש אצטדיון,שדרות יגאל אלון 1 בית שמש,בית שמש,מרכז,31.7545232,34.9934341,שדרות יגאל אלון 1 בית שמש,street
5058,"הפועל חוף הכרמל / מ""מ",1060,מעגן מיכאל,מעגן מיכאל,מעגן מיכאל,שרון,32.5553209,34.9166572,מעגן מיכאל,street
5060,"מכבי פ""ת",1307,פתח תקוה מושבה צפוני חדש,דרך שלמה שמלצר 12 פתח תקווה,פתח תקווה,מרכז,32.100294,34.850965,דרך שלמה שמלצר  פתח תקווה,street
5061,מכבי רחובות,1215,רחובות מכבי רחובות וייסגל סינטטי,שמעון דובנוב 47 רחובות,רחובות,מרכז,31.8872278,34.7941944,שמעון דובנוב 47 רחובות,street
5067,"בית""ר פרדס חנה",1146,פרדס חנה אימונים,דרך הים 5 פרדס חנה כרכור,פרדס חנה כרכור,שרון,32.4805699,34.9697493,דרך הים 5 פרדס חנה כרכור,street
5070,מכבי שעריים רחובות,1212,רחובות שעריים וייסגל סינטטי,שמעון דובנוב 47 רחובות,רחובות,מרכז,31.8872278,34.7941944,שמעון דובנוב 47 רחובות,street
5073,הפועל נהריה,575,קיבוץ סער,סער,סער,צפון,33.0293646,35.1093238,סער,street
5078,"הפ' ת""א בובליל",574,תל אביב וולפסון 4,הלוחמים חולון,חולון,מרכז,32.0353386,34.7678567,הלוחמים חולון,street
5086,מ.ס. ג'דידה מכר,79,ג'דידה,הזיתים  ג'דידה מכר,ג’דידה מכר,צפון,32.9282,35.15705,גדידה מכר,locality
5087,"מכבי פ""ת צפון",1307,פתח תקוה מושבה צפוני חדש,דרך שלמה שמלצר 12 פתח תקווה,פתח תקווה,מרכז,32.100294,34.850965,דרך שלמה שמלצר  פתח תקווה,street
5088,מ.ס. ג'דידה מכר,79,ג'דידה,הזיתים  ג'דידה מכר,ג’דידה מכר,צפון,32.9282,35.15705,גדידה מכר,locality
5090,מ.ס. כפר קאסם,61,כפר קאסם עליון סינטטי,א תוובה 2 כפר קאסם,כפר קאסם,מרכז,32.1147143,34.9755998,כפר קאסם,fallback
5091,הפועל אשכול,132,נופי הבשור מועצה אזורית אשכול,מגן,מגן,דרום,31.2990681,34.4289248,מגן,street
5092,מ.ס. קדימה צורן 2,464,קדימה,הניצן 5 קדימה צורן,קדימה צורן,שרון,32.2712141,34.9197397,הניצן 5 קדימה צורן,street
5093,מ.ס. קדימה צורן,464,קדימה,הניצן 5 קדימה צורן,קדימה צורן,שרון,32.2712141,34.9197397,הניצן 5 קדימה צורן,street
5096,"הפ' מרמורק רחובות חיים ""צו פיוס""",1215,רחובות מכבי רחובות וייסגל סינטטי,שמעון דובנוב 47 רחובות,רחובות,מרכז,31.8872278,34.7941944,שמעון דובנוב 47 רחובות,street
5097,"מכבי השקמה חן ""צו פיוס""",181,רמת גן השקמה,אחד העם 8 רמת גן,רמת גן,מרכז,32.08227,34.81065,רמת גן,locality
5101,"בית""ר חיפה",1159,חיפה אגרטק (אתוס 1 לשעבר),קדושי יאסי 2 חיפה,חיפה,צפון,32.7916931,34.9644972,קדושי יאסי 2 חיפה,street
5103,מכבי ע.ק. אתא,326,קרית אתא,רופין קרית אתא,קרית אתא,צפון,32.8155268,35.1106668,רופין קרית אתא,street
5104,מכבי סקציה מעלות תרשיחא,44,מעלות,בן גוריון 1 מעלות תרשיחא,מעלות תרשיחא,צפון,33.0136558,35.286681,בן גוריון 1 מעלות תרשיחא,street
5108,מכבי ע.ט.כרמל גל קובי,32,טירת כרמל,הרב משה מרדכי 7 טירת כרמל,טירת כרמל,צפון,32.76025,34.96874,טירת כרמל,locality
5110,"בני יהודה ת""א צפון ""צו פיוס""",346,תל אביב שכונת התקוה סינטטי 2,כביר 20 תל אביב יפו,יפו,מרכז,32.049887,34.788742,כביר 20 תל אביב יפו,street
5113,הפ' ניר רמת השרון צפון,1281,רמת השרון סינטטי קטן,דרך דודו דותן 2 רמת השרון,רמת השרון,שרון,32.14613,34.8394,רמת השרון,locality
5114,"ע.בית שמש ""צו פיוס""",1266,בית שמש אצטדיון,שדרות יגאל אלון 1 בית שמש,בית שמש,מרכז,31.7545232,34.9934341,שדרות יגאל אלון 1 בית שמש,street
5116,"בית""ר ע. מעלה אדומים",515,מעלה אדומים אצטדיון טוטו,נביעות 8 מעלה אדומים,מעלה אדומים,מרכז,31.7705643,35.2987457,מעלה אדומים,fallback
5117,"בית""ר ע.מעלה אדומים ""צו פיוס""",515,מעלה אדומים אצטדיון טוטו,נביעות 8 מעלה אדומים,מעלה אדומים,מרכז,31.7705643,35.2987457,מעלה אדומים,fallback
5118,"בית""ר ע.מעלה אדומים ""צו פיוס""",515,מעלה אדומים אצטדיון טוטו,נביעות 8 מעלה אדומים,מעלה אדומים,מרכז,31.7705643,35.2987457,מעלה אדומים,fallback
5119,"בית""ר ע.מעלה אדומים ""צו פיוס""",515,מעלה אדומים אצטדיון טוטו,נביעות 8 מעלה אדומים,מעלה אדומים,מרכז,31.7705643,35.2987457,מעלה אדומים,fallback
5120,"בית""ר ע.מעלה אדומים ""צו פיוס""",515,מעלה אדומים אצטדיון טוטו,נביעות 8 מעלה אדומים,מעלה אדומים,מרכז,31.7705643,35.2987457,מעלה אדומים,fallback
5121,"בית""ר ע.מעלה אדומים ""צו פיוס""",515,מעלה אדומים אצטדיון טוטו,נביעות 8 מעלה אדומים,מעלה אדומים,מרכז,31.7705643,35.2987457,מעלה אדומים,fallback
5123,"בית""ר י-ם 1",188,ירושלים בית וגן 2 עליון סינטטי,שמואל בייט 1 ירושלים,ירושלים,מרכז,31.7724105,35.1880092,שמואל בייט 1 ירושלים,street
5124,מ.כ. בנימינה,606,בנימינה,דרך ניל''י 28 בנימינה גבעת עדה,גבעת עדה,שרון,32.521485,34.942256,דרך ניל''י  בנימינה גבעת עדה,street
5126,"מ.ס. פרדס חנה כרכור ""צו פיוס""",91,פרדס חנה,דרך הים פרדס חנה כרכור,פרדס חנה כרכור,שרון,32.4805699,34.9697493,דרך הים פרדס חנה כרכור,street
5128,מכבי ע. כפר יונה רונן בן גיגי,161,כפר יונה,הגליל כפר יונה,כפר יונה,שרון,32.3114467,34.9328481,הגליל כפר יונה,street
5129,מכבי ע. כפר יונה,161,כפר יונה,הגליל כפר יונה,כפר יונה,שרון,32.3114467,34.9328481,הגליל כפר יונה,street
5130,מכבי ע. כפר יונה,161,כפר יונה,הגליל כפר יונה,כפר יונה,שרון,32.3114467,34.9328481,הגליל כפר יונה,street
5132,"הפועל חוף הכרמל / מ""מ",258,קיבוץ החותרים,החותרים,החותרים,צפון,32.7514976,34.9567795,החותרים,street
5136,"הכח מכבי עמידר ר""ג ""לופא"" קדוש ""צו פיוס""",181,רמת גן השקמה,אחד העם 8 רמת גן,רמת גן,מרכז,32.08227,34.81065,רמת גן,locality
5137,"הכח מכבי עמידר ר""ג מיכה",181,רמת גן השקמה,אחד העם 8 רמת גן,רמת גן,מרכז,32.08227,34.81065,רמת גן,locality
5139,"הכח מכבי עמידר ר""ג ""שגב שושן""",181,רמת גן השקמה,אחד העם 8 רמת גן,רמת גן,מרכז,32.08227,34.81065,רמת גן,locality
5140,"הכח מכבי עמידר ר""ג 1",181,רמת גן השקמה,אחד העם 8 רמת גן,רמת גן,מרכז,32.08227,34.81065,רמת גן,locality
5141,"הכח מכבי עמידר ר""ג",181,רמת גן השקמה,אחד העם 8 רמת גן,רמת גן,מרכז,32.08227,34.81065,רמת גן,locality
5142,"הכח מכבי עמידר ר""ג דרום",181,רמת גן השקמה,אחד העם 8 רמת גן,רמת גן,מרכז,32.08227,34.81065,רמת גן,locality
5144,"הכח מכבי עמידר ר""ג צפון",613,רמת גן ספארי,שדרת הצבי 2 רמת גן,רמת גן,מרכז,32.0526749,34.8262636,שדרת הצבי 2 רמת גן,street
5145,"הכח מכבי עמידר ר""ג צפון",613,רמת גן ספארי,שדרת הצבי 2 רמת גן,רמת גן,מרכז,32.0526749,34.8262636,שדרת הצבי 2 רמת גן,street
5146,"הכח מכבי עמידר ר""ג צפון",19,רמת גן רמת עמידר,הרב אריה לוין 17 רמת גן,רמת גן,מרכז,32.0704236,34.833892,הרב אריה לוין 17 רמת גן,street
5147,"הכח מכבי עמידר ר""ג צפון",16,רמת גן וינטר,דרך לוד 1 רמת גן,רמת גן,מרכז,32.08227,34.81065,רמת גן,locality
5148,"הכח מכבי עמידר ר""ג דרום",16,רמת גן וינטר,דרך לוד 1 רמת גן,רמת גן,מרכז,32.08227,34.81065,רמת גן,locality
5160,"הפ' נחלת יהודה ראשל""צ",397,ראשון לציון תיכון עמית,שדרות בן גוריון ראשון לציון,ראשון לציון,מרכז,31.971376,34.791045,שדרות בן גוריון ראשון לציון,street
5161,"מכבי יבנה ""צו פיוס""",349,יבנה דרך הנשיאים,הנשיאים 17 יבנה,יבנה,דרום,31.8716059,34.7513276,הנשיאים 17 יבנה,street
5166,מכבי השקמה חן,181,רמת גן השקמה,אחד העם 8 רמת גן,רמת גן,מרכז,32.08227,34.81065,רמת גן,locality
5167,"הפועל ת""א צפון",1351,תל אביב ספורטק צפון מגרש מערבי,שדרות רוקח 40 תל אביב יפו,יפו,מרכז,32.098446,34.787669,שדרות רוקח 40 תל אביב יפו,street
5170,הפ' נ.עילית ע.יזרעאל 1,33,נוף הגליל אצטדיון בראל,החצב 20 נוף הגליל,נוף הגליל,צפון,32.6913034,35.3147428,החצב 20 נוף הגליל,street
5172,הפ' נוף הגליל,1318,נוף הגליל סינטטי חדש,יזרעאל 46 נוף הגליל,נוף הגליל,צפון,32.689583,35.3167752,יזרעאל 46 נוף הגליל,street
5173,"הפועל ""יהודה"" אזור ""צו פיוס""",41,אזור,יצחק שדה אזור,אזור,מרכז,32.0243903,34.8096147,יצחק שדה אזור,street
5174,"הפועל ""יהודה"" אזור ""צו פיוס""",41,אזור,יצחק שדה אזור,אזור,מרכז,32.0243903,34.8096147,יצחק שדה אזור,street
5178,מ.ס. ג'וליס,204,ג׳וליס,אלריאד'ה ג'וליס,ג'וליס,צפון,32.9430618,35.1869431,ג'וליס,fallback
5179,מ.ס ג'וליס,204,ג׳וליס,אלריאד'ה ג'וליס,ג'וליס,צפון,32.9430618,35.1869431,ג'וליס,fallback
5180,מ.ס. ג'וליס,204,ג׳וליס,אלריאד'ה ג'וליס,ג'וליס,צפון,32.9430618,35.1869431,ג'וליס,fallback
5181,"בית""ר כפר סבא שלומי ""צו פיוס""",439,כפר סבא קפלן,שולמית 1 כפר סבא,כפר סבא,שרון,32.175,34.90694,כפר סבא,locality
5182,"בית""ר כפר סבא שלומי ""צו פיוס""",439,כפר סבא קפלן,שולמית 1 כפר סבא,כפר סבא,שרון,32.175,34.90694,כפר סבא,locality
5183,"בית""ר כפר סבא/שלומי",439,כפר סבא קפלן,שולמית 1 כפר סבא,כפר סבא,שרון,32.175,34.90694,כפר סבא,locality
5184,"בית""ר כ""ס שלומי",282,כפר סבא אימונים תחתון (סינטטי),התוכנה 9 כפר סבא,כפר סבא,שרון,32.177971,34.9258419,התוכנה 9 כפר סבא,street
5185,שמשון בני טייבה,53,טייבה,טייבה,טייבה,שרון,32.2671249,35.0089029,טייבה,fallback
5186,שמשון בני טייבה,53,טייבה,טייבה,טייבה,שרון,32.2671249,35.0089029,טייבה,fallback
5187,שמשון בני טייבה 2,53,טייבה,טייבה,טייבה,שרון,32.2671249,35.0089029,טייבה,fallback
5188,שמשון בני טייבה,53,טייבה,טייבה,טייבה,שרון,32.2671249,35.0089029,טייבה,fallback
5194,הפועל מגדל העמק,54,מגדל העמק,האיצטדיון 1 מגדל העמק,מגדל העמק,צפון,32.6701517,35.2381416,האיצטדיון 1 מגדל העמק,street
5195,מכבי עירוני חורה,562,רהט הפועל רהט,אלח'זאן 1 רהט,רהט,דרום,31.381991,34.775125,אלח'זאן  רהט,street
5197,"בית""ר י-ם צפון",187,ירושלים בית וגן 1 תחתון,שמואל בייט 1 ירושלים,ירושלים,מרכז,31.7724105,35.1880092,שמואל בייט 1 ירושלים,street
5198,הפועל אסי גלבוע,325,תענך גוש יעל/אסי גלבוע,יעל,יעל,צפון,31.71083,34.7444,יעל,locality
5199,הפועל אסי גלבוע,325,תענך גוש יעל/אסי גלבוע,יעל,יעל,צפון,31.71083,34.7444,יעל,locality
5200,הפועל עליה כפ״ס,1004,"כפר סבא עליה כ""ס",טהון כפר סבא,כפר סבא,שרון,32.187791,34.903422,טהון כפר סבא,street
5201,מכבי כנות,583,כנות,כנות,כנות,דרום,31.8026404,34.752375,כנות,street
5202,"הכח מכבי עמידר ר""ג דרום",19,רמת גן רמת עמידר,הרב אריה לוין 17 רמת גן,רמת גן,מרכז,32.0704236,34.833892,הרב אריה לוין 17 רמת גן,street
5205,"מכבי עמישב פ""ת ""צו פיוס""",595,פתח תקוה סירקין ספורטק אצטדיון,הרב עובדיה יוסף 3 פתח תקווה,פתח תקווה,מרכז,32.0813004,34.9065744,הרב עובדיה יוסף 3 פתח תקווה,street
5210,מכבי עירוני שדרות,66,שדרות,מבצע סיני 2 שדרות,שדרות,דרום,31.5278466,34.5965889,מבצע סיני 2 שדרות,street
5217,מ.כ.ע. אור יהודה,39,אור יהודה,חטיבת אלכסנדרוני 2 אור יהודה,אור יהודה,מרכז,32.0253798,34.865591,חטיבת אלכסנדרוני 2 אור יהודה,street
5218,מ.כ. ע. אור יהודה,39,אור יהודה,חטיבת אלכסנדרוני 2 אור יהודה,אור יהודה,מרכז,32.0253798,34.865591,חטיבת אלכסנדרוני 2 אור יהודה,street
5219,"מ.כ. אור יהודה ""צו פיוס""",39,אור יהודה,חטיבת אלכסנדרוני 2 אור יהודה,אור יהודה,מרכז,32.0253798,34.865591,חטיבת אלכסנדרוני 2 אור יהודה,street
5221,מכבי עירוני חורה,1144,רהט בני אל סאלם רהט,אלח'זאן 1 רהט,רהט,דרום,31.381991,34.775125,אלח'זאן  רהט,street
5222,"בית""ר י-ם 1",187,ירושלים בית וגן 1 תחתון,שמואל בייט 1 ירושלים,ירושלים,מרכז,31.7724105,35.1880092,שמואל בייט 1 ירושלים,street
5223,"בית""ר תל אביב חולון",344,בת ים אימונים 1,דרך מנחם בגין 7 בת ים,בת ים,מרכז,31.998446,34.743239,דרך מנחם בגין  בת ים,street
5228,"ס. נס ציונה ""שקד חבני""",1303,נס ציונה אימונים סינטטי חדש,הנבחרת 1 נס ציונה,נס ציונה,דרום,31.9147195,34.7733411,הנבחרת 1 נס ציונה,street
5229,ס. נס ציונה,1303,נס ציונה אימונים סינטטי חדש,הנבחרת 1 נס ציונה,נס ציונה,דרום,31.9147195,34.7733411,הנבחרת 1 נס ציונה,street
5230,ס. נס ציונה,1303,נס ציונה אימונים סינטטי חדש,הנבחרת 1 נס ציונה,נס ציונה,דרום,31.9147195,34.7733411,הנבחרת 1 נס ציונה,street
5231,ס. נס ציונה,1303,נס ציונה אימונים סינטטי חדש,הנבחרת 1 נס ציונה,נס ציונה,דרום,31.9147195,34.7733411,הנבחרת 1 נס ציונה,street
5232,ס. נס ציונה,1303,נס ציונה אימונים סינטטי חדש,הנבחרת 1 נס ציונה,נס ציונה,דרום,31.9147195,34.7733411,הנבחרת 1 נס ציונה,street
5233,ס. נס ציונה,1303,נס ציונה אימונים סינטטי חדש,הנבחרת 1 נס ציונה,נס ציונה,דרום,31.9147195,34.7733411,הנבחרת 1 נס ציונה,street
5234,ס. נס ציונה,1303,נס ציונה אימונים סינטטי חדש,הנבחרת 1 נס ציונה,נס ציונה,דרום,31.9147195,34.7733411,הנבחרת 1 נס ציונה,street
5235,ס. נס ציונה,1303,נס ציונה אימונים סינטטי חדש,הנבחרת 1 נס ציונה,נס ציונה,דרום,31.9147195,34.7733411,הנבחרת 1 נס ציונה,street
5237,מ.ס. ג'וליס,204,ג׳וליס,אלריאד'ה ג'וליס,ג'וליס,צפון,32.9430618,35.1869431,ג'וליס,fallback
5238,"מ.כ.מג'דל כרום""שאגור""",81,נחף,נחף,נחף,צפון,32.9345686,35.31763,נחף,street
5246,מ.ס. טירה,106,טירה,טירה,טירה,שרון,32.2346856,34.9544553,טירה,street
5247,מ.ס. טירה,106,טירה,טירה,טירה,שרון,32.2346856,34.9544553,טירה,street
5248,מ.ס. טירה,106,טירה,טירה,טירה,שרון,32.2346856,34.9544553,טירה,street
5249,מ.ס. טירה,106,טירה,טירה,טירה,שרון,32.2346856,34.9544553,טירה,street
5250,מ.ס. טירה,106,טירה,טירה,טירה,שרון,32.2346856,34.9544553,טירה,street
5251,מ.ס. טירה,106,טירה,טירה,טירה,שרון,32.2346856,34.9544553,טירה,street
5270,מכבי שוהם,608,שוהם,גפן שוהם,שוהם,מרכז,31.98781,34.9365866,גפן שוהם,street
5271,מכבי שוהם צפון,608,שוהם,גפן שוהם,שוהם,מרכז,31.98781,34.9365866,גפן שוהם,street
5273,מכבי עמק חפר,352,קיבוץ גבעת חיים,גבעת חיים איחוד,גבעת חיים (איחוד),שרון,32.4002771,34.9330496,גבעת חיים איחוד,street
5286,מ.ס.קדימה צורן,464,קדימה,הניצן 5 קדימה צורן,קדימה צורן,שרון,32.2712141,34.9197397,הניצן 5 קדימה צורן,street
5287,מכבי שעריים רחובות,1212,רחובות שעריים וייסגל סינטטי,שמעון דובנוב 47 רחובות,רחובות,מרכז,31.8872278,34.7941944,שמעון דובנוב 47 רחובות,street
5289,מכבי שעריים רחובות,1212,רחובות שעריים וייסגל סינטטי,שמעון דובנוב 47 רחובות,רחובות,מרכז,31.8872278,34.7941944,שמעון דובנוב 47 רחובות,street
5290,"מכבי רחובות ""צו פיוס""",1215,רחובות מכבי רחובות וייסגל סינטטי,שמעון דובנוב 47 רחובות,רחובות,מרכז,31.8872278,34.7941944,שמעון דובנוב 47 רחובות,street
5291,מכבי עירוני חורה,1144,רהט בני אל סאלם רהט,אלח'זאן 1 רהט,רהט,דרום,31.381991,34.775125,אלח'זאן  רהט,street
5296,"בית""ר טוברוק 2",13,נתניה טוברוק,יודפת 2 נתניה,נתניה,שרון,32.33294,34.85917,נתניה,locality
5298,איחוד בני בקה,1142,בקה אל גרביה סינטטי,אלקודס 25 באקה אל ע'רביה,בקה אל ע’רביה,שרון,32.426394,35.04819,אלקודס  באקה אל ע'רביה,street
5299,איחוד בני בקה,1142,בקה אל גרביה סינטטי,אלקודס 25 באקה אל ע'רביה,בקה אל ע’רביה,שרון,32.426394,35.04819,אלקודס  באקה אל ע'רביה,street
5308,הפועל עפולה,1243,עפולה גבעת המורה עפולה,אבן גבירול 40 עפולה,עפולה,צפון,32.6270048,35.3276421,אבן גבירול 40 עפולה,street
5309,"בני יהודה ת""א צפון",346,תל אביב שכונת התקוה סינטטי 2,כביר 20 תל אביב יפו,יפו,מרכז,32.049887,34.788742,כביר 20 תל אביב יפו,street
5310,שמשון בני טייבה,53,טייבה,טייבה,טייבה,שרון,32.2671249,35.0089029,טייבה,fallback
5311,מ.כ.ע.אור יהודה פרידמן צו פיוס,39,אור יהודה,חטיבת אלכסנדרוני 2 אור יהודה,אור יהודה,מרכז,32.0253798,34.865591,חטיבת אלכסנדרוני 2 אור יהודה,street
5321,"מכבי פ""ת ""חיים הנדלר""",954,פתח תקוה מכבי סינטטי,מרדכי בן דרור 1 פתח תקווה,פתח תקווה,מרכז,32.1000191,34.8900673,מרדכי בן דרור 1 פתח תקווה,street
5322,הפ' בני לוד רכבת,573,לוד אימונים 1,דרך הרמ''א  לוד,לוד,מרכז,31.933597,34.889205,דרך הרמ''א  לוד,street
5323,"מכבי ע. כפר יונה ""צו פיוס""",161,כפר יונה,הגליל כפר יונה,כפר יונה,שרון,32.3114467,34.9328481,הגליל כפר יונה,street
5325,"הפועל חוף הכרמל / מ""מ ""צו פיוס""",258,קיבוץ החותרים,החותרים,החותרים,צפון,32.7514976,34.9567795,החותרים,street
5329,"בית""ר כ""ס שלומי ""צו פיוס""",439,כפר סבא קפלן,שולמית 1 כפר סבא,כפר סבא,שרון,32.175,34.90694,כפר סבא,locality
5330,"מ.ס.קדימה צורן ""צו פיוס""",464,קדימה,הניצן 5 קדימה צורן,קדימה צורן,שרון,32.2712141,34.9197397,הניצן 5 קדימה צורן,street
5331,מ.ס.קדימה צורן,464,קדימה,הניצן 5 קדימה צורן,קדימה צורן,שרון,32.2712141,34.9197397,הניצן 5 קדימה צורן,street
5332,מ.ס. קדימה צורן,464,קדימה,הניצן 5 קדימה צורן,קדימה צורן,שרון,32.2712141,34.9197397,הניצן 5 קדימה צורן,street
5336,"בית""ר י-ם צפון",188,ירושלים בית וגן 2 עליון סינטטי,שמואל בייט 1 ירושלים,ירושלים,מרכז,31.7724105,35.1880092,שמואל בייט 1 ירושלים,street
5339,"בית""ר חיפה",1159,חיפה אגרטק (אתוס 1 לשעבר),קדושי יאסי 2 חיפה,חיפה,צפון,32.7916931,34.9644972,קדושי יאסי 2 חיפה,street
5340,"מ.כ.עירוני אור יהודה ""צו פיוס""",39,אור יהודה,חטיבת אלכסנדרוני 2 אור יהודה,אור יהודה,מרכז,32.0253798,34.865591,חטיבת אלכסנדרוני 2 אור יהודה,street
5341,"מ.כ.עירוני אור יהודה ""צו פיוס""",39,אור יהודה,חטיבת אלכסנדרוני 2 אור יהודה,אור יהודה,מרכז,32.0253798,34.865591,חטיבת אלכסנדרוני 2 אור יהודה,street
5342,מ.כ.עירוני אור יהודה,39,אור יהודה,חטיבת אלכסנדרוני 2 אור יהודה,אור יהודה,מרכז,32.0253798,34.865591,חטיבת אלכסנדרוני 2 אור יהודה,street
5344,"מ.ס. פרדס חנה כרכור ""צו פיוס""",91,פרדס חנה,דרך הים פרדס חנה כרכור,פרדס חנה כרכור,שרון,32.4805699,34.9697493,דרך הים פרדס חנה כרכור,street
5347,הפועל איכסל,237,איכסל,אכסאל,איכסל,צפון,32.6815837,35.3239769,איכסל,fallback
5348,הפועל איכסל,237,איכסל,אכסאל,איכסל,צפון,32.6815837,35.3239769,איכסל,fallback
5351,מכבי שוהם,608,שוהם,גפן שוהם,שוהם,מרכז,31.98781,34.9365866,גפן שוהם,street
5352,מכבי שוהם,608,שוהם,גפן שוהם,שוהם,מרכז,31.98781,34.9365866,גפן שוהם,street
5357,"מכבי ברקאי ""צו פיוס""",512,קיבוץ ברקאי,ברקאי,ברקאי,שרון,32.475134,35.0300253,ברקאי,street
5358,מכבי ברקאי,512,קיבוץ ברקאי,ברקאי,ברקאי,שרון,32.475134,35.0300253,ברקאי,street
5359,"מכבי ברקאי ""צו פיוס""",512,קיבוץ ברקאי,ברקאי,ברקאי,שרון,32.475134,35.0300253,ברקאי,street
5360,"מכבי ברקאי ""צו פיוס""",512,קיבוץ ברקאי,ברקאי,ברקאי,שרון,32.475134,35.0300253,ברקאי,street
5361,"מכבי ברקאי ""צו פיוס""",512,קיבוץ ברקאי,ברקאי,ברקאי,שרון,32.475134,35.0300253,ברקאי,street
5362,"מכבי ברקאי ""צו פיוס""",512,קיבוץ ברקאי,ברקאי,ברקאי,שרון,32.475134,35.0300253,ברקאי,street
5363,מכבי ברקאי,512,קיבוץ ברקאי,ברקאי,ברקאי,שרון,32.475134,35.0300253,ברקאי,street
5367,הפ' אחוה חיפה,602,חיפה אבי רן 2,צביה ויצחק חיפה,חיפה,צפון,32.7941142,34.9684183,צביה ויצחק חיפה,street
5368,"הפועל אורנית ""צו פיוס""",516,אורנית,מבוא אורנית 2 אורנית,אורנית,מרכז,32.1309209,34.9919607,אורנית,fallback
5370,"בית""ר עירוני מעלה אדומים ""צו פיוס""",515,מעלה אדומים אצטדיון טוטו,נביעות 8 מעלה אדומים,מעלה אדומים,מרכז,31.7705643,35.2987457,מעלה אדומים,fallback
5373,"הפ' ראשל""צ מערב",361,ראשון לציון סופרלנד מערבי סינטטי,יוסף טומי לפיד 8 ראשון לציון,ראשון לציון,מרכז,31.9776813,34.7524263,יוסף טומי לפיד 8 ראשון לציון,street
5374,"הפ' ראשל""צ מערב",361,ראשון לציון סופרלנד מערבי סינטטי,יוסף טומי לפיד 8 ראשון לציון,ראשון לציון,מרכז,31.9776813,34.7524263,יוסף טומי לפיד 8 ראשון לציון,street
5377,"בית""ר תל אביב חולון",1316,חולון טוטו,משה דיין  חולון,חולון,מרכז,32.000768,34.770396,משה דיין  חולון,street
5378,איחוד בני בקה,1142,בקה אל גרביה סינטטי,אלקודס 25 באקה אל ע'רביה,בקה אל ע’רביה,שרון,32.426394,35.04819,אלקודס  באקה אל ע'רביה,street
5379,איחוד בני בקה,1142,בקה אל גרביה סינטטי,אלקודס 25 באקה אל ע'רביה,בקה אל ע’רביה,שרון,32.426394,35.04819,אלקודס  באקה אל ע'רביה,street
5380,הפ' יוקנעם ארז,55,יקנעם,הגנים יקנעם,יקנעם עילית,צפון,32.6480601,35.0943545,יקנעם,fallback
5381,מ.כ.בנימינה,606,בנימינה,דרך ניל''י 28 בנימינה גבעת עדה,גבעת עדה,שרון,32.521485,34.942256,דרך ניל''י  בנימינה גבעת עדה,street
5382,"גדנע ת""א שוני",1302,תל אביב גדנע ת״א חדש,חנה מרון 1 תל אביב יפו,יפו,מרכז,32.048384,34.774499,חנה מרון 1 תל אביב יפו,street
5383,"הפועל ת""א צפון",1351,תל אביב ספורטק צפון מגרש מערבי,שדרות רוקח 40 תל אביב יפו,יפו,מרכז,32.098446,34.787669,שדרות רוקח 40 תל אביב יפו,street
5387,מ.א. שער הנגב,392,שער הנגב (מכללת ספיר),שקמה תעשיות שער הנגב,מ.א. שער הנגב,דרום,,,,unresolved
5388,מ.א. שער הנגב,392,שער הנגב (מכללת ספיר),שקמה תעשיות שער הנגב,מ.א. שער הנגב,דרום,,,,unresolved
5389,בני סכנין,596,סכנין אימונים סינטטי,אלריאדה סח'נין,סח’נין,צפון,32.86506,35.29771,סחנין,locality
5398,מ.כ.מ.כרום שאגור,603,בענה,בענה,בענה,צפון,32.9280587,35.272169,בענה,street
5399,מכבי סקציה מעלות תרשיחא,44,מעלות,בן גוריון 1 מעלות תרשיחא,מעלות תרשיחא,צפון,33.0136558,35.286681,בן גוריון 1 מעלות תרשיחא,street
5400,מכבי סקציה מעלות תרשיחא,44,מעלות,בן גוריון 1 מעלות תרשיחא,מעלות תרשיחא,צפון,33.0136558,35.286681,בן גוריון 1 מעלות תרשיחא,street
5403,"הפועל ""יהודה"" אזור ""צו פיוס""",41,אזור,יצחק שדה אזור,אזור,מרכז,32.0243903,34.8096147,יצחק שדה אזור,street
5406,הפועל אזור,41,אזור,יצחק שדה אזור,אזור,מרכז,32.0243903,34.8096147,יצחק שדה אזור,street
5407,"הפועל אזור ""צו פיוס""",41,אזור,יצחק שדה אזור,אזור,מרכז,32.0243903,34.8096147,יצחק שדה אזור,street
5409,הפועל עליה כפ״ס,1004,"כפר סבא עליה כ""ס",טהון כפר סבא,כפר סבא,שרון,32.187791,34.903422,טהון כפר סבא,street
5416,בני אילת,1312,אילת קרית הספורט סינטטי,אילת,אילת,דרום,29.5569348,34.9497949,אילת,street
5417,בני אילת,584,אילת החוף הצפוני,אילת,אילת,דרום,29.5569348,34.9497949,אילת,street
5418,בני אילת,1312,אילת קרית הספורט סינטטי,אילת,אילת,דרום,29.5569348,34.9497949,אילת,street
5419,בני אילת,1312,אילת קרית הספורט סינטטי,אילת,אילת,דרום,29.5569348,34.9497949,אילת,street
5421,מכבי ע.ג'ת אלאהלי,341,כפר ג'ת המשולש,ד''ר ע. אלרחים ותד 2 ג'ת,ג’ת,שרון,32.39805,35.03804,גת,locality
5426,"בית""ר ע.מעלה אדומים ""צו פיוס""",515,מעלה אדומים אצטדיון טוטו,נביעות 8 מעלה אדומים,מעלה אדומים,מרכז,31.7705643,35.2987457,מעלה אדומים,fallback
5430,"ע. בית שמש ""צו פיוס""",1266,בית שמש אצטדיון,שדרות יגאל אלון 1 בית שמש,בית שמש,מרכז,31.7545232,34.9934341,שדרות יגאל אלון 1 בית שמש,street
5433,מ.ס. טירה,106,טירה,טירה,טירה,שרון,32.2346856,34.9544553,טירה,street
5434,מ.ס. טירה,106,טירה,טירה,טירה,שרון,32.2346856,34.9544553,טירה,street
5438,מכבי ע.יפיע,99,יפיע,410 יפיע,יפיע,צפון,32.6865923,35.2772128,410 יפיע,street
5439,מכבי ע.יפיע,99,יפיע,410 יפיע,יפיע,צפון,32.6865923,35.2772128,410 יפיע,street
5441,איחוד בני בקה,49,בקה אל גרביה,אלסיראט 2 באקה אל ע'רביה,בקה אל ע’רביה,שרון,32.42061,35.04266,בקה אל גרביה,locality
5442,הפועל דיר חנא,317,דיר חנא,דייר חנא,דיר חנא,צפון,32.861898,35.365638,דייר חנא,street
5443,מכבי אחי איכסל,237,איכסל,אכסאל,איכסל,צפון,32.6815837,35.3239769,איכסל,fallback
5444,בני סכנין,596,סכנין אימונים סינטטי,אלריאדה סח'נין,סח’נין,צפון,32.86506,35.29771,סחנין,locality
5445,מכבי ע.יפיע,99,יפיע,410 יפיע,יפיע,צפון,32.6865923,35.2772128,410 יפיע,street
5447,מכבי קרית מלאכי,45,קרית מלאכי,הרצל 70 קרית מלאכי,קרית מלאכי,דרום,31.7365647,34.7418154,הרצל 70 קרית מלאכי,street
5448,מכבי קרית מלאכי,45,קרית מלאכי,הרצל 70 קרית מלאכי,קרית מלאכי,דרום,31.7365647,34.7418154,הרצל 70 קרית מלאכי,street
5449,מכבי קרית מלאכי,45,קרית מלאכי,הרצל 70 קרית מלאכי,קרית מלאכי,דרום,31.7365647,34.7418154,הרצל 70 קרית מלאכי,street
5450,"בית""ר חיפה",1159,חיפה אגרטק (אתוס 1 לשעבר),קדושי יאסי 2 חיפה,חיפה,צפון,32.7916931,34.9644972,קדושי יאסי 2 חיפה,street
5451,"הפועל ק""ש",1198,קרית שמונה סינטטי חדש,תל חי 4 קרית שמונה,קרית שמונה,צפון,33.2235285,35.5757816,תל חי 4 קרית שמונה,street
5456,"עירוני טבריה ""צו פיוס""",14,טבריה,בר כוכבא טבריה,טבריה,צפון,32.7927949,35.5205175,בר כוכבא טבריה,street
5457,עירוני טבריה,14,טבריה,בר כוכבא טבריה,טבריה,צפון,32.7927949,35.5205175,בר כוכבא טבריה,street
5458,ע.טבריה,14,טבריה,בר כוכבא טבריה,טבריה,צפון,32.7927949,35.5205175,בר כוכבא טבריה,street
5459,עירוני טבריה 'עמרי',14,טבריה,בר כוכבא טבריה,טבריה,צפון,32.7927949,35.5205175,בר כוכבא טבריה,street
5462,הפועל עליה כפ״ס,1004,"כפר סבא עליה כ""ס",טהון כפר סבא,כפר סבא,שרון,32.187791,34.903422,טהון כפר סבא,street
5463,מכבי נתניה 3,1078,נתניה שפירא,צבי מויססקו 12 נתניה,נתניה,שרון,32.2922515,34.8587201,צבי מויססקו 12 נתניה,street
5474,מ.כ. נוה יוסף 2,1160,חיפה אגרטק (אתוס 2 לשעבר),קדושי יאסי 2 חיפה,חיפה,צפון,32.7916931,34.9644972,קדושי יאסי 2 חיפה,street
5485,"מכבי פ""ת רום וילדר צפון",1307,פתח תקוה מושבה צפוני חדש,דרך שלמה שמלצר 12 פתח תקווה,פתח תקווה,מרכז,32.100294,34.850965,דרך שלמה שמלצר  פתח תקווה,street
5486,הפועל ראשון לציון מערב,361,ראשון לציון סופרלנד מערבי סינטטי,יוסף טומי לפיד 8 ראשון לציון,ראשון לציון,מרכז,31.9776813,34.7524263,יוסף טומי לפיד 8 ראשון לציון,street
5487,הפועל רהט,562,רהט הפועל רהט,אלח'זאן 1 רהט,רהט,דרום,31.381991,34.775125,אלח'זאן  רהט,street
5488,מכבי חיפה חיים,270,חיפה קצף עליון,צביה ויצחק חיפה,חיפה,צפון,32.7941142,34.9684183,צביה ויצחק חיפה,street
5489,"בית""ר גבעת זאב",399,גבעת זאב,התאנה גבעת זאב,גבעת זאב,מרכז,31.8623329,35.1687498,גבעת זאב,fallback
5490,"הכח מכבי עמידר ר""ג דרום",181,רמת גן השקמה,אחד העם 8 רמת גן,רמת גן,מרכז,32.08227,34.81065,רמת גן,locality
5493,"מכבי השקמה חן דרום ""צו פיוס""",181,רמת גן השקמה,אחד העם 8 רמת גן,רמת גן,מרכז,32.08227,34.81065,רמת גן,locality
5494,מכבי שוהם,608,שוהם,גפן שוהם,שוהם,מרכז,31.98781,34.9365866,גפן שוהם,street
5495,מכבי שוהם,608,שוהם,גפן שוהם,שוהם,מרכז,31.98781,34.9365866,גפן שוהם,street
5496,"בית""ר י-ם צפון",188,ירושלים בית וגן 2 עליון סינטטי,שמואל בייט 1 ירושלים,ירושלים,מרכז,31.7724105,35.1880092,שמואל בייט 1 ירושלים,street
5497,"מכבי רחובות ""צו פיוס""",1215,רחובות מכבי רחובות וייסגל סינטטי,שמעון דובנוב 47 רחובות,רחובות,מרכז,31.8872278,34.7941944,שמעון דובנוב 47 רחובות,street
5498,הפ' ר.מנשה מגידו,350,רמות מנשה,רמות מנשה,רמות מנשה,צפון,32.5978839,35.0576452,רמות מנשה,street
5499,"בית""ר טוברוק 1",611,טוברוק אימונים,שדרות בן גוריון נתניה,נתניה,שרון,32.284329,34.844861,שדרות בן גוריון נתניה,street
5500,"הפועל חוף הכרמל / מ""מ",1060,מעגן מיכאל,מעגן מיכאל,מעגן מיכאל,שרון,32.5553209,34.9166572,מעגן מיכאל,street
5501,"הפועל אזור הפועל ""יהודה"" אזור ""צו פיוס""",41,אזור,יצחק שדה אזור,אזור,מרכז,32.0243903,34.8096147,יצחק שדה אזור,street
5502,הפועל אזור,41,אזור,יצחק שדה אזור,אזור,מרכז,32.0243903,34.8096147,יצחק שדה אזור,street
5504,מ.ס. בני קלנסואה,62,ג'לגו'ליה,ג'לג'וליה,ג’לג’וליה,שרון,32.152285,34.9536543,ג'לג'וליה,street
5505,מ.ס. בני קלנסואה,102,קלנסואה,סוראקה קלנסווה,קלנסווה,שרון,32.28493,34.98106,קלנסווה,locality
5506,בני אילת,1312,אילת קרית הספורט סינטטי,אילת,אילת,דרום,29.5569348,34.9497949,אילת,street
5507,מכבי כנות,583,כנות,כנות,כנות,דרום,31.8026404,34.752375,כנות,street
5508,הפועל הרצליה עירוני,588,הרצליה רן 2 (ילדים וטרומים),יוסף נבו 6 הרצליה,הרצליה,שרון,32.1673594,34.82377,יוסף נבו 6 הרצליה,street
5509,מ.כ. בנימינה 2,606,בנימינה,דרך ניל''י 28 בנימינה גבעת עדה,גבעת עדה,שרון,32.521485,34.942256,דרך ניל''י  בנימינה גבעת עדה,street
5513,שמשון בני טייבה,53,טייבה,טייבה,טייבה,שרון,32.2671249,35.0089029,טייבה,fallback
5514,"מ.ס. פרדס חנה כרכור ""צו פיוס""",91,פרדס חנה,דרך הים פרדס חנה כרכור,פרדס חנה כרכור,שרון,32.4805699,34.9697493,דרך הים פרדס חנה כרכור,street
5515,מ.ס.פרדס חנה כרכור 2,91,פרדס חנה,דרך הים פרדס חנה כרכור,פרדס חנה כרכור,שרון,32.4805699,34.9697493,דרך הים פרדס חנה כרכור,street
5518,הפ' אחוה חיפה,1159,חיפה אגרטק (אתוס 1 לשעבר),קדושי יאסי 2 חיפה,חיפה,צפון,32.7916931,34.9644972,קדושי יאסי 2 חיפה,street
5520,מ.כ. צעירי ביר אל מכסור,152,כפר מנדא חדש,כפר מנדא,כפר מנדא,צפון,32.8114088,35.259756,כפר מנדא,street
5521,הפ' יוקנעם ארז,55,יקנעם,הגנים יקנעם,יקנעם עילית,צפון,32.6480601,35.0943545,יקנעם,fallback
5522,"מכבי השרון נתניה בקשי יעקב ""צו פיוס""",1078,נתניה שפירא,צבי מויססקו 12 נתניה,נתניה,שרון,32.2922515,34.8587201,צבי מויססקו 12 נתניה,street
5523,מכבי עירוני יפיע,99,יפיע,410 יפיע,יפיע,צפון,32.6865923,35.2772128,410 יפיע,street
5529,"בית""ר פרדס חנה אורי",1146,פרדס חנה אימונים,דרך הים 5 פרדס חנה כרכור,פרדס חנה כרכור,שרון,32.4805699,34.9697493,דרך הים 5 פרדס חנה כרכור,street
5531,מכבי עירוני יפיע,99,יפיע,410 יפיע,יפיע,צפון,32.6865923,35.2772128,410 יפיע,street
5532,מכבי עירוני יפיע,99,יפיע,410 יפיע,יפיע,צפון,32.6865923,35.2772128,410 יפיע,street
5537,מכבי קרית מלאכי עירוני,45,קרית מלאכי,הרצל 70 קרית מלאכי,קרית מלאכי,דרום,31.7365647,34.7418154,הרצל 70 קרית מלאכי,street
5539,"מכבי ס. מעלות תרשיחא ""צו פיוס""",44,מעלות,בן גוריון 1 מעלות תרשיחא,מעלות תרשיחא,צפון,33.0136558,35.286681,בן גוריון 1 מעלות תרשיחא,street
5540,מכבי ס. מעלות,44,מעלות,בן גוריון 1 מעלות תרשיחא,מעלות תרשיחא,צפון,33.0136558,35.286681,בן גוריון 1 מעלות תרשיחא,street
5541,"מכבי עמישב פ""ת ""צו פיוס""",595,פתח תקוה סירקין ספורטק אצטדיון,הרב עובדיה יוסף 3 פתח תקווה,פתח תקווה,מרכז,32.0813004,34.9065744,הרב עובדיה יוסף 3 פתח תקווה,street
5544,"מ.ס. קדימה צורן ""צו פיוס""",464,קדימה,הניצן 5 קדימה צורן,קדימה צורן,שרון,32.2712141,34.9197397,הניצן 5 קדימה צורן,street
5548,מ.ס. טירה,106,טירה,טירה,טירה,שרון,32.2346856,34.9544553,טירה,street
5549,"בית""ר א.א. פאחם",411,אום אל פאחם סינטטי,אלהאדיה 2 אום אל פחם,אום אל פחם,שרון,32.5158385,35.152491,אום אל פחם,fallback
5554,בני יצ'אלאל רחובות,1215,רחובות מכבי רחובות וייסגל סינטטי,שמעון דובנוב 47 רחובות,רחובות,מרכז,31.8872278,34.7941944,שמעון דובנוב 47 רחובות,street
5557,"בית""ר א.א.פאחם",411,אום אל פאחם סינטטי,אלהאדיה 2 אום אל פחם,אום אל פחם,שרון,32.5158385,35.152491,אום אל פחם,fallback
5560,הפועל הרצליה עירוני,588,הרצליה רן 2 (ילדים וטרומים),יוסף נבו 6 הרצליה,הרצליה,שרון,32.1673594,34.82377,יוסף נבו 6 הרצליה,street
5563,איחוד בני בקה,1142,בקה אל גרביה סינטטי,אלקודס 25 באקה אל ע'רביה,בקה אל ע’רביה,שרון,32.426394,35.04819,אלקודס  באקה אל ע'רביה,street
5564,איחוד בני בקה,1142,בקה אל גרביה סינטטי,אלקודס 25 באקה אל ע'רביה,בקה אל ע’רביה,שרון,32.426394,35.04819,אלקודס  באקה אל ע'רביה,street
5570,מכבי ע. ג'ת אלאהלי,341,כפר ג'ת המשולש,ד''ר ע. אלרחים ותד 2 ג'ת,ג’ת,שרון,32.39805,35.03804,גת,locality
5571,הפ' בני ג'סר אל זרקא,296,ג'סר אל זרקה,ג'סר א זרקא,ג’סר א זרקא,שרון,32.5377455,34.9113701,ג'סר א זרקא,street
5572,הפ' בני ג'סר אל זרקא,296,ג'סר אל זרקה,ג'סר א זרקא,ג’סר א זרקא,שרון,32.5377455,34.9113701,ג'סר א זרקא,street
5573,הפ' בני ג'סר אל זרקה,296,ג'סר אל זרקה,ג'סר א זרקא,ג’סר א זרקא,שרון,32.5377455,34.9113701,ג'סר א זרקא,street
5574,הפ' בני ג'סר אל זרקה,296,ג'סר אל זרקה,ג'סר א זרקא,ג’סר א זרקא,שרון,32.5377455,34.9113701,ג'סר א זרקא,street
5575,הפועל כפר כנא,78,כפר כנא,אל מלעב כפר כנא,כפר כנא,צפון,32.751207,35.337654,אל מלעב כפר כנא,street
5576,הפועל כפר כנא,78,כפר כנא,אל מלעב כפר כנא,כפר כנא,צפון,32.751207,35.337654,אל מלעב כפר כנא,street
5578,"הפ' ראשל""צ מערב",1061,ראשון לציון סופרלנד מרכזי תשעיות,יוסף טומי לפיד 8 ראשון לציון,ראשון לציון,מרכז,31.9776813,34.7524263,יוסף טומי לפיד 8 ראשון לציון,street
5581,מ. כ. אחווה כפר מנדא,152,כפר מנדא חדש,כפר מנדא,כפר מנדא,צפון,32.8114088,35.259756,כפר מנדא,street
5585,"הפ' מרמורק רחובות חיים ""צו פיוס""",1215,רחובות מכבי רחובות וייסגל סינטטי,שמעון דובנוב 47 רחובות,רחובות,מרכז,31.8872278,34.7941944,שמעון דובנוב 47 רחובות,street
5586,"מ.כ. מתנ""ס גן יבנה",984,(סגור)גן יבנה,המגינים 45 גן יבנה,גן יבנה,דרום,31.7922496,34.711908,המגינים 45 גן יבנה,street
5593,הפועל אורנית,516,אורנית,מבוא אורנית 2 אורנית,אורנית,מרכז,32.1309209,34.9919607,אורנית,fallback
5602,מכבי ק.עקרון,121,קרית עקרון,משה שרת 30 קרית עקרון,קרית עקרון,דרום,31.859636,34.8251782,משה שרת 30 קרית עקרון,street
5603,הפ' ע.ס. אבו גוש מ. ציון,120,מבשרת ציון,מבוא טללים 1 מבשרת ציון,מבשרת ציון,מרכז,31.8009752,35.1444388,מבוא טללים 1 מבשרת ציון,street
5604,הפ' ע.ס אבו גוש מבשרת ציון,120,מבשרת ציון,מבוא טללים 1 מבשרת ציון,מבשרת ציון,מרכז,31.8009752,35.1444388,מבוא טללים 1 מבשרת ציון,street
5606,הפ' דיר חנא חוסאם,317,דיר חנא,דייר חנא,דיר חנא,צפון,32.861898,35.365638,דייר חנא,street
5607,מ.כ. בנימינה,606,בנימינה,דרך ניל''י 28 בנימינה גבעת עדה,גבעת עדה,שרון,32.521485,34.942256,דרך ניל''י  בנימינה גבעת עדה,street
5608,הפועל דיר חנא,317,דיר חנא,דייר חנא,דיר חנא,צפון,32.861898,35.365638,דייר חנא,street
5610,הפועל חדרה מערב,1264,חדרה רמדה,שדרות רחבעם זאבי 2 חדרה,חדרה,שרון,32.435925,34.878644,שדרות רחבעם זאבי  חדרה,street
5613,"בני יהודה ת""א צפון",464,קדימה,הניצן 5 קדימה צורן,קדימה צורן,שרון,32.2712141,34.9197397,הניצן 5 קדימה צורן,street
5625,הפ' הוד השרון 2,1116,הוד השרון גני צבי-תשיעיות,הוד השרון,הוד השרון,שרון,32.1561974,34.8930354,הוד השרון,street
5627,הפועל רעננה,635,רעננה פארק דרומי,מרטין דרוקר 8 רעננה,רעננה,שרון,32.1933115,34.8463327,מרטין דרוקר 8 רעננה,street
5629,"הפועל פ""ת מני בסון",1136,פתח תקוה מושבה דרומי,דרך אם המושבות 10 פתח תקווה,פתח תקווה,מרכז,32.102633,34.864924,דרך אם המושבות  פתח תקווה,street
5631,"בני יהודה ת""א צפון 2",464,קדימה,הניצן 5 קדימה צורן,קדימה צורן,שרון,32.2712141,34.9197397,הניצן 5 קדימה צורן,street
5632,"הפועל ת""א",417,תל אביב וולפסון 2,הלוחמים חולון,חולון,מרכז,32.0353386,34.7678567,הלוחמים חולון,street
5633,"בית""ר ר""ג",225,רמת גן אימונים,דרך אבא הלל  רמת גן,רמת גן,מרכז,32.08227,34.81065,רמת גן,locality
5635,"מכבי פ""ת עמיחי כרמלי",954,פתח תקוה מכבי סינטטי,מרדכי בן דרור 1 פתח תקווה,פתח תקווה,מרכז,32.1000191,34.8900673,מרדכי בן דרור 1 פתח תקווה,street
5638,הפועל רמת גן,613,רמת גן ספארי,שדרת הצבי 2 רמת גן,רמת גן,מרכז,32.0526749,34.8262636,שדרת הצבי 2 רמת גן,street
5639,ביתר טוברוק,13,נתניה טוברוק,יודפת 2 נתניה,נתניה,שרון,32.33294,34.85917,נתניה,locality
5642,"הפ' רמה""ש עירוני",260,(סגור)רמת השרון אימונים,החלוץ 48 רמת השרון,רמת השרון,שרון,32.1328861,34.8589039,החלוץ 48 רמת השרון,street
5644,"מ.ס. ב""ש ""צו פיוס""",1253,באר שבע רייסר 1 סינטטי,שלושת המצפים 3 באר שבע,באר שבע,דרום,31.2329997,34.8099317,שלושת המצפים 3 באר שבע,street
5645,"מ.ס. ב""ש ""צו פיוס""",1253,באר שבע רייסר 1 סינטטי,שלושת המצפים 3 באר שבע,באר שבע,דרום,31.2329997,34.8099317,שלושת המצפים 3 באר שבע,street
5646,"מ.ס. ב""ש ""צו פיוס""",1253,באר שבע רייסר 1 סינטטי,שלושת המצפים 3 באר שבע,באר שבע,דרום,31.2329997,34.8099317,שלושת המצפים 3 באר שבע,street
5647,"מ.ס. ב""ש ""צו פיוס""",1253,באר שבע רייסר 1 סינטטי,שלושת המצפים 3 באר שבע,באר שבע,דרום,31.2329997,34.8099317,שלושת המצפים 3 באר שבע,street
5648,"מ.ס. ב""ש ""צו פיוס""",1253,באר שבע רייסר 1 סינטטי,שלושת המצפים 3 באר שבע,באר שבע,דרום,31.2329997,34.8099317,שלושת המצפים 3 באר שבע,street
5649,"מ.ס. ב""ש 2 ""צו פיוס""",1253,באר שבע רייסר 1 סינטטי,שלושת המצפים 3 באר שבע,באר שבע,דרום,31.2329997,34.8099317,שלושת המצפים 3 באר שבע,street
5650,"מ.ס. ב""ש ""צו פיוס""",1253,באר שבע רייסר 1 סינטטי,שלושת המצפים 3 באר שבע,באר שבע,דרום,31.2329997,34.8099317,שלושת המצפים 3 באר שבע,street
5651,"מ.ס. ב""ש ""צו פיוס""",1254,באר שבע רייסר 2 סינטטי,שלושת המצפים 3 באר שבע,באר שבע,דרום,31.2329997,34.8099317,שלושת המצפים 3 באר שבע,street
5652,"מ.ס. ב""ש",1253,באר שבע רייסר 1 סינטטי,שלושת המצפים 3 באר שבע,באר שבע,דרום,31.2329997,34.8099317,שלושת המצפים 3 באר שבע,street
5653,"מ.ס. ב""ש",1253,באר שבע רייסר 1 סינטטי,שלושת המצפים 3 באר שבע,באר שבע,דרום,31.2329997,34.8099317,שלושת המצפים 3 באר שבע,street
5654,מכבי הרצליה צפון,588,הרצליה רן 2 (ילדים וטרומים),יוסף נבו 6 הרצליה,הרצליה,שרון,32.1673594,34.82377,יוסף נבו 6 הרצליה,street
5655,מ.ס. בני קלנסואה,102,קלנסואה,סוראקה קלנסווה,קלנסווה,שרון,32.28493,34.98106,קלנסווה,locality
5656,"מכבי פ""ת אייל טייבי צפון",1307,פתח תקוה מושבה צפוני חדש,דרך שלמה שמלצר 12 פתח תקווה,פתח תקווה,מרכז,32.100294,34.850965,דרך שלמה שמלצר  פתח תקווה,street
5657,מכבי עירוני חורה,1144,רהט בני אל סאלם רהט,אלח'זאן 1 רהט,רהט,דרום,31.381991,34.775125,אלח'זאן  רהט,street
5658,הפ' בני לוד רכבת,573,לוד אימונים 1,דרך הרמ''א  לוד,לוד,מרכז,31.933597,34.889205,דרך הרמ''א  לוד,street
5659,"בית""ר חיפה",1159,חיפה אגרטק (אתוס 1 לשעבר),קדושי יאסי 2 חיפה,חיפה,צפון,32.7916931,34.9644972,קדושי יאסי 2 חיפה,street
5660,הפועל עכו 1,1167,עכו הפועל עכו חדש,שלום הגליל 1 עכו,עכו,צפון,32.9195753,35.0920147,שלום הגליל 1 עכו,street
5663,הפועל חדרה,1264,חדרה רמדה,שדרות רחבעם זאבי 2 חדרה,חדרה,שרון,32.435925,34.878644,שדרות רחבעם זאבי  חדרה,street
5664,הפועל חדרה,50,חדרה בית אליעזר,כ''ט בנובמבר חדרה,חדרה,שרון,32.4285836,34.9514667,כ''ט בנובמבר חדרה,street
5665,הפועל חדרה,50,חדרה בית אליעזר,כ''ט בנובמבר חדרה,חדרה,שרון,32.4285836,34.9514667,כ''ט בנובמבר חדרה,street
5666,הפ' חדרה שולם שוורץ,50,חדרה בית אליעזר,כ''ט בנובמבר חדרה,חדרה,שרון,32.4285836,34.9514667,כ''ט בנובמבר חדרה,street
5668,הפ' בית אליעזר,50,חדרה בית אליעזר,כ''ט בנובמבר חדרה,חדרה,שרון,32.4285836,34.9514667,כ''ט בנובמבר חדרה,street
5670,"מכבי ע. כפר יונה ""צו פיוס""",161,כפר יונה,הגליל כפר יונה,כפר יונה,שרון,32.3114467,34.9328481,הגליל כפר יונה,street
5672,שמשון בני טייבה,53,טייבה,טייבה,טייבה,שרון,32.2671249,35.0089029,טייבה,fallback
5673,מכבי אחי נצרת,331,נצרת עילוט אימונים סינטטי,עילוט,עילוט,צפון,32.718281,35.2612603,עילוט,street
5674,מכבי שוהם,608,שוהם,גפן שוהם,שוהם,מרכז,31.98781,34.9365866,גפן שוהם,street
5676,הפ' הוד השרון צפון,1116,הוד השרון גני צבי-תשיעיות,הוד השרון,הוד השרון,שרון,32.1561974,34.8930354,הוד השרון,street
5677,הפ' עירוני ערערה,88,ערערה,ערערה,ערערה,שרון,32.4965507,35.0955581,ערערה,street
5680,"מכבי השקמה חן דרום ""צו פיוס""",181,רמת גן השקמה,אחד העם 8 רמת גן,רמת גן,מרכז,32.08227,34.81065,רמת גן,locality
5683,מ.כ. מג'דל כרום שאגור,1306,נהריה 3 סינטטי,שלום הגליל 8 נהריה,נהריה,צפון,33.0117577,35.1089668,שלום הגליל 8 נהריה,street
5685,איחוד בני בקה,1142,בקה אל גרביה סינטטי,אלקודס 25 באקה אל ע'רביה,בקה אל ע’רביה,שרון,32.426394,35.04819,אלקודס  באקה אל ע'רביה,street
5686,מ.כ. בנימינה,606,בנימינה,דרך ניל''י 28 בנימינה גבעת עדה,גבעת עדה,שרון,32.521485,34.942256,דרך ניל''י  בנימינה גבעת עדה,street
5687,מכבי צור שלום ק. ביאליק,174,צור שלום,הפרטיזנים 14 קרית ביאליק,קרית ביאליק,צפון,32.8568655,35.0979117,הפרטיזנים 14 קרית ביאליק,street
5688,"בית""ר י-ם צפון",188,ירושלים בית וגן 2 עליון סינטטי,שמואל בייט 1 ירושלים,ירושלים,מרכז,31.7724105,35.1880092,שמואל בייט 1 ירושלים,street
5689,"מ.ס. ראשל""צ",397,ראשון לציון תיכון עמית,שדרות בן גוריון ראשון לציון,ראשון לציון,מרכז,31.971376,34.791045,שדרות בן גוריון ראשון לציון,street
5690,מכבי א.א. פאחם,367,אום אל פחם,אום אל פחם,אום אל פחם,שרון,32.5158385,35.152491,אום אל פחם,fallback
5691,בני יצ'אלאל רחובות,1215,רחובות מכבי רחובות וייסגל סינטטי,שמעון דובנוב 47 רחובות,רחובות,מרכז,31.8872278,34.7941944,שמעון דובנוב 47 רחובות,street
5692,בני יצ'אלאל רחובות,12,(סגור)רחובות מרמורק,סיני 1 רחובות,רחובות,מרכז,31.8888902,34.8077669,סיני 1 רחובות,street
5694,עירוני בני כאבול,84,כאבול,כאבול,כאבול,צפון,32.8677008,35.2100551,כאבול,street
5695,עירוני טבריה,14,טבריה,בר כוכבא טבריה,טבריה,צפון,32.7927949,35.5205175,בר כוכבא טבריה,street
5697,מ.ס. כפר קאסם,61,כפר קאסם עליון סינטטי,א תוובה 2 כפר קאסם,כפר קאסם,מרכז,32.1147143,34.9755998,כפר קאסם,fallback
5698,מ.ס כפר קאסם,142,(סגור)כפר קאסם תחתון,א סולטאני כפר קאסם,כפר קאסם,מרכז,32.1147143,34.9755998,כפר קאסם,fallback
5699,"הפ' ראשל""צ מערב",1061,ראשון לציון סופרלנד מרכזי תשעיות,יוסף טומי לפיד 8 ראשון לציון,ראשון לציון,מרכז,31.9776813,34.7524263,יוסף טומי לפיד 8 ראשון לציון,street
5700,"מכבי עמישב פתח תקווה ""צו פיוס""",595,פתח תקוה סירקין ספורטק אצטדיון,הרב עובדיה יוסף 3 פתח תקווה,פתח תקווה,מרכז,32.0813004,34.9065744,הרב עובדיה יוסף 3 פתח תקווה,street
5705,מכבי עמק חפר,1020,בת חפר יישוב,בת חפר,בת חפר,שרון,32.3345015,35.012351,בת חפר,street
5706,ס.ציונה,1303,נס ציונה אימונים סינטטי חדש,הנבחרת 1 נס ציונה,נס ציונה,דרום,31.9147195,34.7733411,הנבחרת 1 נס ציונה,street
5710,מכבי שעריים רחובות,1212,רחובות שעריים וייסגל סינטטי,שמעון דובנוב 47 רחובות,רחובות,מרכז,31.8872278,34.7941944,שמעון דובנוב 47 רחובות,street
5711,"ע. בית דגן ""צו פיוס""",124,בית דגן,רמז בית דגן,בית דגן,מרכז,32.0047148,34.8345838,רמז בית דגן,street
5712,"הפועל ""יהודה"" אזור ""צו פיוס""",41,אזור,יצחק שדה אזור,אזור,מרכז,32.0243903,34.8096147,יצחק שדה אזור,street
5714,מכבי ע. טירת הכרמל גל קובי,32,טירת כרמל,הרב משה מרדכי 7 טירת כרמל,טירת כרמל,צפון,32.76025,34.96874,טירת כרמל,locality
5715,מכבי ע. טירת הכרמל גל קובי,32,טירת כרמל,הרב משה מרדכי 7 טירת כרמל,טירת כרמל,צפון,32.76025,34.96874,טירת כרמל,locality
5718,"בית""ר נהריה 2",1306,נהריה 3 סינטטי,שלום הגליל 8 נהריה,נהריה,צפון,33.0117577,35.1089668,שלום הגליל 8 נהריה,street
5719,"בית""ר נהריה",1305,נהריה 2 סינטטי,שלום הגליל 8 נהריה,נהריה,צפון,33.0117577,35.1089668,שלום הגליל 8 נהריה,street
5721,הפועל נהריה,575,קיבוץ סער,סער,סער,צפון,33.0293646,35.1093238,סער,street
5724,מכבי ע. יפיע,1309,יפיע סינטטי,101 יפיע,יפיע,צפון,32.6865923,35.2772128,101 יפיע,street
5728,"עירוני נשר ""צו פיוס""",1006,נשר אצטדיון,דרך בר יהודה 1 נשר,נשר,צפון,32.7553561,35.0614638,דרך בר יהודה 1 נשר,street
5730,הפועל סכנין 1,981,סכנין אימונים,אלריאדה סח'נין,סח’נין,צפון,32.86506,35.29771,סחנין,locality
5731,הפועל סכנין 2,981,סכנין אימונים,אלריאדה סח'נין,סח’נין,צפון,32.86506,35.29771,סחנין,locality
5733,עירוני נשר,1006,נשר אצטדיון,דרך בר יהודה 1 נשר,נשר,צפון,32.7553561,35.0614638,דרך בר יהודה 1 נשר,street
5734,"עירוני נשר ""צו פיוס""",1006,נשר אצטדיון,דרך בר יהודה 1 נשר,נשר,צפון,32.7553561,35.0614638,דרך בר יהודה 1 נשר,street
5735,עירוני נשר,1006,נשר אצטדיון,דרך בר יהודה 1 נשר,נשר,צפון,32.7553561,35.0614638,דרך בר יהודה 1 נשר,street
5736,עירוני נשר,1026,נשר סינטטי,דרך בר יהודה 1 נשר,נשר,צפון,32.7553561,35.0614638,דרך בר יהודה 1 נשר,street
5737,מ.ס. כדורגל נשר,1006,נשר אצטדיון,דרך בר יהודה 1 נשר,נשר,צפון,32.7553561,35.0614638,דרך בר יהודה 1 נשר,street
5745,הפועל הרצליה עירוני,588,הרצליה רן 2 (ילדים וטרומים),יוסף נבו 6 הרצליה,הרצליה,שרון,32.1673594,34.82377,יוסף נבו 6 הרצליה,street
5746,הפ' בני מוסמוס מעלה עירון,1018,מועאויה,אלקודס 2 בסמ''ה,בסמה,שרון,32.52904,35.10059,בסמה,locality
5747,הפ' בני מוסמוס מעלה עירון,1018,מועאויה,אלקודס 2 בסמ''ה,בסמה,שרון,32.52904,35.10059,בסמה,locality
5748,מכבי ע. ג'ת אלאהלי,341,כפר ג'ת המשולש,ד''ר ע. אלרחים ותד 2 ג'ת,ג’ת,שרון,32.39805,35.03804,גת,locality
5750,א.ס. חולון מור,1082,"(סגור)חולון אימונים ע""י בית העלמין",משה דיין חולון,חולון,מרכז,32.000768,34.770396,משה דיין חולון,street
5752,אחי עכו,21,עכו אצטדיון טוטו,משמר הים עכו,עכו,צפון,32.92814,35.07647,עכו,locality
5753,אחי עכו,21,עכו אצטדיון טוטו,משמר הים עכו,עכו,צפון,32.92814,35.07647,עכו,locality
5755,הפ' איחוד אעבלין,236,אעבלין,אעבלין,אעבלין,צפון,32.8209166,35.19133,אעבלין,street
5756,"מכבי ע. בת ים ליאור קבילו ""צו פיוס""",245,בת ים אצטדיון טוטו,דרך מנחם בגין 7 בת ים,בת ים,מרכז,31.998446,34.743239,דרך מנחם בגין  בת ים,street
5757,מכבי ע. בת ים אופק קמחי,245,בת ים אצטדיון טוטו,דרך מנחם בגין 7 בת ים,בת ים,מרכז,31.998446,34.743239,דרך מנחם בגין  בת ים,street
5758,"מכבי ע. בת ים משה נהרדע ""צו פיוס""",245,בת ים אצטדיון טוטו,דרך מנחם בגין 7 בת ים,בת ים,מרכז,31.998446,34.743239,דרך מנחם בגין  בת ים,street
5759,"מכבי ע. בת ים דרום ""צו פיוס""",245,בת ים אצטדיון טוטו,דרך מנחם בגין 7 בת ים,בת ים,מרכז,31.998446,34.743239,דרך מנחם בגין  בת ים,street
5760,מכבי ע. בת ים,344,בת ים אימונים 1,דרך מנחם בגין 7 בת ים,בת ים,מרכז,31.998446,34.743239,דרך מנחם בגין  בת ים,street
5761,"מכבי ע. בת ים דרום ""צו פיוס""",245,בת ים אצטדיון טוטו,דרך מנחם בגין 7 בת ים,בת ים,מרכז,31.998446,34.743239,דרך מנחם בגין  בת ים,street
5762,"מכבי ע. בת ים דרום ""צו פיוס""",245,בת ים אצטדיון טוטו,דרך מנחם בגין 7 בת ים,בת ים,מרכז,31.998446,34.743239,דרך מנחם בגין  בת ים,street
5763,"מכבי ע. בת ים דרום ""צו פיוס""",245,בת ים אצטדיון טוטו,דרך מנחם בגין 7 בת ים,בת ים,מרכז,31.998446,34.743239,דרך מנחם בגין  בת ים,street
5764,מכבי ע. בת ים צפון,344,בת ים אימונים 1,דרך מנחם בגין 7 בת ים,בת ים,מרכז,31.998446,34.743239,דרך מנחם בגין  בת ים,street
5766,הפ' איחוד אעבלין,236,אעבלין,אעבלין,אעבלין,צפון,32.8209166,35.19133,אעבלין,street
5770,"מ.כ. מזכרת בתיה ""צו פיוס""",122,"מזכרת בתיה ע""ש אדיר פורטוגל",שרה טולדנו 1 מזכרת בתיה,מזכרת בתיה,דרום,31.8412361,34.8492709,שרה טולדנו 1 מזכרת בתיה,street
5771,"מ.כ. מזכרת בתיה ""צו פיוס""",122,"מזכרת בתיה ע""ש אדיר פורטוגל",שרה טולדנו 1 מזכרת בתיה,מזכרת בתיה,דרום,31.8412361,34.8492709,שרה טולדנו 1 מזכרת בתיה,street
5774,"ה.כפר שלם עדן ירושלמי ""צו פיוס""",1274,תל אביב ספורטק דרום 2 סינטטי,שתולים 82 תל אביב יפו,יפו,מרכז,32.0458964,34.7949441,שתולים 82 תל אביב יפו,street
5778,מ.ס. דבוריה,293,דבוריה,דבוריה,דבוריה,צפון,32.6927785,35.3716044,דבוריה,street
5779,"מכבי יפו קביליו יעקב משולם ""צו פיוס""",119,תל אביב יפו נוה גולן,שדרות הבעש''ט 14 תל אביב יפו,יפו,מרכז,32.0376753,34.752471,שדרות הבעש''ט 14 תל אביב יפו,street
5780,"מכבי יפו קביליו ""יצחק אסא""",119,תל אביב יפו נוה גולן,שדרות הבעש''ט 14 תל אביב יפו,יפו,מרכז,32.0376753,34.752471,שדרות הבעש''ט 14 תל אביב יפו,street
5782,מ.ס. צעירי טייבה,53,טייבה,טייבה,טייבה,שרון,32.2671249,35.0089029,טייבה,fallback
5784,מ.ס. צעירי טייבה,53,טייבה,טייבה,טייבה,שרון,32.2671249,35.0089029,טייבה,fallback
5787,מ.כ. אחווה כפר מנדא,152,כפר מנדא חדש,כפר מנדא,כפר מנדא,צפון,32.8114088,35.259756,כפר מנדא,street
5789,מ.כ. אחווה כפר מנדא,152,כפר מנדא חדש,כפר מנדא,כפר מנדא,צפון,32.8114088,35.259756,כפר מנדא,street
5792,איחוד בני בקה,1142,בקה אל גרביה סינטטי,אלקודס 25 באקה אל ע'רביה,בקה אל ע’רביה,שרון,32.426394,35.04819,אלקודס  באקה אל ע'רביה,street
5793,הפועל בני בענה,603,בענה,בענה,בענה,צפון,32.9280587,35.272169,בענה,street
5795,מ.ס. שיכון המזרח,233,ראשון לציון מתחת לגשר,ראשון לציון,ראשון לציון,מרכז,31.9635712,34.8101149,ראשון לציון,street
5796,הפ' הוד השרון ע.,1116,הוד השרון גני צבי-תשיעיות,הוד השרון,הוד השרון,שרון,32.1561974,34.8930354,הוד השרון,street
5797,"מ.ס. רשת מתנ""סים טבעון ""צו פיוס""",200,קרית טבעון,האלונים 11 קרית טבעון,קרית טבעון,צפון,32.712736,35.125069,האלונים  קרית טבעון,street
5811,מ.ס.מועדון שיכון המזרח,233,ראשון לציון מתחת לגשר,ראשון לציון,ראשון לציון,מרכז,31.9635712,34.8101149,ראשון לציון,street
5812,מ.ס. שיכון המזרח,233,ראשון לציון מתחת לגשר,ראשון לציון,ראשון לציון,מרכז,31.9635712,34.8101149,ראשון לציון,street
5817,"בית""ר נהריה",1306,נהריה 3 סינטטי,שלום הגליל 8 נהריה,נהריה,צפון,33.0117577,35.1089668,שלום הגליל 8 נהריה,street
5822,הפ' בני אעבלין,236,אעבלין,אעבלין,אעבלין,צפון,32.8209166,35.19133,אעבלין,street
5825,"בית""ר א.א. פאחם",411,אום אל פאחם סינטטי,אלהאדיה 2 אום אל פחם,אום אל פחם,שרון,32.5158385,35.152491,אום אל פחם,fallback
5828,"בית""ר א.א. פאחם",411,אום אל פאחם סינטטי,אלהאדיה 2 אום אל פחם,אום אל פחם,שרון,32.5158385,35.152491,אום אל פחם,fallback
5831,מכבי ע. ברטעה,1075,ברטעה,בסמ''ה,בסמה,שרון,32.5323092,35.1048328,בסמ''ה,street
5832,"בית""ר י-ם",188,ירושלים בית וגן 2 עליון סינטטי,שמואל בייט 1 ירושלים,ירושלים,מרכז,31.7724105,35.1880092,שמואל בייט 1 ירושלים,street
5834,"הפועל כפר שלם ""צו פיוס""",1274,תל אביב ספורטק דרום 2 סינטטי,שתולים 82 תל אביב יפו,יפו,מרכז,32.0458964,34.7949441,שתולים 82 תל אביב יפו,street
5838,הפועל שפרעם,31,שפרעם,שפרעם,שפרעם,צפון,32.8045765,35.1723866,שפרעם,street
5840,מכבי חיפה 'הלד',270,חיפה קצף עליון,צביה ויצחק חיפה,חיפה,צפון,32.7941142,34.9684183,צביה ויצחק חיפה,street
5843,"מ.כ. מתנ""ס גן יבנה",984,(סגור)גן יבנה,המגינים 45 גן יבנה,גן יבנה,דרום,31.7922496,34.711908,המגינים 45 גן יבנה,street
5849,הפועל עמק הירדן,1147,קיבוץ מעגן,מעגן,מעגן,צפון,32.706731,35.6010794,מעגן,street
5850,הפועל עמק הירדן,1147,קיבוץ מעגן,מעגן,מעגן,צפון,32.706731,35.6010794,מעגן,street
5855,הפועל מטה אשר,1103,עין המפרץ נעמן,עין המפרץ,עין המפרץ,צפון,32.9036151,35.0961117,עין המפרץ,street
5856,הפועל מטה אשר,342,ראש הנקרה,כפר ראש הנקרה,כפר ראש הנקרה,צפון,33.085461,35.114013,כפר ראש הנקרה,street
5857,שמשון בני טייבה,53,טייבה,טייבה,טייבה,שרון,32.2671249,35.0089029,טייבה,fallback
5858,מכבי שוהם,608,שוהם,גפן שוהם,שוהם,מרכז,31.98781,34.9365866,גפן שוהם,street
5860,"הפ' בית שאן מסילות ""צו פיוס""",148,בית שאן,בית שאן,בית שאן,צפון,32.4967519,35.4973022,בית שאן,street
5861,"הפ' בית שאן מסילות ""צו פיוס""",148,בית שאן,בית שאן,בית שאן,צפון,32.4967519,35.4973022,בית שאן,street
5862,"הפ' בית שאן מסילות ""צו פיוס""",365,בית שאן אימונים,בית שאן,בית שאן,צפון,32.4967519,35.4973022,בית שאן,street
5863,"הפ' בית שאן מסילות אבנר ""צו פיוס""",365,בית שאן אימונים,בית שאן,בית שאן,צפון,32.4967519,35.4973022,בית שאן,street
5864,"הפועל בית שאן מסילות ארז ""צו פיוס""",365,בית שאן אימונים,בית שאן,בית שאן,צפון,32.4967519,35.4973022,בית שאן,street
5865,הפ' בית שאן מסילות,365,בית שאן אימונים,בית שאן,בית שאן,צפון,32.4967519,35.4973022,בית שאן,street
5866,הפועל בית שאן מסילות אברהמל 'ה,365,בית שאן אימונים,בית שאן,בית שאן,צפון,32.4967519,35.4973022,בית שאן,street
5867,הפ' בני לוד רכבת,573,לוד אימונים 1,דרך הרמ''א  לוד,לוד,מרכז,31.933597,34.889205,דרך הרמ''א  לוד,street
5868,הפ' בני לוד רכבת,573,לוד אימונים 1,דרך הרמ''א  לוד,לוד,מרכז,31.933597,34.889205,דרך הרמ''א  לוד,street
5870,"מ.ס. רשת מתנ""סים טבעון ""צו פיוס""",200,קרית טבעון,האלונים 11 קרית טבעון,קרית טבעון,צפון,32.712736,35.125069,האלונים  קרית טבעון,street
5871,"מ.ס. רשת מתנ""סים טבעון",200,קרית טבעון,האלונים 11 קרית טבעון,קרית טבעון,צפון,32.712736,35.125069,האלונים  קרית טבעון,street
5872,הפ' הוד השרון 2,1116,הוד השרון גני צבי-תשיעיות,הוד השרון,הוד השרון,שרון,32.1561974,34.8930354,הוד השרון,street
5873,הפ' הוד השרון 2,284,הוד השרון גני צבי,המחתרות הוד השרון,הוד השרון,שרון,32.1443227,34.8774884,המחתרות הוד השרון,street
5874,הפועל הרצליה עירוני,588,הרצליה רן 2 (ילדים וטרומים),יוסף נבו 6 הרצליה,הרצליה,שרון,32.1673594,34.82377,יוסף נבו 6 הרצליה,street
5875,מ.ס. צעירי טייבה,53,טייבה,טייבה,טייבה,שרון,32.2671249,35.0089029,טייבה,fallback
5876,מ.ס. צעירי טייבה,53,טייבה,טייבה,טייבה,שרון,32.2671249,35.0089029,טייבה,fallback
5877,מ.ס. צעירי טייבה,53,טייבה,טייבה,טייבה,שרון,32.2671249,35.0089029,טייבה,fallback
5878,מ.ס. צעירי טייבה,53,טייבה,טייבה,טייבה,שרון,32.2671249,35.0089029,טייבה,fallback
5882,"מכבי יפו קביליו ""קונורטי"" ""צו פיוס""",119,תל אביב יפו נוה גולן,שדרות הבעש''ט 14 תל אביב יפו,יפו,מרכז,32.0376753,34.752471,שדרות הבעש''ט 14 תל אביב יפו,street
5883,עירוני בני כאבול,84,כאבול,כאבול,כאבול,צפון,32.8677008,35.2100551,כאבול,street
5884,עירוני בני כאבול,84,כאבול,כאבול,כאבול,צפון,32.8677008,35.2100551,כאבול,street
5885,הפ' נצרת עילית,617,נוף הגליל אימונים,יזרעאל 1 נוף הגליל,נוף הגליל,צפון,32.7045794,35.3297629,יזרעאל 1 נוף הגליל,street
5886,עירוני בני כאבול,84,כאבול,כאבול,כאבול,צפון,32.8677008,35.2100551,כאבול,street
5887,"מ.ס. קדימה צורן ""צו פיוס""",464,קדימה,הניצן 5 קדימה צורן,קדימה צורן,שרון,32.2712141,34.9197397,הניצן 5 קדימה צורן,street
5890,עירוני בית דגן,124,בית דגן,רמז בית דגן,בית דגן,מרכז,32.0047148,34.8345838,רמז בית דגן,street
5891,עירוני בית דגן,124,בית דגן,רמז בית דגן,בית דגן,מרכז,32.0047148,34.8345838,רמז בית דגן,street
5892,הפועל חיפה,359,קרית חיים-2,האיצטדיון 1 חיפה,חיפה,צפון,32.82305,35.058868,האיצטדיון  חיפה,street
5893,"מ.ס. שיכון המזרח ""צו פיוס""",233,ראשון לציון מתחת לגשר,ראשון לציון,ראשון לציון,מרכז,31.9635712,34.8101149,ראשון לציון,street
5894,מ.ס. שיכון המזרח,233,ראשון לציון מתחת לגשר,ראשון לציון,ראשון לציון,מרכז,31.9635712,34.8101149,ראשון לציון,street
5895,עירוני נשר,1006,נשר אצטדיון,דרך בר יהודה 1 נשר,נשר,צפון,32.7553561,35.0614638,דרך בר יהודה 1 נשר,street
5896,עירוני נשר,1006,נשר אצטדיון,דרך בר יהודה 1 נשר,נשר,צפון,32.7553561,35.0614638,דרך בר יהודה 1 נשר,street
5898,אחי עכו,21,עכו אצטדיון טוטו,משמר הים עכו,עכו,צפון,32.92814,35.07647,עכו,locality
5899,"הפועל ""יהודה"" אזור",41,אזור,יצחק שדה אזור,אזור,מרכז,32.0243903,34.8096147,יצחק שדה אזור,street
5901,"הפועל עירוני כרמיאל ""צו פיוס""",580,כרמיאל,מורד הגיא 99 כרמיאל,כרמיאל,צפון,32.9054806,35.2947039,מורד הגיא 99 כרמיאל,street
5902,"הפועל עירוני כרמיאל ""עילי"" ""צו פיוס""",580,כרמיאל,מורד הגיא 99 כרמיאל,כרמיאל,צפון,32.9054806,35.2947039,מורד הגיא 99 כרמיאל,street
5903,"הפועל עירוני כרמיאל ""צו פיוס""",580,כרמיאל,מורד הגיא 99 כרמיאל,כרמיאל,צפון,32.9054806,35.2947039,מורד הגיא 99 כרמיאל,street
5904,"הפועל עירוני כרמיאל ''איאד'' ""צו פיוס""",580,כרמיאל,מורד הגיא 99 כרמיאל,כרמיאל,צפון,32.9054806,35.2947039,מורד הגיא 99 כרמיאל,street
5905,הפועל עירוני כרמיאל,580,כרמיאל,מורד הגיא 99 כרמיאל,כרמיאל,צפון,32.9054806,35.2947039,מורד הגיא 99 כרמיאל,street
5906,הפועל עירוני כרמיאל,580,כרמיאל,מורד הגיא 99 כרמיאל,כרמיאל,צפון,32.9054806,35.2947039,מורד הגיא 99 כרמיאל,street
5907,הפועל עירוני כרמיאל,580,כרמיאל,מורד הגיא 99 כרמיאל,כרמיאל,צפון,32.9054806,35.2947039,מורד הגיא 99 כרמיאל,street
5911,הפועל דיר חנא,317,דיר חנא,דייר חנא,דיר חנא,צפון,32.861898,35.365638,דייר חנא,street
5912,"הפועל דיר חנא ""חג'ה סבריה""",317,דיר חנא,דייר חנא,דיר חנא,צפון,32.861898,35.365638,דייר חנא,street
5913,מ.כ. מג'דל כרום שאגור,224,כפר יאסיף,כפר יאסיף,מגדל,צפון,32.83931,35.50206,מגדל,locality
5914,מכבי עירוני ברטעה,1075,ברטעה,בסמ''ה,בסמה,שרון,32.5323092,35.1048328,בסמ''ה,street
5915,מכבי א.א. פאחם,411,אום אל פאחם סינטטי,אלהאדיה 2 אום אל פחם,אום אל פחם,שרון,32.5158385,35.152491,אום אל פחם,fallback
5918,"מ.כ.ע. אור יהודה שלמה אברהם ""צו פיוס""",39,אור יהודה,חטיבת אלכסנדרוני 2 אור יהודה,אור יהודה,מרכז,32.0253798,34.865591,חטיבת אלכסנדרוני 2 אור יהודה,street
5919,מ.כ. ע. אור יהודה,39,אור יהודה,חטיבת אלכסנדרוני 2 אור יהודה,אור יהודה,מרכז,32.0253798,34.865591,חטיבת אלכסנדרוני 2 אור יהודה,street
5920,"בית""ר פ""ת משה לוי",595,פתח תקוה סירקין ספורטק אצטדיון,הרב עובדיה יוסף 3 פתח תקווה,פתח תקווה,מרכז,32.0813004,34.9065744,הרב עובדיה יוסף 3 פתח תקווה,street
5921,"בית""ר פ""ת משה לוי ""צו פיוס""",1059,פתח תקוה סירקין אימונים 2 (סינטטי),הרב עובדיה יוסף 3 פתח תקווה,פתח תקווה,מרכז,32.0813004,34.9065744,הרב עובדיה יוסף 3 פתח תקווה,street
5922,"בית""ר פ""ת משה לוי",1059,פתח תקוה סירקין אימונים 2 (סינטטי),הרב עובדיה יוסף 3 פתח תקווה,פתח תקווה,מרכז,32.0813004,34.9065744,הרב עובדיה יוסף 3 פתח תקווה,street
5923,"בית""ר פ""ת ""משה לוי""",1059,פתח תקוה סירקין אימונים 2 (סינטטי),הרב עובדיה יוסף 3 פתח תקווה,פתח תקווה,מרכז,32.0813004,34.9065744,הרב עובדיה יוסף 3 פתח תקווה,street
5925,הפועל אשכול,132,נופי הבשור מועצה אזורית אשכול,מגן,מגן,דרום,31.2990681,34.4289248,מגן,street
5926,מכבי עירוני ברטעה,88,ערערה,ערערה,ערערה,שרון,32.4965507,35.0955581,ערערה,street
5927,מכבי עירוני ברטעה,88,ערערה,ערערה,ערערה,שרון,32.4965507,35.0955581,ערערה,street
5929,בני סכנין,596,סכנין אימונים סינטטי,אלריאדה סח'נין,סח’נין,צפון,32.86506,35.29771,סחנין,locality
5930,בני סכנין 1,596,סכנין אימונים סינטטי,אלריאדה סח'נין,סח’נין,צפון,32.86506,35.29771,סחנין,locality
5931,בני סכנין,596,סכנין אימונים סינטטי,אלריאדה סח'נין,סח’נין,צפון,32.86506,35.29771,סחנין,locality
5932,מ.ס. בני קלנסואה,62,ג'לגו'ליה,ג'לג'וליה,ג’לג’וליה,שרון,32.152285,34.9536543,ג'לג'וליה,street
5934,מ.ס. בני קלנסואה,102,קלנסואה,סוראקה קלנסווה,קלנסווה,שרון,32.28493,34.98106,קלנסווה,locality
5935,מכבי הרצליה,334,הרצליה רן 1,הרצליה,הרצליה,שרון,32.1656255,34.8469023,הרצליה,street
5936,הפועל ג'לג'וליה,62,ג'לגו'ליה,ג'לג'וליה,ג’לג’וליה,שרון,32.152285,34.9536543,ג'לג'וליה,street
5937,הפועל ג'לג'וליה,62,ג'לגו'ליה,ג'לג'וליה,ג’לג’וליה,שרון,32.152285,34.9536543,ג'לג'וליה,street
5938,בני סכנין 2,596,סכנין אימונים סינטטי,אלריאדה סח'נין,סח’נין,צפון,32.86506,35.29771,סחנין,locality
5940,מ.ס. כפר קמא,141,כפר כמא,כפר כמא,כפר כמא,צפון,32.721053,35.4407705,כפר כמא,street
5941,מ.ס. כפר קמא,141,כפר כמא,כפר כמא,כפר כמא,צפון,32.721053,35.4407705,כפר כמא,street
5942,מ.ס. כפר קמא,141,כפר כמא,כפר כמא,כפר כמא,צפון,32.721053,35.4407705,כפר כמא,street
5944,הפ' בני מוסמוס מעלה עירון,1075,ברטעה,בסמ''ה,בסמה,שרון,32.5323092,35.1048328,בסמ''ה,street
5948,הפועל אורנית,516,אורנית,מבוא אורנית 2 אורנית,אורנית,מרכז,32.1309209,34.9919607,אורנית,fallback
5950,מ.כ. אחווה כפר מנדא,152,כפר מנדא חדש,כפר מנדא,כפר מנדא,צפון,32.8114088,35.259756,כפר מנדא,street
5955,מ.ס. קרית ים,1345,קרית ים רודמן,קרית ים,קרית ים,צפון,32.8502229,35.0703245,קרית ים,street
5957,"בית""ר חיפה",313,עתלית,מלח הארץ עתלית,עתלית,צפון,32.68889,34.94236,עתלית,locality
5960,מ.ס. דבוריה,293,דבוריה,דבוריה,דבוריה,צפון,32.6927785,35.3716044,דבוריה,street
5961,הפ' כפר שלם יוסי שרעבי,1274,תל אביב ספורטק דרום 2 סינטטי,שתולים 82 תל אביב יפו,יפו,מרכז,32.0458964,34.7949441,שתולים 82 תל אביב יפו,street
5964,"מ.כ. מזכרת בתיה ""צו פיוס""",122,"מזכרת בתיה ע""ש אדיר פורטוגל",שרה טולדנו 1 מזכרת בתיה,מזכרת בתיה,דרום,31.8412361,34.8492709,שרה טולדנו 1 מזכרת בתיה,street
5985,הפ' איחוד אעבלין,236,אעבלין,אעבלין,אעבלין,צפון,32.8209166,35.19133,אעבלין,street
5986,הפ' איחוד אעבלין,236,אעבלין,אעבלין,אעבלין,צפון,32.8209166,35.19133,אעבלין,street
5989,מ.כ. בועיינה נוג'ידאת,1079,בועיינה נוג'ידאת,בועיינה נוג'יידאת,בועיינה,צפון,32.8056259,35.3646736,בועיינה,fallback
5990,מ.כ. בועיינה נוג'ידאת,218,בועיינה,,בועיינה,צפון,32.8056259,35.3646736,בועיינה,fallback
5992,הפועל שפרעם,31,שפרעם,שפרעם,שפרעם,צפון,32.8045765,35.1723866,שפרעם,street
6009,הפ' בני לוד רכבת,573,לוד אימונים 1,דרך הרמ''א  לוד,לוד,מרכז,31.933597,34.889205,דרך הרמ''א  לוד,street
6010,מכבי נתניה 3,1078,נתניה שפירא,צבי מויססקו 12 נתניה,נתניה,שרון,32.2922515,34.8587201,צבי מויססקו 12 נתניה,street
6012,"בני יהודה ת""א",346,תל אביב שכונת התקוה סינטטי 2,כביר 20 תל אביב יפו,יפו,מרכז,32.049887,34.788742,כביר 20 תל אביב יפו,street
6016,"מכבי עמישב פ""ת ""צו פיוס""",595,פתח תקוה סירקין ספורטק אצטדיון,הרב עובדיה יוסף 3 פתח תקווה,פתח תקווה,מרכז,32.0813004,34.9065744,הרב עובדיה יוסף 3 פתח תקווה,street
6019,מכבי תל אביב,395,תל אביב קרית שלום 3 סינטטי,דרך בן צבי תל אביב יפו,יפו,מרכז,32.042069,34.77215,דרך בן צבי תל אביב יפו,street
6020,הפועל עמק הירדן,1147,קיבוץ מעגן,מעגן,מעגן,צפון,32.706731,35.6010794,מעגן,street
6025,הפועל עכו 1,1167,עכו הפועל עכו חדש,שלום הגליל 1 עכו,עכו,צפון,32.9195753,35.0920147,שלום הגליל 1 עכו,street
6027,הפ' י-ם אורי נתן,1310,אבו גוש,השדות 2 אבו גוש,אבו גוש,מרכז,31.80592,35.1093,אבו גוש,locality
6028,הפועל מטה אשר,1103,עין המפרץ נעמן,עין המפרץ,עין המפרץ,צפון,32.9036151,35.0961117,עין המפרץ,street
6029,הפועל הרצליה עירוני,588,הרצליה רן 2 (ילדים וטרומים),יוסף נבו 6 הרצליה,הרצליה,שרון,32.1673594,34.82377,יוסף נבו 6 הרצליה,street
6030,הפ' כפר קאסם שועאע,61,כפר קאסם עליון סינטטי,א תוובה 2 כפר קאסם,כפר קאסם,מרכז,32.1147143,34.9755998,כפר קאסם,fallback
6032,"הכח מכבי עמידר ר""ג צפון",402,רמת גן ספארי (תשיעיות),שדרת הצבי 1 רמת גן,רמת גן,מרכז,32.0526749,34.8262636,שדרת הצבי 1 רמת גן,street
6033,מ.ס. שיכון המזרח,233,ראשון לציון מתחת לגשר,ראשון לציון,ראשון לציון,מרכז,31.9635712,34.8101149,ראשון לציון,street
6035,מ.כ. מג'דל כרום שאגור,1306,נהריה 3 סינטטי,שלום הגליל 8 נהריה,נהריה,צפון,33.0117577,35.1089668,שלום הגליל 8 נהריה,street
6036,מכבי שוהם איתי,608,שוהם,גפן שוהם,שוהם,מרכז,31.98781,34.9365866,גפן שוהם,street
6037,א.ס. רמת אליהו בני ספיר,184,ראשון לציון רמת אליהו,אבא הלל סילבר ראשון לציון,ראשון לציון,מרכז,31.9846639,34.7850306,אבא הלל סילבר ראשון לציון,street
6040,"בית""ר חיפה",55,יקנעם,הגנים יקנעם,חיפה,צפון,32.81303,34.99928,חיפה,locality
6041,הפ' הוד השרון 2,284,הוד השרון גני צבי,המחתרות הוד השרון,הוד השרון,שרון,32.1443227,34.8774884,המחתרות הוד השרון,street
6042,בני סכנין 2,596,סכנין אימונים סינטטי,אלריאדה סח'נין,סח’נין,צפון,32.86506,35.29771,סחנין,locality
6045,"עוצמה מ.כ.""הרצל"" חולון",1316,חולון טוטו,משה דיין  חולון,חולון,מרכז,32.000768,34.770396,משה דיין  חולון,street
6047,מכבי אחי איכסל,237,איכסל,אכסאל,איכסל,צפון,32.6815837,35.3239769,איכסל,fallback
6048,הפועל כפר שלם 'יוחנן אברהמי',1274,תל אביב ספורטק דרום 2 סינטטי,שתולים 82 תל אביב יפו,יפו,מרכז,32.0458964,34.7949441,שתולים 82 תל אביב יפו,street
6049,מ.ס.  בני קלנסואה,102,קלנסואה,סוראקה קלנסווה,קלנסווה,שרון,32.28493,34.98106,קלנסווה,locality
6050,מ.ס. בני קלנסואה,62,ג'לגו'ליה,ג'לג'וליה,ג’לג’וליה,שרון,32.152285,34.9536543,ג'לג'וליה,street
6053,"הפ' בית אליעזר ""צו פיוס""",50,חדרה בית אליעזר,כ''ט בנובמבר חדרה,חדרה,שרון,32.4285836,34.9514667,כ''ט בנובמבר חדרה,street
6055,"בית""ר גבעת זאב",399,גבעת זאב,התאנה גבעת זאב,גבעת זאב,מרכז,31.8623329,35.1687498,גבעת זאב,fallback
6059,"מ.ס. באר שבע ""צו פיוס""",1253,באר שבע רייסר 1 סינטטי,שלושת המצפים 3 באר שבע,באר שבע,דרום,31.2329997,34.8099317,שלושת המצפים 3 באר שבע,street
6060,"מ.ס. ב""ש 2 ""צו פיוס""",1253,באר שבע רייסר 1 סינטטי,שלושת המצפים 3 באר שבע,באר שבע,דרום,31.2329997,34.8099317,שלושת המצפים 3 באר שבע,street
6070,מכבי ע. זכרון יעקב,51,זכרון יעקב,הברושים זכרון יעקב,זכרון יעקב,שרון,32.5750652,34.9505678,הברושים זכרון יעקב,street
6075,הפ' מעגן מיכאל,1060,מעגן מיכאל,מעגן מיכאל,מעגן מיכאל,שרון,32.5553209,34.9166572,מעגן מיכאל,street
6076,הפ' מעגן מיכאל,1060,מעגן מיכאל,מעגן מיכאל,מעגן מיכאל,שרון,32.5553209,34.9166572,מעגן מיכאל,street
6081,הפועל תרשיחא,253,תרשיחא,מעלות תרשיחא,מעלות תרשיחא,צפון,33.0157394,35.2759666,מעלות תרשיחא,street
6082,הפועל תרשיחא,253,תרשיחא,מעלות תרשיחא,מעלות תרשיחא,צפון,33.0157394,35.2759666,מעלות תרשיחא,street
6083,עירוני בית דגן,124,בית דגן,רמז בית דגן,בית דגן,מרכז,32.0047148,34.8345838,רמז בית דגן,street
6086,מ.ס. צעירי טורעאן,1079,בועיינה נוג'ידאת,בועיינה נוג'יידאת,טורעאן,צפון,32.7783,35.37323,טורעאן,locality
6088,הפ' עירוני ערערה,88,ערערה,ערערה,ערערה,שרון,32.4965507,35.0955581,ערערה,street
6089,הפ' עירוני ערערה,88,ערערה,ערערה,ערערה,שרון,32.4965507,35.0955581,ערערה,street
6094,מכבי עירוני בת ים דרום,245,בת ים אצטדיון טוטו,דרך מנחם בגין 7 בת ים,בת ים,מרכז,31.998446,34.743239,דרך מנחם בגין  בת ים,street
6096,הפ' פתח תקוה יעקב ניראון,1136,פתח תקוה מושבה דרומי,דרך אם המושבות 10 פתח תקווה,פתח תקווה,מרכז,32.102633,34.864924,דרך אם המושבות  פתח תקווה,street
6100,הפ' ניר רמת השרון צפון,1106,רמת השרון סינטטי,דרך דודו דותן 2 רמת השרון,רמת השרון,שרון,32.14613,34.8394,רמת השרון,locality
6102,מ.כ. נוה יוסף,1160,חיפה אגרטק (אתוס 2 לשעבר),קדושי יאסי 2 חיפה,חיפה,צפון,32.7916931,34.9644972,קדושי יאסי 2 חיפה,street
6103,מ.כ. נוה יוסף,1160,חיפה אגרטק (אתוס 2 לשעבר),קדושי יאסי 2 חיפה,חיפה,צפון,32.7916931,34.9644972,קדושי יאסי 2 חיפה,street
6105,הפועל מ.א. משגב,513,משגב,רקפת,רקפת,צפון,32.8547224,35.2642924,רקפת,street
6112,מכבי דלית אל כרמל,58,דלית אל כרמל,אלרוחראח  דאלית אל כרמל,דלית אל כרמל,צפון,32.6869077,35.057284,אלרוחראח  דאלית אל כרמל,street
6113,מכבי דלית אל כרמל,58,דלית אל כרמל,אלרוחראח  דאלית אל כרמל,דלית אל כרמל,צפון,32.6869077,35.057284,אלרוחראח  דאלית אל כרמל,street
6115,מכבי עמק חפר,352,קיבוץ גבעת חיים,גבעת חיים איחוד,גבעת חיים (איחוד),שרון,32.4002771,34.9330496,גבעת חיים איחוד,street
6116,הפועל הרצליה עירוני,334,הרצליה רן 1,הרצליה,הרצליה,שרון,32.1656255,34.8469023,הרצליה,street
6117,"מ.ס. רשת מתנ""סים טבעון",200,קרית טבעון,האלונים 11 קרית טבעון,קרית טבעון,צפון,32.712736,35.125069,האלונים  קרית טבעון,street
6118,אחי עכו,21,עכו אצטדיון טוטו,משמר הים עכו,עכו,צפון,32.92814,35.07647,עכו,locality
6120,מ.כ. בועיינה נוג'ידאת,1079,בועיינה נוג'ידאת,בועיינה נוג'יידאת,בועיינה,צפון,32.8056259,35.3646736,בועיינה,fallback
6121,מ.כ. בועיינה נוג'ידאת,1079,בועיינה נוג'ידאת,בועיינה נוג'יידאת,בועיינה,צפון,32.8056259,35.3646736,בועיינה,fallback
6122,מ.כ. בועיינה נוג'ידאת,1079,בועיינה נוג'ידאת,בועיינה נוג'יידאת,בועיינה,צפון,32.8056259,35.3646736,בועיינה,fallback
6123,הפ' אחוה חיפה,602,חיפה אבי רן 2,צביה ויצחק חיפה,חיפה,צפון,32.7941142,34.9684183,צביה ויצחק חיפה,street
6125,הפ' אלאתיחאד נצרת,331,נצרת עילוט אימונים סינטטי,עילוט,עילוט,צפון,32.718281,35.2612603,עילוט,street
6126,הפ' אלאתיחאד נצרת,331,נצרת עילוט אימונים סינטטי,עילוט,עילוט,צפון,32.718281,35.2612603,עילוט,street
6128,"הפועל אורנית ""צו פיוס""",516,אורנית,מבוא אורנית 2 אורנית,אורנית,מרכז,32.1309209,34.9919607,אורנית,fallback
6129,"עירוני מודיעין ""צו פיוס""",1186,מודיעין מגרש ליגד,עמק האלה 51 מודיעין מכבים רעות,מודיעין מכבים רעות,מרכז,31.9132208,35.006815,עמק האלה 51 מודיעין מכבים רעות,street
6130,מ.ס. צעירי טייבה,53,טייבה,טייבה,טייבה,שרון,32.2671249,35.0089029,טייבה,fallback
6134,"עירוני מודיעין ""צו פיוס""",1186,מודיעין מגרש ליגד,עמק האלה 51 מודיעין מכבים רעות,מודיעין מכבים רעות,מרכז,31.9132208,35.006815,עמק האלה 51 מודיעין מכבים רעות,street
6135,ע. מודיעין,1186,מודיעין מגרש ליגד,עמק האלה 51 מודיעין מכבים רעות,מודיעין מכבים רעות,מרכז,31.9132208,35.006815,עמק האלה 51 מודיעין מכבים רעות,street
6136,עירוני מודיעין,1186,מודיעין מגרש ליגד,עמק האלה 51 מודיעין מכבים רעות,מודיעין מכבים רעות,מרכז,31.9132208,35.006815,עמק האלה 51 מודיעין מכבים רעות,street
6137,ע. מודיעין 2,1186,מודיעין מגרש ליגד,עמק האלה 51 מודיעין מכבים רעות,מודיעין מכבים רעות,מרכז,31.9132208,35.006815,עמק האלה 51 מודיעין מכבים רעות,street
6138,ע. מודיעין,1186,מודיעין מגרש ליגד,עמק האלה 51 מודיעין מכבים רעות,מודיעין מכבים רעות,מרכז,31.9132208,35.006815,עמק האלה 51 מודיעין מכבים רעות,street
6139,ע. מודיעין 2,1186,מודיעין מגרש ליגד,עמק האלה 51 מודיעין מכבים רעות,מודיעין מכבים רעות,מרכז,31.9132208,35.006815,עמק האלה 51 מודיעין מכבים רעות,street
6140,ע. מודיעין 2,1186,מודיעין מגרש ליגד,עמק האלה 51 מודיעין מכבים רעות,מודיעין מכבים רעות,מרכז,31.9132208,35.006815,עמק האלה 51 מודיעין מכבים רעות,street
6141,עירוני מודיעין 2,1186,מודיעין מגרש ליגד,עמק האלה 51 מודיעין מכבים רעות,מודיעין מכבים רעות,מרכז,31.9132208,35.006815,עמק האלה 51 מודיעין מכבים רעות,street
6145,הפ' בית שאן מסילות,148,בית שאן,בית שאן,בית שאן,צפון,32.4967519,35.4973022,בית שאן,street
6146,הפ' בית שאן מסילות,365,בית שאן אימונים,בית שאן,בית שאן,צפון,32.4967519,35.4973022,בית שאן,street
6151,מכבי יפו קביליו ברוך ברוך,119,תל אביב יפו נוה גולן,שדרות הבעש''ט 14 תל אביב יפו,יפו,מרכז,32.0376753,34.752471,שדרות הבעש''ט 14 תל אביב יפו,street
6152,הפועל בני זמר,1020,בת חפר יישוב,בת חפר,בת חפר,שרון,32.3345015,35.012351,בת חפר,street
6155,בני אילת,1312,אילת קרית הספורט סינטטי,אילת,אילת,דרום,29.5569348,34.9497949,אילת,street
6161,"בית""ר נהריה",1306,נהריה 3 סינטטי,שלום הגליל 8 נהריה,נהריה,צפון,33.0117577,35.1089668,שלום הגליל 8 נהריה,street
6164,מכבי קרית מלאכי,1088,קרית מלאכי סינטטי,הרצל 70 קרית מלאכי,קרית מלאכי,דרום,31.7365647,34.7418154,הרצל 70 קרית מלאכי,street
6165,הפ' בני אעבלין ''איאד'',236,אעבלין,אעבלין,אעבלין,צפון,32.8209166,35.19133,אעבלין,street
6166,הפ' בני אעבלין,236,אעבלין,אעבלין,אעבלין,צפון,32.8209166,35.19133,אעבלין,street
6168,הפ' איחוד אעבלין,236,אעבלין,אעבלין,אעבלין,צפון,32.8209166,35.19133,אעבלין,street
6170,מ.ס. קרית ים,1269,קרית ים סינטטי,פנחס לבון 1 קרית ים,קרית ים,צפון,32.8553846,35.0765524,פנחס לבון 1 קרית ים,street
6172,מכבי עמק חפר 2,352,קיבוץ גבעת חיים,גבעת חיים איחוד,גבעת חיים (איחוד),שרון,32.4002771,34.9330496,גבעת חיים איחוד,street
6173,מ.כ. בנימינה,606,בנימינה,דרך ניל''י 28 בנימינה גבעת עדה,גבעת עדה,שרון,32.521485,34.942256,דרך ניל''י  בנימינה גבעת עדה,street
6174,הפ' פתח תקווה צפון,1136,פתח תקוה מושבה דרומי,דרך אם המושבות 10 פתח תקווה,פתח תקווה,מרכז,32.102633,34.864924,דרך אם המושבות  פתח תקווה,street
6178,הפ' בית שאן מסילות יהודה עיני,365,בית שאן אימונים,בית שאן,בית שאן,צפון,32.4967519,35.4973022,בית שאן,street
6180,הפועל נחף,81,נחף,נחף,נחף,צפון,32.9345686,35.31763,נחף,street
6182,"בית""ר נהריה",1306,נהריה 3 סינטטי,שלום הגליל 8 נהריה,נהריה,צפון,33.0117577,35.1089668,שלום הגליל 8 נהריה,street
6186,מכבי ע. זכרון יעקב,51,זכרון יעקב,הברושים זכרון יעקב,זכרון יעקב,שרון,32.5750652,34.9505678,הברושים זכרון יעקב,street
6188,הפ' מעגן מיכאל,1060,מעגן מיכאל,מעגן מיכאל,מעגן מיכאל,שרון,32.5553209,34.9166572,מעגן מיכאל,street
6189,מכבי נתניה,1078,נתניה שפירא,צבי מויססקו 12 נתניה,נתניה,שרון,32.2922515,34.8587201,צבי מויססקו 12 נתניה,street
6190,הפ' קרית שמונה 2,1198,קרית שמונה סינטטי חדש,תל חי 4 קרית שמונה,קרית שמונה,צפון,33.2235285,35.5757816,תל חי 4 קרית שמונה,street
6191,מכבי עירוני ג'ת,341,כפר ג'ת המשולש,ד''ר ע. אלרחים ותד 2 ג'ת,ג’ת,שרון,32.39805,35.03804,גת,locality
6195,מכבי תל אביב 2,393,"תל אביב אוניברסיטת ת""א",קלצ'קין 4 תל אביב יפו,יפו,מרכז,32.117079,34.804092,קלצ'קין 4 תל אביב יפו,street
6216,"הפ' ניר רמה""ש צפון",1281,רמת השרון סינטטי קטן,דרך דודו דותן 2 רמת השרון,רמת השרון,שרון,32.14613,34.8394,רמת השרון,locality
6219,הפועל נחף,81,נחף,נחף,נחף,צפון,32.9345686,35.31763,נחף,street
6220,הפועל נחף,81,נחף,נחף,נחף,צפון,32.9345686,35.31763,נחף,street
6222,הפועל י-ם,1210,ירושלים עמק הארזים 2,זאב טור סיני 1 ירושלים,ירושלים,מרכז,31.76904,35.21633,ירושלים,locality
6223,הפועל י-ם,1310,אבו גוש,השדות 2 אבו גוש,אבו גוש,מרכז,31.80592,35.1093,אבו גוש,locality
6224,הפועל תרשיחא,44,מעלות,בן גוריון 1 מעלות תרשיחא,מעלות תרשיחא,צפון,33.0136558,35.286681,בן גוריון 1 מעלות תרשיחא,street
6225,הפועל תרשיחא,44,מעלות,בן גוריון 1 מעלות תרשיחא,מעלות תרשיחא,צפון,33.0136558,35.286681,בן גוריון 1 מעלות תרשיחא,street
6230,הפ' כפר קאסם שועאע,61,כפר קאסם עליון סינטטי,א תוובה 2 כפר קאסם,כפר קאסם,מרכז,32.1147143,34.9755998,כפר קאסם,fallback
6231,הפ' כפר קאסם שועאע,61,כפר קאסם עליון סינטטי,א תוובה 2 כפר קאסם,כפר קאסם,מרכז,32.1147143,34.9755998,כפר קאסם,fallback
6232,"מ.ס.ראשל""צ",397,ראשון לציון תיכון עמית,שדרות בן גוריון ראשון לציון,ראשון לציון,מרכז,31.971376,34.791045,שדרות בן גוריון ראשון לציון,street
6238,הפ' עירוני גדרה,1224,גדרה,וייצמן 44 גדרה,גדרה,דרום,31.8164497,34.7805624,וייצמן 44 גדרה,street
6245,"הפועל הוד השרון ""צו פיוס""",284,הוד השרון גני צבי,המחתרות הוד השרון,הוד השרון,שרון,32.1443227,34.8774884,המחתרות הוד השרון,street
6246,מכבי אחי איכסל,237,איכסל,אכסאל,איכסל,צפון,32.6815837,35.3239769,איכסל,fallback
6247,הפ' בית אליעזר,50,חדרה בית אליעזר,כ''ט בנובמבר חדרה,חדרה,שרון,32.4285836,34.9514667,כ''ט בנובמבר חדרה,street
6248,"הפועל ב""ש לבן",966,באר שבע וסרמיל 1,אצ''ל 6 באר שבע,באר שבע,דרום,31.2720302,34.7777836,אצ''ל 6 באר שבע,street
6249,"עירוני מודיעין ""צו פיוס""",1186,מודיעין מגרש ליגד,עמק האלה 51 מודיעין מכבים רעות,מודיעין מכבים רעות,מרכז,31.9132208,35.006815,עמק האלה 51 מודיעין מכבים רעות,street
6255,מ.כ. נוה יוסף,400,חיפה אבי רן,צביה ויצחק חיפה,חיפה,צפון,32.7941142,34.9684183,צביה ויצחק חיפה,street
6256,הפועל בני בענה,603,בענה,בענה,בענה,צפון,32.9280587,35.272169,בענה,street
6260,מכבי יפו קביליו,119,תל אביב יפו נוה גולן,שדרות הבעש''ט 14 תל אביב יפו,יפו,מרכז,32.0376753,34.752471,שדרות הבעש''ט 14 תל אביב יפו,street
6264,מכבי השרון נתניה ויקטור עטיה,1078,נתניה שפירא,צבי מויססקו 12 נתניה,נתניה,שרון,32.2922515,34.8587201,צבי מויססקו 12 נתניה,street
6265,מ.ס. כפר כמא,141,כפר כמא,כפר כמא,כפר כמא,צפון,32.721053,35.4407705,כפר כמא,street
6267,הפועל ירושלים,196,ירושלים קרית יובל,ישראל זנגוויל 23 ירושלים,ירושלים,מרכז,31.764475,35.1778844,ישראל זנגוויל  ירושלים,street
6269,מ.כ. אחווה כפר מנדא,152,כפר מנדא חדש,כפר מנדא,כפר מנדא,צפון,32.8114088,35.259756,כפר מנדא,street
6273,בני א.א.פאחם,411,אום אל פאחם סינטטי,אלהאדיה 2 אום אל פחם,אום אל פחם,שרון,32.5158385,35.152491,אום אל פחם,fallback
6274,בני א.א.פאחם,367,אום אל פחם,אום אל פחם,אום אל פחם,שרון,32.5158385,35.152491,אום אל פחם,fallback
6275,בני א.א.פאחם,411,אום אל פאחם סינטטי,אלהאדיה 2 אום אל פחם,אום אל פחם,שרון,32.5158385,35.152491,אום אל פחם,fallback
6276,מ.כ.צעירי טמרה,254,טמרה,טמרה,טמרה,צפון,32.85301,35.1987,טמרה,locality
6277,מ.כ. צעירי טמרה,254,טמרה,טמרה,טמרה,צפון,32.85301,35.1987,טמרה,locality
6278,מ.כ. צעירי טמרה,254,טמרה,טמרה,טמרה,צפון,32.85301,35.1987,טמרה,locality
6279,הפ' איחוד בני ג'ת,341,כפר ג'ת המשולש,ד''ר ע. אלרחים ותד 2 ג'ת,ג’ת,שרון,32.39805,35.03804,גת,locality
6280,הפ' איחוד בני ג'ת,341,כפר ג'ת המשולש,ד''ר ע. אלרחים ותד 2 ג'ת,ג’ת,שרון,32.39805,35.03804,גת,locality
6281,הפ' איחוד בני ג'ת,341,כפר ג'ת המשולש,ד''ר ע. אלרחים ותד 2 ג'ת,ג’ת,שרון,32.39805,35.03804,גת,locality
6283,הפ' מעגן מיכאל,1060,מעגן מיכאל,מעגן מיכאל,מעגן מיכאל,שרון,32.5553209,34.9166572,מעגן מיכאל,street
6285,הפ' מעגן מיכאל,1060,מעגן מיכאל,מעגן מיכאל,מעגן מיכאל,שרון,32.5553209,34.9166572,מעגן מיכאל,street
6286,"מכבי השקמה חן צפון ""צו פיוס""",181,רמת גן השקמה,אחד העם 8 רמת גן,רמת גן,מרכז,32.08227,34.81065,רמת גן,locality
6290,הפ' דלית אל כרמל,58,דלית אל כרמל,אלרוחראח  דאלית אל כרמל,דלית אל כרמל,צפון,32.6869077,35.057284,אלרוחראח  דאלית אל כרמל,street
6291,הפ' ע. בקה אל גרבייה,1142,בקה אל גרביה סינטטי,אלקודס 25 באקה אל ע'רביה,בקה אל ע’רביה,שרון,32.426394,35.04819,אלקודס  באקה אל ע'רביה,street
6292,הפ' ע. בקה אל גרבייה 1,1142,בקה אל גרביה סינטטי,אלקודס 25 באקה אל ע'רביה,בקה אל ע’רביה,שרון,32.426394,35.04819,אלקודס  באקה אל ע'רביה,street
6293,הפ' ע. בקה אל גרבייה,1142,בקה אל גרביה סינטטי,אלקודס 25 באקה אל ע'רביה,בקה אל ע’רביה,שרון,32.426394,35.04819,אלקודס  באקה אל ע'רביה,street
6298,"בית""ר כפר כנא",78,כפר כנא,אל מלעב כפר כנא,כפר כנא,צפון,32.751207,35.337654,אל מלעב כפר כנא,street
6302,הפועל א.א. פאחם,411,אום אל פאחם סינטטי,אלהאדיה 2 אום אל פחם,אום אל פחם,שרון,32.5158385,35.152491,אום אל פחם,fallback
6303,הפועל א.א. פאחם,411,אום אל פאחם סינטטי,אלהאדיה 2 אום אל פחם,אום אל פחם,שרון,32.5158385,35.152491,אום אל פחם,fallback
6304,הפועל א.א. פאחם,411,אום אל פאחם סינטטי,אלהאדיה 2 אום אל פחם,אום אל פחם,שרון,32.5158385,35.152491,אום אל פחם,fallback
6305,הפועל א.א. פאחם,411,אום אל פאחם סינטטי,אלהאדיה 2 אום אל פחם,אום אל פחם,שרון,32.5158385,35.152491,אום אל פחם,fallback
6306,הפועל א.א. פאחם,411,אום אל פאחם סינטטי,אלהאדיה 2 אום אל פחם,אום אל פחם,שרון,32.5158385,35.152491,אום אל פחם,fallback
6307,הפועל א.א. פאחם 2,367,אום אל פחם,אום אל פחם,אום אל פחם,שרון,32.5158385,35.152491,אום אל פחם,fallback
6309,הפועל בני זלפה,1075,ברטעה,בסמ''ה,בסמה,שרון,32.5323092,35.1048328,בסמ''ה,street
6313,"אליצור יפו ת""א",119,תל אביב יפו נוה גולן,שדרות הבעש''ט 14 תל אביב יפו,יפו,מרכז,32.0376753,34.752471,שדרות הבעש''ט 14 תל אביב יפו,street
6314,"מ.ס. רשת מתנ""סים טבעון ""צו פיוס""",200,קרית טבעון,האלונים 11 קרית טבעון,קרית טבעון,צפון,32.712736,35.125069,האלונים  קרית טבעון,street
6317,הפ' כפר קאסם שועאע(,61,כפר קאסם עליון סינטטי,א תוובה 2 כפר קאסם,כפר קאסם,מרכז,32.1147143,34.9755998,כפר קאסם,fallback
6318,הפ' מ.ס חבל מודיעין,1153,כפר בן שמן,בן שמן,בן שמן,מרכז,31.9522788,34.921944,בן שמן,street
6319,הפ' מ.ס חבל מודיעין,1153,כפר בן שמן,בן שמן,בן שמן,מרכז,31.9522788,34.921944,בן שמן,street
6321,"מ.ס.קרית ים ""דניאל"" ""צו פיוס""",1269,קרית ים סינטטי,פנחס לבון 1 קרית ים,קרית ים,צפון,32.8553846,35.0765524,פנחס לבון 1 קרית ים,street
6324,הפ' בני אעבלין,254,טמרה,טמרה,טמרה,צפון,32.85301,35.1987,טמרה,locality
6326,הפועל כפר ברא,1104,כפר ברא,כפר ברא,כפר ברא,שרון,32.1312845,34.9707954,כפר ברא,street
6327,הפועל כפר ברא,1104,כפר ברא,כפר ברא,כפר ברא,שרון,32.1312845,34.9707954,כפר ברא,street
6329,מ.כ. מכבי נהריה,1305,נהריה 2 סינטטי,שלום הגליל 8 נהריה,נהריה,צפון,33.0117577,35.1089668,שלום הגליל 8 נהריה,street
6330,מ.כ. מכבי נהריה,1305,נהריה 2 סינטטי,שלום הגליל 8 נהריה,נהריה,צפון,33.0117577,35.1089668,שלום הגליל 8 נהריה,street
6331,מ.כ. מכבי נהריה,1305,נהריה 2 סינטטי,שלום הגליל 8 נהריה,נהריה,צפון,33.0117577,35.1089668,שלום הגליל 8 נהריה,street
6332,מ.כ. מכבי נהריה 2,1305,נהריה 2 סינטטי,שלום הגליל 8 נהריה,נהריה,צפון,33.0117577,35.1089668,שלום הגליל 8 נהריה,street
6333,הפועל ע. ערערה,88,ערערה,ערערה,ערערה,שרון,32.4965507,35.0955581,ערערה,street
6335,בני בית ג'אן,596,סכנין אימונים סינטטי,אלריאדה סח'נין,סח’נין,צפון,32.86506,35.29771,סחנין,locality
6336,"מ.כ. מזכרת בתיה ""צו פיוס""",122,"מזכרת בתיה ע""ש אדיר פורטוגל",שרה טולדנו 1 מזכרת בתיה,מזכרת בתיה,דרום,31.8412361,34.8492709,שרה טולדנו 1 מזכרת בתיה,street
6337,מכבי קרית מלאכי,1088,קרית מלאכי סינטטי,הרצל 70 קרית מלאכי,קרית מלאכי,דרום,31.7365647,34.7418154,הרצל 70 קרית מלאכי,street
6343,מכבי בני ריינה,1291,ריינה סינטטי,ריינה,ריינה,צפון,32.723612,35.312492,ריינה,street
6344,מכבי בני ריינה,1291,ריינה סינטטי,ריינה,ריינה,צפון,32.723612,35.312492,ריינה,street
6348,"הכח מכבי עמידר ר""ג דרום",613,רמת גן ספארי,שדרת הצבי 2 רמת גן,רמת גן,מרכז,32.0526749,34.8262636,שדרת הצבי 2 רמת גן,street
6351,הפ' בני אעבלין,254,טמרה,טמרה,טמרה,צפון,32.85301,35.1987,טמרה,locality
6352,הפועל עליה כפ״ס,1004,"כפר סבא עליה כ""ס",טהון כפר סבא,כפר סבא,שרון,32.187791,34.903422,טהון כפר סבא,street
6354,הפ' תל אביב צפון,417,תל אביב וולפסון 2,הלוחמים חולון,חולון,מרכז,32.0353386,34.7678567,הלוחמים חולון,street
6355,שמשון תל אביב,1352,תל אביב ספורטק צפון מגרש מזרחי,שדרות רוקח 40 תל אביב יפו,יפו,מרכז,32.098446,34.787669,שדרות רוקח 40 תל אביב יפו,street
6356,"הפ' פ""ת 'עודד דוקטורי'",1136,פתח תקוה מושבה דרומי,דרך אם המושבות 10 פתח תקווה,פתח תקווה,מרכז,32.102633,34.864924,דרך אם המושבות  פתח תקווה,street
6365,מכבי עין מאהל,232,עין מאהל,מאלכ אבן אנס 8 עין מאהל,עין מאהל,צפון,32.72325,35.35298,עין מאהל,locality
6366,הפ' אום אל פאחם,411,אום אל פאחם סינטטי,אלהאדיה 2 אום אל פחם,אום אל פחם,שרון,32.5158385,35.152491,אום אל פחם,fallback
6367,הפ' אום אל פאחם,411,אום אל פאחם סינטטי,אלהאדיה 2 אום אל פחם,אום אל פחם,שרון,32.5158385,35.152491,אום אל פחם,fallback
6370,"מ.כ כפר קאסם ""ניבראס""",61,כפר קאסם עליון סינטטי,א תוובה 2 כפר קאסם,כפר קאסם,מרכז,32.1147143,34.9755998,כפר קאסם,fallback
6375,מכבי עירוני טמרה,254,טמרה,טמרה,טמרה,צפון,32.85301,35.1987,טמרה,locality
6376,מכבי עירוני טמרה,254,טמרה,טמרה,טמרה,צפון,32.85301,35.1987,טמרה,locality
6377,הפ' קרית שמונה 2,1198,קרית שמונה סינטטי חדש,תל חי 4 קרית שמונה,קרית שמונה,צפון,33.2235285,35.5757816,תל חי 4 קרית שמונה,street
6378,מ.ס.כפר יאסיף,224,כפר יאסיף,כפר יאסיף,כפר יאסיף,צפון,32.9533067,35.165698,כפר יאסיף,fallback
6381,מ.כ. צעירי טמרה,254,טמרה,טמרה,טמרה,צפון,32.85301,35.1987,טמרה,locality
6382,מ.כ. צעירי טמרה,254,טמרה,טמרה,טמרה,צפון,32.85301,35.1987,טמרה,locality
6411,הפ' פתח תקוה צפון,1136,פתח תקוה מושבה דרומי,דרך אם המושבות 10 פתח תקווה,פתח תקווה,מרכז,32.102633,34.864924,דרך אם המושבות  פתח תקווה,street
6412,מכבי נתניה 2,274,וינגייט דרום 1,מכון וינגייט,נתניה,שרון,32.2596031,34.8352009,מכון וינגייט,street
6413,הפ' עירוני ערערה,88,ערערה,ערערה,ערערה,שרון,32.4965507,35.0955581,ערערה,street
6428,מ.ס. איחוד דרום השרון מערב,1279,ירחיב,סמטת חופית 1 ירחיב,ירחיב,שרון,32.15239,34.9679,ירחיב,locality
6429,מ.ס. איחוד דרום השרון,1279,ירחיב,סמטת חופית 1 ירחיב,ירחיב,שרון,32.15239,34.9679,ירחיב,locality
6438,"הפועל ניר רמה""ש מרכז",1281,רמת השרון סינטטי קטן,דרך דודו דותן 2 רמת השרון,רמת השרון,שרון,32.14613,34.8394,רמת השרון,locality
6441,הפ' כפר קאסם שועאע,61,כפר קאסם עליון סינטטי,א תוובה 2 כפר קאסם,כפר קאסם,מרכז,32.1147143,34.9755998,כפר קאסם,fallback
6442,הפ' כפר קאסם שועאע,61,כפר קאסם עליון סינטטי,א תוובה 2 כפר קאסם,כפר קאסם,מרכז,32.1147143,34.9755998,כפר קאסם,fallback
6444,הפ' בית אליעזר,56,(סגור)חדרה גבעת אולגה,חדרה,חדרה,שרון,32.440742,34.9401053,חדרה,street
6447,"עוצמה מ.כ.""הרצל"" חולון",1316,חולון טוטו,משה דיין  חולון,חולון,מרכז,32.000768,34.770396,משה דיין  חולון,street
6449,הפ' ירושלים,1310,אבו גוש,השדות 2 אבו גוש,אבו גוש,מרכז,31.80592,35.1093,אבו גוש,locality
6452,הפועל מטה אשר,1103,עין המפרץ נעמן,עין המפרץ,עין המפרץ,צפון,32.9036151,35.0961117,עין המפרץ,street
6454,מ.כ. אלנהדה נצרת,331,נצרת עילוט אימונים סינטטי,עילוט,עילוט,צפון,32.718281,35.2612603,עילוט,street
6458,מכבי עספיא,957,עספיא עליון אימונים,אל קלעה עספיא,עספיא,צפון,32.718494,35.076803,אל קלעה עספיא,street
6463,מ.כ. מכבי נהריה,1305,נהריה 2 סינטטי,שלום הגליל 8 נהריה,נהריה,צפון,33.0117577,35.1089668,שלום הגליל 8 נהריה,street
6464,מ.כ. מכבי נהריה,30,(סגור)נהריה,דרך העצמאות נהריה,נהריה,צפון,33.0250488,35.1035969,דרך העצמאות נהריה,street
6472,מ.ס. שיכון המזרח,233,ראשון לציון מתחת לגשר,ראשון לציון,ראשון לציון,מרכז,31.9635712,34.8101149,ראשון לציון,street
6473,הפ' איחוד בני ג'ת,341,כפר ג'ת המשולש,ד''ר ע. אלרחים ותד 2 ג'ת,ג’ת,שרון,32.39805,35.03804,גת,locality
6474,הפ' איחוד בני ג'ת,341,כפר ג'ת המשולש,ד''ר ע. אלרחים ותד 2 ג'ת,ג’ת,שרון,32.39805,35.03804,גת,locality
6476,מכבי עמק חפר אברהם,1020,בת חפר יישוב,בת חפר,בת חפר,שרון,32.3345015,35.012351,בת חפר,street
6477,הפועל הרצליה עירוני,334,הרצליה רן 1,הרצליה,הרצליה,שרון,32.1656255,34.8469023,הרצליה,street
6478,"בית""ר פ""ת אייל טיבי",1136,פתח תקוה מושבה דרומי,דרך אם המושבות 10 פתח תקווה,פתח תקווה,מרכז,32.102633,34.864924,דרך אם המושבות  פתח תקווה,street
6479,מ.כ. בני עראבה,163,עראבה,עראבה,עראבה,צפון,32.8486259,35.3358268,עראבה,street
6480,מ.כ. מג'דל כרום שאגור,48,מג'ד אל כרום,מג'ד אל כרום,מגדל,צפון,32.83931,35.50206,מגדל,locality
6485,הפ' באר שבע אדום,966,באר שבע וסרמיל 1,אצ''ל 6 באר שבע,באר שבע,דרום,31.2720302,34.7777836,אצ''ל 6 באר שבע,street
6486,הפועל בני בענה,603,בענה,בענה,בענה,צפון,32.9280587,35.272169,בענה,street
6492,בני אום אל פאחם,367,אום אל פחם,אום אל פחם,אום אל פחם,שרון,32.5158385,35.152491,אום אל פחם,fallback
6493,בני אום אל פאחם,411,אום אל פאחם סינטטי,אלהאדיה 2 אום אל פחם,אום אל פחם,שרון,32.5158385,35.152491,אום אל פחם,fallback
6494,הפועל נחף,81,נחף,נחף,נחף,צפון,32.9345686,35.31763,נחף,street
6495,הפועל נחף,81,נחף,נחף,נחף,צפון,32.9345686,35.31763,נחף,street
6496,"מכבי השרון נתניה ויקטור עטיה ""צו פיוס""",1078,נתניה שפירא,צבי מויססקו 12 נתניה,נתניה,שרון,32.2922515,34.8587201,צבי מויססקו 12 נתניה,street
6498,הפ' רמות מנשה מגידו,350,רמות מנשה,רמות מנשה,רמות מנשה,צפון,32.5978839,35.0576452,רמות מנשה,street
6499,בני בית ג'אן,596,סכנין אימונים סינטטי,אלריאדה סח'נין,סח’נין,צפון,32.86506,35.29771,סחנין,locality
6500,בני בית ג'אן,81,נחף,נחף,נחף,צפון,32.9345686,35.31763,נחף,street
6503,"מכבי קרית גת ""צו פיוס""",1190,קרית גת סינטטי אגוז,שדרות צה''ל 5 קרית גת,קרית גת,דרום,31.6089037,34.7596434,שדרות צה''ל 5 קרית גת,street
6504,"מכבי קרית גת ""צו פיוס""",1190,קרית גת סינטטי אגוז,שדרות צה''ל 5 קרית גת,קרית גת,דרום,31.6089037,34.7596434,שדרות צה''ל 5 קרית גת,street
6506,"מכבי קרית גת ""צו פיוס""",1190,קרית גת סינטטי אגוז,שדרות צה''ל 5 קרית גת,קרית גת,דרום,31.6089037,34.7596434,שדרות צה''ל 5 קרית גת,street
6507,"מכבי קרית גת ""צו פיוס""",1190,קרית גת סינטטי אגוז,שדרות צה''ל 5 קרית גת,קרית גת,דרום,31.6089037,34.7596434,שדרות צה''ל 5 קרית גת,street
6508,מכבי קרית גת,1190,קרית גת סינטטי אגוז,שדרות צה''ל 5 קרית גת,קרית גת,דרום,31.6089037,34.7596434,שדרות צה''ל 5 קרית גת,street
6509,מכבי קרית גת,1190,קרית גת סינטטי אגוז,שדרות צה''ל 5 קרית גת,קרית גת,דרום,31.6089037,34.7596434,שדרות צה''ל 5 קרית גת,street
6510,מכבי קרית גת,1190,קרית גת סינטטי אגוז,שדרות צה''ל 5 קרית גת,קרית גת,דרום,31.6089037,34.7596434,שדרות צה''ל 5 קרית גת,street
6511,מכבי קרית גת,1190,קרית גת סינטטי אגוז,שדרות צה''ל 5 קרית גת,קרית גת,דרום,31.6089037,34.7596434,שדרות צה''ל 5 קרית גת,street
6512,מכבי קרית גת,1190,קרית גת סינטטי אגוז,שדרות צה''ל 5 קרית גת,קרית גת,דרום,31.6089037,34.7596434,שדרות צה''ל 5 קרית גת,street
6513,מכבי קרית גת,1190,קרית גת סינטטי אגוז,שדרות צה''ל 5 קרית גת,קרית גת,דרום,31.6089037,34.7596434,שדרות צה''ל 5 קרית גת,street
6514,הפועל ד.אל כרמל,58,דלית אל כרמל,אלרוחראח  דאלית אל כרמל,דלית אל כרמל,צפון,32.6869077,35.057284,אלרוחראח  דאלית אל כרמל,street
6515,מ.כ. נוה יוסף,602,חיפה אבי רן 2,צביה ויצחק חיפה,חיפה,צפון,32.7941142,34.9684183,צביה ויצחק חיפה,street
6516,מכבי בני ריינה,1291,ריינה סינטטי,ריינה,ריינה,צפון,32.723612,35.312492,ריינה,street
6518,מכבי בני ריינה,1291,ריינה סינטטי,ריינה,ריינה,צפון,32.723612,35.312492,ריינה,street
6522,הפ' מ.ס חבל מודיעין,1153,כפר בן שמן,בן שמן,בן שמן,מרכז,31.9522788,34.921944,בן שמן,street
6523,הפ' מ.ס חבל מודיעין,1153,כפר בן שמן,בן שמן,בן שמן,מרכז,31.9522788,34.921944,בן שמן,street
6525,הפועל תרשיחא,253,תרשיחא,מעלות תרשיחא,מעלות תרשיחא,צפון,33.0157394,35.2759666,מעלות תרשיחא,street
6530,הפ' אלאתיחאד נצרת,285,נצרת אצטדיון עילוט,עילוט,עילוט,צפון,32.718281,35.2612603,עילוט,street
6533,מ.כ. מכבי נהריה,1305,נהריה 2 סינטטי,שלום הגליל 8 נהריה,נהריה,צפון,33.0117577,35.1089668,שלום הגליל 8 נהריה,street
6534,הפועל עירוני כרמיאל 2,580,כרמיאל,מורד הגיא 99 כרמיאל,כרמיאל,צפון,32.9054806,35.2947039,מורד הגיא 99 כרמיאל,street
6535,מ.ס. כפר קמא,141,כפר כמא,כפר כמא,כפר כמא,צפון,32.721053,35.4407705,כפר כמא,street
6536,הפ' איחוד אעבלין,236,אעבלין,אעבלין,אעבלין,צפון,32.8209166,35.19133,אעבלין,street
6538,הפ' מעגן מיכאל 2,1060,מעגן מיכאל,מעגן מיכאל,מעגן מיכאל,שרון,32.5553209,34.9166572,מעגן מיכאל,street
6540,הפ' בני אעבלין,254,טמרה,טמרה,טמרה,צפון,32.85301,35.1987,טמרה,locality
6541,"מ.ס. קרית ים ""שלו"" ""צו פיוס""",1269,קרית ים סינטטי,פנחס לבון 1 קרית ים,קרית ים,צפון,32.8553846,35.0765524,פנחס לבון 1 קרית ים,street
6543,מכבי עספיא,57,עספיא,אל קלעה עספיא,עספיא,צפון,32.718494,35.076803,אל קלעה עספיא,street
6544,מכבי עספיא,57,עספיא,אל קלעה עספיא,עספיא,צפון,32.718494,35.076803,אל קלעה עספיא,street
6547,הפ' בנ לוד רכבת,573,לוד אימונים 1,דרך הרמ''א  לוד,לוד,מרכז,31.933597,34.889205,דרך הרמ''א  לוד,street
6553,מ.ס בני יפו אורתודוכסים,63,תל אביב יפו צעירי יפו,שדרות הבעש''ט 2 תל אביב יפו,יפו,מרכז,32.0376753,34.752471,שדרות הבעש''ט 2 תל אביב יפו,street
6554,מ.ס בני יפו אורתודוכסים,63,תל אביב יפו צעירי יפו,שדרות הבעש''ט 2 תל אביב יפו,יפו,מרכז,32.0376753,34.752471,שדרות הבעש''ט 2 תל אביב יפו,street
6555,מ.ס בני יפו אורתודוכסים,63,תל אביב יפו צעירי יפו,שדרות הבעש''ט 2 תל אביב יפו,יפו,מרכז,32.0376753,34.752471,שדרות הבעש''ט 2 תל אביב יפו,street
6556,מ.ס בני יפו אורתודוכסים,63,תל אביב יפו צעירי יפו,שדרות הבעש''ט 2 תל אביב יפו,יפו,מרכז,32.0376753,34.752471,שדרות הבעש''ט 2 תל אביב יפו,street
6558,מ.ס. נתניה קולט כהן,161,כפר יונה,הגליל כפר יונה,כפר יונה,שרון,32.3114467,34.9328481,הגליל כפר יונה,street
6559,הפ' עירוני בקה אל גרבייה 1,1142,בקה אל גרביה סינטטי,אלקודס 25 באקה אל ע'רביה,בקה אל ע’רביה,שרון,32.426394,35.04819,אלקודס  באקה אל ע'רביה,street
6560,הפ' עירוני בקה אל גרבייה,1142,בקה אל גרביה סינטטי,אלקודס 25 באקה אל ע'רביה,בקה אל ע’רביה,שרון,32.426394,35.04819,אלקודס  באקה אל ע'רביה,street
6561,הפ' עירוני בקה אל גרבייה,1142,בקה אל גרביה סינטטי,אלקודס 25 באקה אל ע'רביה,בקה אל ע’רביה,שרון,32.426394,35.04819,אלקודס  באקה אל ע'רביה,street
6563,הפ' קרית אונו דרום,28,קרית אונו ישן,קפלן 56 קרית אונו,קרית אונו,מרכז,32.0627851,34.851488,קפלן 56 קרית אונו,street
6567,בני סכנין 2,596,סכנין אימונים סינטטי,אלריאדה סח'נין,סח’נין,צפון,32.86506,35.29771,סחנין,locality
6568,בני סכנין 2,596,סכנין אימונים סינטטי,אלריאדה סח'נין,סח’נין,צפון,32.86506,35.29771,סחנין,locality
6572,"בית""ר נהריה",1305,נהריה 2 סינטטי,שלום הגליל 8 נהריה,נהריה,צפון,33.0117577,35.1089668,שלום הגליל 8 נהריה,street
6574,הפועל סכנין,596,סכנין אימונים סינטטי,אלריאדה סח'נין,סח’נין,צפון,32.86506,35.29771,סחנין,locality
6575,הפועל סכנין,596,סכנין אימונים סינטטי,אלריאדה סח'נין,סח’נין,צפון,32.86506,35.29771,סחנין,locality
6576,הפ' עירוני ערערה,88,ערערה,ערערה,ערערה,שרון,32.4965507,35.0955581,ערערה,street
6577,הפועל נחף,81,נחף,נחף,נחף,צפון,32.9345686,35.31763,נחף,street
6578,מכבי עירוני בת ים צפון,245,בת ים אצטדיון טוטו,דרך מנחם בגין 7 בת ים,בת ים,מרכז,31.998446,34.743239,דרך מנחם בגין  בת ים,street
6579,הפ' בקעת הירדן,327,מושב תומר,תומר,תומר,מרכז,32.018692,35.4391975,תומר,fallback
6580,הפ' בקעת הירדן,327,מושב תומר,תומר,תומר,מרכז,32.018692,35.4391975,תומר,fallback
6585,מ.כ. צעירי טמרה,254,טמרה,טמרה,טמרה,צפון,32.85301,35.1987,טמרה,locality
6586,הפועל רעננה צפון,363,רעננה פארק צפוני סינטטי,מרטין דרוקר רעננה,רעננה,שרון,32.1933115,34.8463327,מרטין דרוקר רעננה,street
6588,הפ' מ.ס חבל מודיעין,1153,כפר בן שמן,בן שמן,בן שמן,מרכז,31.9522788,34.921944,בן שמן,street
6589,הפ' מ.ס. חבל מודיעין,1153,כפר בן שמן,בן שמן,בן שמן,מרכז,31.9522788,34.921944,בן שמן,street
6590,הפ' דלית אל כרמל,58,דלית אל כרמל,אלרוחראח  דאלית אל כרמל,דלית אל כרמל,צפון,32.6869077,35.057284,אלרוחראח  דאלית אל כרמל,street
6596,מ.ס. קרית ים,1269,קרית ים סינטטי,פנחס לבון 1 קרית ים,קרית ים,צפון,32.8553846,35.0765524,פנחס לבון 1 קרית ים,street
6597,מ.ס. קרית ים,1269,קרית ים סינטטי,פנחס לבון 1 קרית ים,קרית ים,צפון,32.8553846,35.0765524,פנחס לבון 1 קרית ים,street
6598,מ.ס. כפר יאסיף,257,שיח-דנון,שייח' דנון,שייח' דנון,צפון,32.9943175,35.1479211,שייח' דנון,street
6599,מ.ס. כפר יאסיף,257,שיח-דנון,שייח' דנון,שייח' דנון,צפון,32.9943175,35.1479211,שייח' דנון,street
6600,מכבי עספיא,957,עספיא עליון אימונים,אל קלעה עספיא,עספיא,צפון,32.718494,35.076803,אל קלעה עספיא,street
6601,הפועל כפר כנא,78,כפר כנא,אל מלעב כפר כנא,כפר כנא,צפון,32.751207,35.337654,אל מלעב כפר כנא,street
6602,הפועל בני בענה,603,בענה,בענה,בענה,צפון,32.9280587,35.272169,בענה,street
6603,הפועל נחף,81,נחף,נחף,נחף,צפון,32.9345686,35.31763,נחף,street
6604,הפועל כפר כנא,78,כפר כנא,אל מלעב כפר כנא,כפר כנא,צפון,32.751207,35.337654,אל מלעב כפר כנא,street
6605,"בית""ר פ""ת אייל טיבי ""צו פיוס""",1136,פתח תקוה מושבה דרומי,דרך אם המושבות 10 פתח תקווה,פתח תקווה,מרכז,32.102633,34.864924,דרך אם המושבות  פתח תקווה,street
6607,מכבי עירוני טמרה,254,טמרה,טמרה,טמרה,צפון,32.85301,35.1987,טמרה,locality
6614,מ.כ. מכבי נהריה,30,(סגור)נהריה,דרך העצמאות נהריה,נהריה,צפון,33.0250488,35.1035969,דרך העצמאות נהריה,street
6616,מכבי פתח-תקוה 2,954,פתח תקוה מכבי סינטטי,מרדכי בן דרור 1 פתח תקווה,פתח תקווה,מרכז,32.1000191,34.8900673,מרדכי בן דרור 1 פתח תקווה,street
6620,עירוני בני כאבול,84,כאבול,כאבול,כאבול,צפון,32.8677008,35.2100551,כאבול,street
6622,הפ' בקעת הירדן,327,מושב תומר,תומר,תומר,מרכז,32.018692,35.4391975,תומר,fallback
6624,מ.ס בני יפו אורתודוכסים,63,תל אביב יפו צעירי יפו,שדרות הבעש''ט 2 תל אביב יפו,יפו,מרכז,32.0376753,34.752471,שדרות הבעש''ט 2 תל אביב יפו,street
6625,הפ' עירוני בקה אל גרבייה,1142,בקה אל גרביה סינטטי,אלקודס 25 באקה אל ע'רביה,בקה אל ע’רביה,שרון,32.426394,35.04819,אלקודס  באקה אל ע'רביה,street
6629,בני אום אל פאחם,411,אום אל פאחם סינטטי,אלהאדיה 2 אום אל פחם,אום אל פחם,שרון,32.5158385,35.152491,אום אל פחם,fallback
6630,עירוני מודיעין,1186,מודיעין מגרש ליגד,עמק האלה 51 מודיעין מכבים רעות,מודיעין מכבים רעות,מרכז,31.9132208,35.006815,עמק האלה 51 מודיעין מכבים רעות,street
6631,הפ' עליה כפר סבא,1004,"כפר סבא עליה כ""ס",טהון כפר סבא,כפר סבא,שרון,32.187791,34.903422,טהון כפר סבא,street
6632,הפ' ראשון לציון,1061,ראשון לציון סופרלנד מרכזי תשעיות,יוסף טומי לפיד 8 ראשון לציון,ראשון לציון,מרכז,31.9776813,34.7524263,יוסף טומי לפיד 8 ראשון לציון,street
6634,שמשון בני טייבה,53,טייבה,טייבה,טייבה,שרון,32.2671249,35.0089029,טייבה,fallback
6635,הפ' עירוני בקה אל גרבייה,1142,בקה אל גרביה סינטטי,אלקודס 25 באקה אל ע'רביה,בקה אל ע’רביה,שרון,32.426394,35.04819,אלקודס  באקה אל ע'רביה,street
6636,"הפועל ניר רמה""ש 2",1281,רמת השרון סינטטי קטן,דרך דודו דותן 2 רמת השרון,רמת השרון,שרון,32.14613,34.8394,רמת השרון,locality
6637,הפ' ניר רמת השרון מרכז,1106,רמת השרון סינטטי,דרך דודו דותן 2 רמת השרון,רמת השרון,שרון,32.14613,34.8394,רמת השרון,locality
6639,הפועל מטה אשר 2,1103,עין המפרץ נעמן,עין המפרץ,עין המפרץ,צפון,32.9036151,35.0961117,עין המפרץ,street
6640,הפ' הרצליה ע. מערב,588,הרצליה רן 2 (ילדים וטרומים),יוסף נבו 6 הרצליה,הרצליה,שרון,32.1673594,34.82377,יוסף נבו 6 הרצליה,street
6642,"מ.כ.מתנ""ס גן יבנה",984,(סגור)גן יבנה,המגינים 45 גן יבנה,גן יבנה,דרום,31.7922496,34.711908,המגינים 45 גן יבנה,street
6643,הפועל רהט,562,רהט הפועל רהט,אלח'זאן 1 רהט,רהט,דרום,31.381991,34.775125,אלח'זאן  רהט,street
6647,הפ' איחוד בני ג'ת,341,כפר ג'ת המשולש,ד''ר ע. אלרחים ותד 2 ג'ת,ג’ת,שרון,32.39805,35.03804,גת,locality
6648,הפ' עירוני בקה אל גרבייה,1142,בקה אל גרביה סינטטי,אלקודס 25 באקה אל ע'רביה,בקה אל ע’רביה,שרון,32.426394,35.04819,אלקודס  באקה אל ע'רביה,street
6649,הפועל בועיינה,1079,בועיינה נוג'ידאת,בועיינה נוג'יידאת,בועיינה,צפון,32.8056259,35.3646736,בועיינה,fallback
6650,"מכבי יפו קביליו רחו מג'אר ז""ל",119,תל אביב יפו נוה גולן,שדרות הבעש''ט 14 תל אביב יפו,יפו,מרכז,32.0376753,34.752471,שדרות הבעש''ט 14 תל אביב יפו,street
6651,מ.ס. נתניה קולט כהן,161,כפר יונה,הגליל כפר יונה,כפר יונה,שרון,32.3114467,34.9328481,הגליל כפר יונה,street
6653,הפ' מ.ס חבל מודיעין,1153,כפר בן שמן,בן שמן,בן שמן,מרכז,31.9522788,34.921944,בן שמן,street
6655,הפ' ירושלים,1310,אבו גוש,השדות 2 אבו גוש,אבו גוש,מרכז,31.80592,35.1093,אבו גוש,locality
6660,הפ' קרית אונו דרום,28,קרית אונו ישן,קפלן 56 קרית אונו,קרית אונו,מרכז,32.0627851,34.851488,קפלן 56 קרית אונו,street
6661,מכבי עירוני שדרות 2,66,שדרות,מבצע סיני 2 שדרות,שדרות,דרום,31.5278466,34.5965889,מבצע סיני 2 שדרות,street
6663,בני בית ג'אן,596,סכנין אימונים סינטטי,אלריאדה סח'נין,סח’נין,צפון,32.86506,35.29771,סחנין,locality
6664,"מכבי השרון נתניה ויקטור עטיה "" ""צו פיוס""",1078,נתניה שפירא,צבי מויססקו 12 נתניה,נתניה,שרון,32.2922515,34.8587201,צבי מויססקו 12 נתניה,street
6668,עירוני מודיעין,1186,מודיעין מגרש ליגד,עמק האלה 51 מודיעין מכבים רעות,מודיעין מכבים רעות,מרכז,31.9132208,35.006815,עמק האלה 51 מודיעין מכבים רעות,street
6672,מ.כ. אלנהדה נצרת,331,נצרת עילוט אימונים סינטטי,עילוט,עילוט,צפון,32.718281,35.2612603,עילוט,street
6675,מ.כ. מכבי נהריה,1305,נהריה 2 סינטטי,שלום הגליל 8 נהריה,נהריה,צפון,33.0117577,35.1089668,שלום הגליל 8 נהריה,street
6676,הפועל תל אביב צפון,1351,תל אביב ספורטק צפון מגרש מערבי,שדרות רוקח 40 תל אביב יפו,יפו,מרכז,32.098446,34.787669,שדרות רוקח 40 תל אביב יפו,street
6679,הפ' עמק המעיינות ארז,569,קיבוץ מסילות,מסילות,מסילות,צפון,32.495833,35.4750001,מסילות,street
6680,הפ' עמק המעיינות ארז,551,קבוץ מסלות ב',מסילות,מסילות,צפון,32.495833,35.4750001,מסילות,street
6685,הפועל בני בענה,603,בענה,בענה,בענה,צפון,32.9280587,35.272169,בענה,street
6686,הפועל בני בענה,603,בענה,בענה,בענה,צפון,32.9280587,35.272169,בענה,street
6689,"בית""ר גבעת זאב",399,גבעת זאב,התאנה גבעת זאב,גבעת זאב,מרכז,31.8623329,35.1687498,גבעת זאב,fallback
6691,הפועל ע. ערערה,88,ערערה,ערערה,ערערה,שרון,32.4965507,35.0955581,ערערה,street
6692,מכבי עירוני טמרה,254,טמרה,טמרה,טמרה,צפון,32.85301,35.1987,טמרה,locality
6694,"מ.ס דימונה ""צו פיוס""",1294,דימונה סינטטי חדש,התפוצות 1 דימונה,דימונה,דרום,31.076393,35.0253093,התפוצות 1 דימונה,street
6696,מ.ס בני יפו אורתודוכסים,63,תל אביב יפו צעירי יפו,שדרות הבעש''ט 2 תל אביב יפו,יפו,מרכז,32.0376753,34.752471,שדרות הבעש''ט 2 תל אביב יפו,street
6703,מכבי עין מאהל אדהם,232,עין מאהל,מאלכ אבן אנס 8 עין מאהל,עין מאהל,צפון,32.72325,35.35298,עין מאהל,locality
6704,מכבי עין מאהל,232,עין מאהל,מאלכ אבן אנס 8 עין מאהל,עין מאהל,צפון,32.72325,35.35298,עין מאהל,locality
6705,מ.ס. כפר קמא,141,כפר כמא,כפר כמא,כפר כמא,צפון,32.721053,35.4407705,כפר כמא,street
6706,מכבי עספיא,57,עספיא,אל קלעה עספיא,עספיא,צפון,32.718494,35.076803,אל קלעה עספיא,street
6707,הפ' גבעת אולגה,,,,גבעת אולגה,,32.43776,34.88426,גבעת אולגה,locality
6708,הפ' בני אעבלין,254,טמרה,טמרה,טמרה,צפון,32.85301,35.1987,טמרה,locality
6714,"בית""ר נהריה ""צו פיוס""",1306,נהריה 3 סינטטי,שלום הגליל 8 נהריה,נהריה,צפון,33.0117577,35.1089668,שלום הגליל 8 נהריה,street
6715,"בית""ר נהריה יוראי ""צו פיוס""",1304,נהריה 1 דשא,שלום הגליל 2 נהריה,נהריה,צפון,33.0115708,35.1092266,שלום הגליל 2 נהריה,street
6719,מועדון השלום מג'דל שמס,1135,מג'דל שמס,מג'דל שמס,מגדל,צפון,32.83931,35.50206,מגדל,locality
6720,מועדון השלום מג'דל שמס,1135,מג'דל שמס,מג'דל שמס,מגדל,צפון,32.83931,35.50206,מגדל,locality
6732,מכבי כפר מנדא,152,כפר מנדא חדש,כפר מנדא,כפר מנדא,צפון,32.8114088,35.259756,כפר מנדא,street
6733,מ.ס. ג'דידה מכר,79,ג'דידה,הזיתים  ג'דידה מכר,ג’דידה מכר,צפון,32.9282,35.15705,גדידה מכר,locality
6735,מ.ס. ג'דידה מכר,79,ג'דידה,הזיתים  ג'דידה מכר,ג’דידה מכר,צפון,32.9282,35.15705,גדידה מכר,locality
6738,מכבי עירוני חורה,1144,רהט בני אל סאלם רהט,אלח'זאן 1 רהט,רהט,דרום,31.381991,34.775125,אלח'זאן  רהט,street
6741,הפ' עירוני גדרה,1224,גדרה,וייצמן 44 גדרה,גדרה,דרום,31.8164497,34.7805624,וייצמן 44 גדרה,street
6744,הפ' ע.ס.מ.ציון,120,מבשרת ציון,מבוא טללים 1 מבשרת ציון,מבשרת ציון,מרכז,31.8009752,35.1444388,מבוא טללים 1 מבשרת ציון,street
6745,הפ' מ.ס. חבל מודיעין,1153,כפר בן שמן,בן שמן,בן שמן,מרכז,31.9522788,34.921944,בן שמן,street
6746,מכבי הרצליה דרום,588,הרצליה רן 2 (ילדים וטרומים),יוסף נבו 6 הרצליה,הרצליה,שרון,32.1673594,34.82377,יוסף נבו 6 הרצליה,street
6749,מ.ס. כפר יאסיף,257,שיח-דנון,שייח' דנון,שייח' דנון,צפון,32.9943175,35.1479211,שייח' דנון,street
6750,הפועל עמק הירדן,1147,קיבוץ מעגן,מעגן,מעגן,צפון,32.706731,35.6010794,מעגן,street
6751,הפועל עמק הירדן,1147,קיבוץ מעגן,מעגן,מעגן,צפון,32.706731,35.6010794,מעגן,street
6752,הפועל א.א. פאחם,411,אום אל פאחם סינטטי,אלהאדיה 2 אום אל פחם,אום אל פחם,שרון,32.5158385,35.152491,אום אל פחם,fallback
6759,הפ' ע.אור עקיבא,429,אור עקיבא,האלה אור עקיבא,אור עקיבא,שרון,32.4999394,34.9192773,האלה אור עקיבא,street
6760,הפ' עירוני אור עקיבא,429,אור עקיבא,האלה אור עקיבא,אור עקיבא,שרון,32.4999394,34.9192773,האלה אור עקיבא,street
6761,הפ' ע.אור עקיבא,429,אור עקיבא,האלה אור עקיבא,אור עקיבא,שרון,32.4999394,34.9192773,האלה אור עקיבא,street
6762,הפ' עירוני אור עקיבא,429,אור עקיבא,האלה אור עקיבא,אור עקיבא,שרון,32.4999394,34.9192773,האלה אור עקיבא,street
6763,הפ' ע.אור עקיבא,429,אור עקיבא,האלה אור עקיבא,אור עקיבא,שרון,32.4999394,34.9192773,האלה אור עקיבא,street
6764,הפ' עירוני אור עקיבא,429,אור עקיבא,האלה אור עקיבא,אור עקיבא,שרון,32.4999394,34.9192773,האלה אור עקיבא,street
6765,מכבי יהוד,1012,יהוד ק.סביונים,דרך משה דיין 5 יהוד מונוסון,יהוד,מרכז,32.035438,34.881537,דרך משה דיין  יהוד מונוסון,street
6767,מכבי יהוד 2,1012,יהוד ק.סביונים,דרך משה דיין 5 יהוד מונוסון,יהוד,מרכז,32.035438,34.881537,דרך משה דיין  יהוד מונוסון,street
6768,מ.ס בני יפו אורתודוכסים,63,תל אביב יפו צעירי יפו,שדרות הבעש''ט 2 תל אביב יפו,יפו,מרכז,32.0376753,34.752471,שדרות הבעש''ט 2 תל אביב יפו,street
6769,מ.ס בני יפו אורתודוכסים,63,תל אביב יפו צעירי יפו,שדרות הבעש''ט 2 תל אביב יפו,יפו,מרכז,32.0376753,34.752471,שדרות הבעש''ט 2 תל אביב יפו,street
6776,שמשון כפר קאסם,142,(סגור)כפר קאסם תחתון,א סולטאני כפר קאסם,כפר קאסם,מרכז,32.1147143,34.9755998,כפר קאסם,fallback
6777,מכבי אחי נצרת,331,נצרת עילוט אימונים סינטטי,עילוט,עילוט,צפון,32.718281,35.2612603,עילוט,street
6778,מ.כ. בני עראבה,596,סכנין אימונים סינטטי,אלריאדה סח'נין,סח’נין,צפון,32.86506,35.29771,סחנין,locality
6786,בני סכנין,596,סכנין אימונים סינטטי,אלריאדה סח'נין,סח’נין,צפון,32.86506,35.29771,סחנין,locality
6790,מ.כ. בועיינה נוג'ידאת,1079,בועיינה נוג'ידאת,בועיינה נוג'יידאת,בועיינה,צפון,32.8056259,35.3646736,בועיינה,fallback
6794,מכבי עירוני טירת הכרמל,32,טירת כרמל,הרב משה מרדכי 7 טירת כרמל,טירת כרמל,צפון,32.76025,34.96874,טירת כרמל,locality
6795,בני סכנין,596,סכנין אימונים סינטטי,אלריאדה סח'נין,סח’נין,צפון,32.86506,35.29771,סחנין,locality
6819,הפועל רעננה צפון,635,רעננה פארק דרומי,מרטין דרוקר 8 רעננה,רעננה,שרון,32.1933115,34.8463327,מרטין דרוקר 8 רעננה,street
6820,מכבי פתח-תקוה צפון,1307,פתח תקוה מושבה צפוני חדש,דרך שלמה שמלצר 12 פתח תקווה,פתח תקווה,מרכז,32.100294,34.850965,דרך שלמה שמלצר  פתח תקווה,street
6824,"הפ' ניר רמת השרון מרכז ""צו פיו",25,"רמת השרון אצטדיון טוטו ע""ש גרונדמן",יגאל אלון 2 רמת השרון,רמת השרון,שרון,32.1306151,34.8602191,יגאל אלון 2 רמת השרון,street
6826,"מכבי עמק חפר ""צו פיוס""",1020,בת חפר יישוב,בת חפר,בת חפר,שרון,32.3345015,35.012351,בת חפר,street
6827,מכבי עמק חפר 2,352,קיבוץ גבעת חיים,גבעת חיים איחוד,גבעת חיים (איחוד),שרון,32.4002771,34.9330496,גבעת חיים איחוד,street
6830,צעירי שעב,162,שעב,אלביאדר 10 שעב,שעב,צפון,32.89014,35.23885,שעב,locality
6832,מ.כ.מושב חוסן יהודה אדרי,44,מעלות,בן גוריון 1 מעלות תרשיחא,מעלות תרשיחא,צפון,33.0136558,35.286681,בן גוריון 1 מעלות תרשיחא,street
6833,מ.כ. מעיליא,257,שיח-דנון,שייח' דנון,שייח' דנון,צפון,32.9943175,35.1479211,שייח' דנון,street
6836,מ.כ. נוה יוסף 2,602,חיפה אבי רן 2,צביה ויצחק חיפה,חיפה,צפון,32.7941142,34.9684183,צביה ויצחק חיפה,street
6838,מ.ס. קדימה צורן 2,464,קדימה,הניצן 5 קדימה צורן,קדימה צורן,שרון,32.2712141,34.9197397,הניצן 5 קדימה צורן,street
6842,הפ' בני טובא זנגריה,243,טובא,טובא טובא זנגריה,טובא זנגריה,צפון,32.9661525,35.5927747,טובא טובא זנגריה,street
6850,הפ' בני ד.א. אסד,603,בענה,בענה,בענה,צפון,32.9280587,35.272169,בענה,street
6851,הפ' בני ד.א. אסד,603,בענה,בענה,בענה,צפון,32.9280587,35.272169,בענה,street
6857,מכבי שוהם 2,608,שוהם,גפן שוהם,שוהם,מרכז,31.98781,34.9365866,גפן שוהם,street
6862,מ.כ. גני תקווה,1247,גני תקווה,דרך הים 9 גני תקווה,גני תקווה,מרכז,32.0642371,34.8738515,דרך הים 9 גני תקווה,street
6863,מ.כ. גני תקווה,1247,גני תקווה,דרך הים 9 גני תקווה,גני תקווה,מרכז,32.0642371,34.8738515,דרך הים 9 גני תקווה,street
6864,מ.כ. הפ' ערערה בנגב,38,ירוחם,צבי בורנשטיין ירוחם,ירוחם,דרום,30.9885756,34.9222879,צבי בורנשטיין ירוחם,street
6869,"הפועל ר""ג צפון",613,רמת גן ספארי,שדרת הצבי 2 רמת גן,רמת גן,מרכז,32.0526749,34.8262636,שדרת הצבי 2 רמת גן,street
6870,"הפועל ר""ג צפון",402,רמת גן ספארי (תשיעיות),שדרת הצבי 1 רמת גן,רמת גן,מרכז,32.0526749,34.8262636,שדרת הצבי 1 רמת גן,street
6872,עירוני מודיעין,1186,מודיעין מגרש ליגד,עמק האלה 51 מודיעין מכבים רעות,מודיעין מכבים רעות,מרכז,31.9132208,35.006815,עמק האלה 51 מודיעין מכבים רעות,street
6878,"א.ס נורדיה ירושלים ""צו פיוס""",1208,ירושלים הר חומה סינטטי,הרב ישעיהו דולגין 7 ירושלים,ירושלים,מרכז,31.7199984,35.2272089,הרב ישעיהו דולגין 7 ירושלים,street
6880,"אגודת ספורט נורדיה ירושלים ""צו פיוס""",1208,ירושלים הר חומה סינטטי,הרב ישעיהו דולגין 7 ירושלים,ירושלים,מרכז,31.7199984,35.2272089,הרב ישעיהו דולגין 7 ירושלים,street
6882,"בית""ר חיפה 2",1159,חיפה אגרטק (אתוס 1 לשעבר),קדושי יאסי 2 חיפה,חיפה,צפון,32.7916931,34.9644972,קדושי יאסי 2 חיפה,street
6883,מ.כ. בנימינה 2,606,בנימינה,דרך ניל''י 28 בנימינה גבעת עדה,גבעת עדה,שרון,32.521485,34.942256,דרך ניל''י  בנימינה גבעת עדה,street
6891,הפועל כפר סבא 2,345,כפר סבא אימונים עליון,התוכנה 9 כפר סבא,כפר סבא,שרון,32.177971,34.9258419,התוכנה 9 כפר סבא,street
6893,מ.ס. חיפה רובי שפירא,1159,חיפה אגרטק (אתוס 1 לשעבר),קדושי יאסי 2 חיפה,חיפה,צפון,32.7916931,34.9644972,קדושי יאסי 2 חיפה,street
6894,מ.ס. חיפה רובי שפירא,400,חיפה אבי רן,צביה ויצחק חיפה,חיפה,צפון,32.7941142,34.9684183,צביה ויצחק חיפה,street
6895,מ.ס. חיפה רובי שפירא,400,חיפה אבי רן,צביה ויצחק חיפה,חיפה,צפון,32.7941142,34.9684183,צביה ויצחק חיפה,street
6896,מ.ס. חיפה רובי שפירא,1160,חיפה אגרטק (אתוס 2 לשעבר),קדושי יאסי 2 חיפה,חיפה,צפון,32.7916931,34.9644972,קדושי יאסי 2 חיפה,street
6897,מ.ס. חיפה רובי שפירא,1159,חיפה אגרטק (אתוס 1 לשעבר),קדושי יאסי 2 חיפה,חיפה,צפון,32.7916931,34.9644972,קדושי יאסי 2 חיפה,street
6898,מכבי שוהם דרום,608,שוהם,גפן שוהם,שוהם,מרכז,31.98781,34.9365866,גפן שוהם,street
6899,מכבי ברקאי 2,512,קיבוץ ברקאי,ברקאי,ברקאי,שרון,32.475134,35.0300253,ברקאי,street
6900,מכבי ברקאי 2,512,קיבוץ ברקאי,ברקאי,ברקאי,שרון,32.475134,35.0300253,ברקאי,street
6901,הפועל ראשון לציון מערב,361,ראשון לציון סופרלנד מערבי סינטטי,יוסף טומי לפיד 8 ראשון לציון,ראשון לציון,מרכז,31.9776813,34.7524263,יוסף טומי לפיד 8 ראשון לציון,street
6903,"הפועל נחלת יהודה ראשל""צ 2 ""צו פיוס""",397,ראשון לציון תיכון עמית,שדרות בן גוריון ראשון לציון,ראשון לציון,מרכז,31.971376,34.791045,שדרות בן גוריון ראשון לציון,street
6905,הפועל הרצליה ע. מערב,588,הרצליה רן 2 (ילדים וטרומים),יוסף נבו 6 הרצליה,הרצליה,שרון,32.1673594,34.82377,יוסף נבו 6 הרצליה,street
6906,הפועל הרצליה ע. מערב,588,הרצליה רן 2 (ילדים וטרומים),יוסף נבו 6 הרצליה,הרצליה,שרון,32.1673594,34.82377,יוסף נבו 6 הרצליה,street
6907,צעירי שעב,162,שעב,אלביאדר 10 שעב,שעב,צפון,32.89014,35.23885,שעב,locality
6908,הפ' בני דיר אל אסד,603,בענה,בענה,בענה,צפון,32.9280587,35.272169,בענה,street
6909,הפ' בני דיר אל אסד,603,בענה,בענה,בענה,צפון,32.9280587,35.272169,בענה,street
6911,מכבי עמק חפר אברהם,352,קיבוץ גבעת חיים,גבעת חיים איחוד,גבעת חיים (איחוד),שרון,32.4002771,34.9330496,גבעת חיים איחוד,street
6914,הפועל קרית אונו 2,28,קרית אונו ישן,קפלן 56 קרית אונו,קרית אונו,מרכז,32.0627851,34.851488,קפלן 56 קרית אונו,street
6915,הפועל קרית אונו דרום,28,קרית אונו ישן,קפלן 56 קרית אונו,קרית אונו,מרכז,32.0627851,34.851488,קפלן 56 קרית אונו,street
6921,שמשון תל אביב צפון,1352,תל אביב ספורטק צפון מגרש מזרחי,שדרות רוקח 40 תל אביב יפו,יפו,מרכז,32.098446,34.787669,שדרות רוקח 40 תל אביב יפו,street
6927,עירוני מודיעין 2,1186,מודיעין מגרש ליגד,עמק האלה 51 מודיעין מכבים רעות,מודיעין מכבים רעות,מרכז,31.9132208,35.006815,עמק האלה 51 מודיעין מכבים רעות,street
6931,הפועל רמת גן דרום,402,רמת גן ספארי (תשיעיות),שדרת הצבי 1 רמת גן,רמת גן,מרכז,32.0526749,34.8262636,שדרת הצבי 1 רמת גן,street
6932,"הפועל ר""ג צפון",613,רמת גן ספארי,שדרת הצבי 2 רמת גן,רמת גן,מרכז,32.0526749,34.8262636,שדרת הצבי 2 רמת גן,street
6938,בני אום אל פחם 2,367,אום אל פחם,אום אל פחם,אום אל פחם,שרון,32.5158385,35.152491,אום אל פחם,fallback
6942,מ.כ. מכבי ע. אשדוד,215,אשדוד סינטטי,שדרות הנשיא וייצמן 21 אשדוד,אשדוד,דרום,31.808349,34.657739,שדרות הנשיא וייצמן  אשדוד,street
6943,"מ.כ. מכבי ע. אשדוד ""צו פיוס""",215,אשדוד סינטטי,שדרות הנשיא וייצמן 21 אשדוד,אשדוד,דרום,31.808349,34.657739,שדרות הנשיא וייצמן  אשדוד,street
6944,"מ.כ. מכבי ע. אשדוד ""צו פיוס""",215,אשדוד סינטטי,שדרות הנשיא וייצמן 21 אשדוד,אשדוד,דרום,31.808349,34.657739,שדרות הנשיא וייצמן  אשדוד,street
6945,"מ.כ. מכבי ע. אשדוד ""צו פיוס""",215,אשדוד סינטטי,שדרות הנשיא וייצמן 21 אשדוד,אשדוד,דרום,31.808349,34.657739,שדרות הנשיא וייצמן  אשדוד,street
6948,צעירי שעב,162,שעב,אלביאדר 10 שעב,שעב,צפון,32.89014,35.23885,שעב,locality
6951,א.ס. חולון מור,1110,חולון אימונים בית העלמין,משה דיין 1 חולון,חולון,מרכז,32.000768,34.770396,משה דיין 1 חולון,street
6952,א.ס חולון מור דרום,1110,חולון אימונים בית העלמין,משה דיין 1 חולון,חולון,מרכז,32.000768,34.770396,משה דיין 1 חולון,street
6953,א.ס חולון מור דרום,1110,חולון אימונים בית העלמין,משה דיין 1 חולון,חולון,מרכז,32.000768,34.770396,משה דיין 1 חולון,street
6954,מ.כ ערד,211,ערד,נתיב דבורה ערד,ערד,דרום,31.25882,35.21282,ערד,locality
6955,מ.כ. מושב חוסן,44,מעלות,בן גוריון 1 מעלות תרשיחא,מעלות תרשיחא,צפון,33.0136558,35.286681,בן גוריון 1 מעלות תרשיחא,street
6956,עירוני באר יעקב,68,באר יעקב,שוהם 1 באר יעקב,באר יעקב,מרכז,31.9341905,34.8257844,שוהם 1 באר יעקב,street
6957,עירוני באר יעקב,68,באר יעקב,שוהם 1 באר יעקב,באר יעקב,מרכז,31.9341905,34.8257844,שוהם 1 באר יעקב,street
6958,הפועל טירת כרמל,32,טירת כרמל,הרב משה מרדכי 7 טירת כרמל,טירת כרמל,צפון,32.76025,34.96874,טירת כרמל,locality
6960,הפ' מרום הגליל,1198,קרית שמונה סינטטי חדש,תל חי 4 קרית שמונה,קרית שמונה,צפון,33.2235285,35.5757816,תל חי 4 קרית שמונה,street
6963,הפועל טירת כרמל,32,טירת כרמל,הרב משה מרדכי 7 טירת כרמל,טירת כרמל,צפון,32.76025,34.96874,טירת כרמל,locality
6964,"הפועל טירת כרמל ""צו פיוס""",32,טירת כרמל,הרב משה מרדכי 7 טירת כרמל,טירת כרמל,צפון,32.76025,34.96874,טירת כרמל,locality
6965,"שיכון ותיקים ר""ג ""צו פיוס""",613,רמת גן ספארי,שדרת הצבי 2 רמת גן,רמת גן,מרכז,32.0526749,34.8262636,שדרת הצבי 2 רמת גן,street
6972,מ.כ. מעיליא,257,שיח-דנון,שייח' דנון,שייח' דנון,צפון,32.9943175,35.1479211,שייח' דנון,street
6973,מ.כ. מעיליא,257,שיח-דנון,שייח' דנון,שייח' דנון,צפון,32.9943175,35.1479211,שייח' דנון,street
6974,מ.כ. מעיליא,257,שיח-דנון,שייח' דנון,שייח' דנון,צפון,32.9943175,35.1479211,שייח' דנון,street
6975,מ.כ. הפ' ערערה בנגב,38,ירוחם,צבי בורנשטיין ירוחם,ירוחם,דרום,30.9885756,34.9222879,צבי בורנשטיין ירוחם,street
6977,"מ.ס בני ""ממבע"" הגולן והגליל",1259,בוקעתא,בוקעתא,בוקעתא,צפון,33.20076,35.7779892,בוקעתא,fallback
6979,צעירי שעב,162,שעב,אלביאדר 10 שעב,שעב,צפון,32.89014,35.23885,שעב,locality
6980,מ.כ. גני תקווה,1247,גני תקווה,דרך הים 9 גני תקווה,גני תקווה,מרכז,32.0642371,34.8738515,דרך הים 9 גני תקווה,street
6981,מ.כ. גני תקווה,1247,גני תקווה,דרך הים 9 גני תקווה,גני תקווה,מרכז,32.0642371,34.8738515,דרך הים 9 גני תקווה,street
6983,הפועל בני עיש,1170,(סגור)בני עייש,השיקמה 33 בני עי''ש,בני עיש,דרום,31.7875644,34.7619471,השיקמה 33 בני עי''ש,street
6986,"בית""ר ר""ג צפון",612,רמת גן אימונים 2(טרומים),דרך אבא הלל  רמת גן,רמת גן,מרכז,32.08227,34.81065,רמת גן,locality
6987,בני אום אל פאחם 2,411,אום אל פאחם סינטטי,אלהאדיה 2 אום אל פחם,אום אל פחם,שרון,32.5158385,35.152491,אום אל פחם,fallback
6989,הפ' בני פרדיס מ. עבדאלעאל,170,פרדיס,פוריידיס,פוריידיס,צפון,32.5988242,34.9542319,פוריידיס,fallback
6990,"מ.כ.ע אריאל ""צו פיוס""",255,אריאל,רמת הגולן 1 אריאל,אריאל,מרכז,32.1049634,35.1989244,רמת הגולן 1 אריאל,street
6991,הפ' בני פרדיס מ. עבדאלעאל,170,פרדיס,פוריידיס,פוריידיס,צפון,32.5988242,34.9542319,פוריידיס,fallback
6992,מ.כ ערד,211,ערד,נתיב דבורה ערד,ערד,דרום,31.25882,35.21282,ערד,locality
6994,מ.כ.ע אריאל,255,אריאל,רמת הגולן 1 אריאל,אריאל,מרכז,32.1049634,35.1989244,רמת הגולן 1 אריאל,street
6995,מ.כ.ע. אריאל,255,אריאל,רמת הגולן 1 אריאל,אריאל,מרכז,32.1049634,35.1989244,רמת הגולן 1 אריאל,street
6996,מ.כ.ע. אריאל,255,אריאל,רמת הגולן 1 אריאל,אריאל,מרכז,32.1049634,35.1989244,רמת הגולן 1 אריאל,street
6997,מכבי קרית גת 2,1190,קרית גת סינטטי אגוז,שדרות צה''ל 5 קרית גת,קרית גת,דרום,31.6089037,34.7596434,שדרות צה''ל 5 קרית גת,street
6998,הפועל מיתר,1293,מיתר,דרך הדרור 1 מיתר,מיתר,דרום,31.333317,34.93644,דרך הדרור  מיתר,street
6999,הפועל מיתר,1293,מיתר,דרך הדרור 1 מיתר,מיתר,דרום,31.333317,34.93644,דרך הדרור  מיתר,street
7000,"מ.ס. בני ""ממבע"" הגולן",1259,בוקעתא,בוקעתא,בוקעתא,צפון,33.20076,35.7779892,בוקעתא,fallback
7007,מ.ס. קדימה צורן 2,464,קדימה,הניצן 5 קדימה צורן,קדימה צורן,שרון,32.2712141,34.9197397,הניצן 5 קדימה צורן,street
7009,הפ' חולון צפרירים,22,חולון צפרירים חולון,הלוחמים 13 חולון,חולון,מרכז,32.0304312,34.7709226,הלוחמים 13 חולון,street
7032,מכבי שוהם 2,608,שוהם,גפן שוהם,שוהם,מרכז,31.98781,34.9365866,גפן שוהם,street
7035,"הפועל כפ""ס מערב",345,כפר סבא אימונים עליון,התוכנה 9 כפר סבא,כפר סבא,שרון,32.177971,34.9258419,התוכנה 9 כפר סבא,street
7037,הפועל הרצליה ע. מערב,334,הרצליה רן 1,הרצליה,הרצליה,שרון,32.1656255,34.8469023,הרצליה,street
7038,מ.כ הפועל ערערה בנגב,38,ירוחם,צבי בורנשטיין ירוחם,ירוחם,דרום,30.9885756,34.9222879,צבי בורנשטיין ירוחם,street
7039,הפועל אשקלון,370,(סגור)אשקלון אימונים-2,קיבוץ גלויות 1 אשקלון,אשקלון,דרום,31.6657521,34.5672225,קיבוץ גלויות 1 אשקלון,street
7041,הפועל קרית אונו 2,28,קרית אונו ישן,קפלן 56 קרית אונו,קרית אונו,מרכז,32.0627851,34.851488,קפלן 56 קרית אונו,street
7042,"עירוני מודיעין 2 ""צו פיוס""",1186,מודיעין מגרש ליגד,עמק האלה 51 מודיעין מכבים רעות,מודיעין מכבים רעות,מרכז,31.9132208,35.006815,עמק האלה 51 מודיעין מכבים רעות,street
7043,עירוני מודיעין,1186,מודיעין מגרש ליגד,עמק האלה 51 מודיעין מכבים רעות,מודיעין מכבים רעות,מרכז,31.9132208,35.006815,עמק האלה 51 מודיעין מכבים רעות,street
7044,מ.כ. הפ' אשדוד,1203,אשדוד סינטטי 2 קטן,שדרות הנשיא וייצמן 21 אשדוד,אשדוד,דרום,31.808349,34.657739,שדרות הנשיא וייצמן  אשדוד,street
7046,"א.ס. אשדוד ""רפי אלבז",215,אשדוד סינטטי,שדרות הנשיא וייצמן 21 אשדוד,אשדוד,דרום,31.808349,34.657739,שדרות הנשיא וייצמן  אשדוד,street
7047,הפועל מיתר,1245,עומר,תפוז 20 עומר,עומר,דרום,31.2703017,34.8577512,תפוז 20 עומר,street
7049,א.ס. אשדוד,1203,אשדוד סינטטי 2 קטן,שדרות הנשיא וייצמן 21 אשדוד,אשדוד,דרום,31.808349,34.657739,שדרות הנשיא וייצמן  אשדוד,street
7050,הפועל מיתר,1293,מיתר,דרך הדרור 1 מיתר,מיתר,דרום,31.333317,34.93644,דרך הדרור  מיתר,street
7051,מכבי קרית גת 2,1190,קרית גת סינטטי אגוז,שדרות צה''ל 5 קרית גת,קרית גת,דרום,31.6089037,34.7596434,שדרות צה''ל 5 קרית גת,street
7053,הפ' בני דיר אל אסד,603,בענה,בענה,בענה,צפון,32.9280587,35.272169,בענה,street
7054,"מ.כ.ע. אריאל ""צו פיוס""",255,אריאל,רמת הגולן 1 אריאל,אריאל,מרכז,32.1049634,35.1989244,רמת הגולן 1 אריאל,street
7055,"מ.כ.ע אריאל ""צו פיוס""",255,אריאל,רמת הגולן 1 אריאל,אריאל,מרכז,32.1049634,35.1989244,רמת הגולן 1 אריאל,street
7057,"מ.כ. הפ' אשדוד 1 ""צו פיוס""",1203,אשדוד סינטטי 2 קטן,שדרות הנשיא וייצמן 21 אשדוד,אשדוד,דרום,31.808349,34.657739,שדרות הנשיא וייצמן  אשדוד,street
7058,"שמשון ת""א צפון",1352,תל אביב ספורטק צפון מגרש מזרחי,שדרות רוקח 40 תל אביב יפו,יפו,מרכז,32.098446,34.787669,שדרות רוקח 40 תל אביב יפו,street
7059,"הפ' חולון צפרירים ""צו פיוס""",22,חולון צפרירים חולון,הלוחמים 13 חולון,חולון,מרכז,32.0304312,34.7709226,הלוחמים 13 חולון,street
7061,"הפ' מרמורק רחובות ""עופר"" ""צו פיוס""",1215,רחובות מכבי רחובות וייסגל סינטטי,שמעון דובנוב 47 רחובות,רחובות,מרכז,31.8872278,34.7941944,שמעון דובנוב 47 רחובות,street
7072,מ.ס. איחוד דרום השרון מערב,1279,ירחיב,סמטת חופית 1 ירחיב,ירחיב,שרון,32.15239,34.9679,ירחיב,locality
7077,מכבי נועם,562,רהט הפועל רהט,אלח'זאן 1 רהט,רהט,דרום,31.381991,34.775125,אלח'זאן  רהט,street
7080,ביתר רמת גן צפון,612,רמת גן אימונים 2(טרומים),דרך אבא הלל  רמת גן,רמת גן,מרכז,32.08227,34.81065,רמת גן,locality
7081,"בית""ר רמת גן",225,רמת גן אימונים,דרך אבא הלל  רמת גן,רמת גן,מרכז,32.08227,34.81065,רמת גן,locality
7085,ביתר רמת גן צפון,612,רמת גן אימונים 2(טרומים),דרך אבא הלל  רמת גן,רמת גן,מרכז,32.08227,34.81065,רמת גן,locality
7087,מ.כ. ערד,211,ערד,נתיב דבורה ערד,ערד,דרום,31.25882,35.21282,ערד,locality
7089,בני אום אל פאחם,367,אום אל פחם,אום אל פחם,אום אל פחם,שרון,32.5158385,35.152491,אום אל פחם,fallback
7094,הפ' בני פרדיס,170,פרדיס,פוריידיס,פוריידיס,צפון,32.5988242,34.9542319,פוריידיס,fallback
7095,"בית""ר רמת גן",225,רמת גן אימונים,דרך אבא הלל  רמת גן,רמת גן,מרכז,32.08227,34.81065,רמת גן,locality
7096,מ.כ. פסוטה,287,פסוטה,פסוטה,פסוטה,צפון,33.0484375,35.3100248,פסוטה,street
7098,"מ.כ הפ' אשדוד ""צו פיוס""",1203,אשדוד סינטטי 2 קטן,שדרות הנשיא וייצמן 21 אשדוד,אשדוד,דרום,31.808349,34.657739,שדרות הנשיא וייצמן  אשדוד,street
7099,הפועל טירת כרמל,32,טירת כרמל,הרב משה מרדכי 7 טירת כרמל,טירת כרמל,צפון,32.76025,34.96874,טירת כרמל,locality
7100,הפועל טירת כרמל,32,טירת כרמל,הרב משה מרדכי 7 טירת כרמל,טירת כרמל,צפון,32.76025,34.96874,טירת כרמל,locality
7101,"הפועל טירת כרמל ""צו פיוס""",32,טירת כרמל,הרב משה מרדכי 7 טירת כרמל,טירת כרמל,צפון,32.76025,34.96874,טירת כרמל,locality
7102,"הפועל טירת כרמל ""צו פיוס""",32,טירת כרמל,הרב משה מרדכי 7 טירת כרמל,טירת כרמל,צפון,32.76025,34.96874,טירת כרמל,locality
7104,הפועל בני עייש,1170,(סגור)בני עייש,השיקמה 33 בני עי''ש,בני עיש,דרום,31.7875644,34.7619471,השיקמה 33 בני עי''ש,street
7105,הפועל בני עייש,1170,(סגור)בני עייש,השיקמה 33 בני עי''ש,בני עיש,דרום,31.7875644,34.7619471,השיקמה 33 בני עי''ש,street
7106,הפועל אשקלון,370,(סגור)אשקלון אימונים-2,קיבוץ גלויות 1 אשקלון,אשקלון,דרום,31.6657521,34.5672225,קיבוץ גלויות 1 אשקלון,street
7107,א.ס. נורדיה ירושלים,1208,ירושלים הר חומה סינטטי,הרב ישעיהו דולגין 7 ירושלים,ירושלים,מרכז,31.7199984,35.2272089,הרב ישעיהו דולגין 7 ירושלים,street
7108,מ.ס. צעירי טייבה,53,טייבה,טייבה,טייבה,שרון,32.2671249,35.0089029,טייבה,fallback
7109,לוד,573,לוד אימונים 1,דרך הרמ''א  לוד,לוד,מרכז,31.933597,34.889205,דרך הרמ''א  לוד,street
7113,הפ' בני פרדיס,170,פרדיס,פוריידיס,פוריידיס,צפון,32.5988242,34.9542319,פוריידיס,fallback
7115,"מ.כ. מתנ""ס אופקים",133,אופקים,דוד בוזגלו 2 אופקים,אופקים,דרום,31.3050605,34.6277205,דוד בוזגלו 2 אופקים,street
7116,הפועל חיפה 1,1239,קרית חיים בית נגלר מערבי (אתוס לשעבר),אברהם דנינו 6 חיפה,חיפה,צפון,32.8181708,35.066066,אברהם דנינו 6 חיפה,street
7117,"מ.כ. קרית חיים ""שמשון"" ""צו פיוס""",1239,קרית חיים בית נגלר מערבי (אתוס לשעבר),אברהם דנינו 6 חיפה,חיפה,צפון,32.8181708,35.066066,אברהם דנינו 6 חיפה,street
7118,"מ.כ. קרית חיים ""שמשון ""צו פיוס""",1239,קרית חיים בית נגלר מערבי (אתוס לשעבר),אברהם דנינו 6 חיפה,חיפה,צפון,32.8181708,35.066066,אברהם דנינו 6 חיפה,street
7123,מ.כ. כבביר,400,חיפה אבי רן,צביה ויצחק חיפה,חיפה,צפון,32.7941142,34.9684183,צביה ויצחק חיפה,street
7129,"בית""ר פרדס חנה ""צו פיוס""",91,פרדס חנה,דרך הים פרדס חנה כרכור,פרדס חנה כרכור,שרון,32.4805699,34.9697493,דרך הים פרדס חנה כרכור,street
7139,שמשון תל אביב דרום,1352,תל אביב ספורטק צפון מגרש מזרחי,שדרות רוקח 40 תל אביב יפו,יפו,מרכז,32.098446,34.787669,שדרות רוקח 40 תל אביב יפו,street
7140,א.ס חולון מור 2,1082,"(סגור)חולון אימונים ע""י בית העלמין",משה דיין חולון,חולון,מרכז,32.000768,34.770396,משה דיין חולון,street
7141,א.ס חולון מור צפון,1110,חולון אימונים בית העלמין,משה דיין 1 חולון,חולון,מרכז,32.000768,34.770396,משה דיין 1 חולון,street
7142,"הפועל כפ""ס מערב",282,כפר סבא אימונים תחתון (סינטטי),התוכנה 9 כפר סבא,כפר סבא,שרון,32.177971,34.9258419,התוכנה 9 כפר סבא,street
7143,א.ס נורדיה ים ר.דיאון,1208,ירושלים הר חומה סינטטי,הרב ישעיהו דולגין 7 ירושלים,ירושלים,מרכז,31.7199984,35.2272089,הרב ישעיהו דולגין 7 ירושלים,street
7144,מכבי שוהם 2,608,שוהם,גפן שוהם,שוהם,מרכז,31.98781,34.9365866,גפן שוהם,street
7145,מכבי קרית גת 2,1190,קרית גת סינטטי אגוז,שדרות צה''ל 5 קרית גת,קרית גת,דרום,31.6089037,34.7596434,שדרות צה''ל 5 קרית גת,street
7146,"בית""ר ר""ג צפון",225,רמת גן אימונים,דרך אבא הלל  רמת גן,רמת גן,מרכז,32.08227,34.81065,רמת גן,locality
7147,"בית""ר ר""ג צפון",612,רמת גן אימונים 2(טרומים),דרך אבא הלל  רמת גן,רמת גן,מרכז,32.08227,34.81065,רמת גן,locality
7148,מ.כ. כבביר,1159,חיפה אגרטק (אתוס 1 לשעבר),קדושי יאסי 2 חיפה,חיפה,צפון,32.7916931,34.9644972,קדושי יאסי 2 חיפה,street
7157,"הפועל ר""ג צפון",613,רמת גן ספארי,שדרת הצבי 2 רמת גן,רמת גן,מרכז,32.0526749,34.8262636,שדרת הצבי 2 רמת גן,street
7159,"הפועל פ""ת צפון",1136,פתח תקוה מושבה דרומי,דרך אם המושבות 10 פתח תקווה,פתח תקווה,מרכז,32.102633,34.864924,דרך אם המושבות  פתח תקווה,street
7160,מכבי ע. שדרות ב,66,שדרות,מבצע סיני 2 שדרות,שדרות,דרום,31.5278466,34.5965889,מבצע סיני 2 שדרות,street
7161,מכבי ברקאי 2,512,קיבוץ ברקאי,ברקאי,ברקאי,שרון,32.475134,35.0300253,ברקאי,street
7162,"שמשון ת""א 2",1352,תל אביב ספורטק צפון מגרש מזרחי,שדרות רוקח 40 תל אביב יפו,יפו,מרכז,32.098446,34.787669,שדרות רוקח 40 תל אביב יפו,street
7163,"שמשון ת""א צפון",1352,תל אביב ספורטק צפון מגרש מזרחי,שדרות רוקח 40 תל אביב יפו,יפו,מרכז,32.098446,34.787669,שדרות רוקח 40 תל אביב יפו,street
7164,"מ.ס. ב""ש 2 ""צו פיוס""",1253,באר שבע רייסר 1 סינטטי,שלושת המצפים 3 באר שבע,באר שבע,דרום,31.2329997,34.8099317,שלושת המצפים 3 באר שבע,street
7165,"מ.ס ב""ש 2 ""צו פיוס""",1253,באר שבע רייסר 1 סינטטי,שלושת המצפים 3 באר שבע,באר שבע,דרום,31.2329997,34.8099317,שלושת המצפים 3 באר שבע,street
7166,הפ' הרצליה ע. מערב,334,הרצליה רן 1,הרצליה,הרצליה,שרון,32.1656255,34.8469023,הרצליה,street
7167,הפועל הרצליה ע. מערב,588,הרצליה רן 2 (ילדים וטרומים),יוסף נבו 6 הרצליה,הרצליה,שרון,32.1673594,34.82377,יוסף נבו 6 הרצליה,street
7178,מכבי הבשור,132,נופי הבשור מועצה אזורית אשכול,מגן,מגן,דרום,31.2990681,34.4289248,מגן,street
7181,בני אילת 2,1312,אילת קרית הספורט סינטטי,אילת,אילת,דרום,29.5569348,34.9497949,אילת,street
7187,"בית""ר ע.מעלה אדומים 2 ""צו פיוס""",515,מעלה אדומים אצטדיון טוטו,נביעות 8 מעלה אדומים,מעלה אדומים,מרכז,31.7705643,35.2987457,מעלה אדומים,fallback
7188,עירוני נשר 2,1026,נשר סינטטי,דרך בר יהודה 1 נשר,נשר,צפון,32.7553561,35.0614638,דרך בר יהודה 1 נשר,street
7189,עירוני נשר,1026,נשר סינטטי,דרך בר יהודה 1 נשר,נשר,צפון,32.7553561,35.0614638,דרך בר יהודה 1 נשר,street
7190,מכבי חיפה גולדשנפלד,250,נהלל,נהלל,נהלל,צפון,32.6900631,35.1968485,נהלל,street
7191,מ.ס. חיפה רובי שפירא 2,400,חיפה אבי רן,צביה ויצחק חיפה,חיפה,צפון,32.7941142,34.9684183,צביה ויצחק חיפה,street
7192,מ.ס. חיפה רובי שפירא,1159,חיפה אגרטק (אתוס 1 לשעבר),קדושי יאסי 2 חיפה,חיפה,צפון,32.7916931,34.9644972,קדושי יאסי 2 חיפה,street
7194,מ.ס. חיפה רובי שפירא 1,1159,חיפה אגרטק (אתוס 1 לשעבר),קדושי יאסי 2 חיפה,חיפה,צפון,32.7916931,34.9644972,קדושי יאסי 2 חיפה,street
7198,"מ.ס הפועל לוד 2 בני רגב ""צו פיוס""",573,לוד אימונים 1,דרך הרמ''א  לוד,לוד,מרכז,31.933597,34.889205,דרך הרמ''א  לוד,street
7199,הפועל אשקלון 2,564,אשקלון אימונים-3,קיבוץ גלויות 1 אשקלון,אשקלון,דרום,31.6657521,34.5672225,קיבוץ גלויות 1 אשקלון,street
7201,הפ' עירוני גדרה,1224,גדרה,וייצמן 44 גדרה,גדרה,דרום,31.8164497,34.7805624,וייצמן 44 גדרה,street
7206,מכבי צור שלום ק. ביאליק 2,174,צור שלום,הפרטיזנים 14 קרית ביאליק,קרית ביאליק,צפון,32.8568655,35.0979117,הפרטיזנים 14 קרית ביאליק,street
7207,הפועל ברנר,121,קרית עקרון,משה שרת 30 קרית עקרון,קרית עקרון,דרום,31.859636,34.8251782,משה שרת 30 קרית עקרון,street
7212,בני א.א.פאחם 2,367,אום אל פחם,אום אל פחם,אום אל פחם,שרון,32.5158385,35.152491,אום אל פחם,fallback
7230,"מכבי חיפה ""יואל""",636,חיפה קצף סינטטי,צביה ויצחק חיפה,חיפה,צפון,32.7941142,34.9684183,צביה ויצחק חיפה,street
7232,"הכח מכבי עמידר ר""ג דרום",16,רמת גן וינטר,דרך לוד 1 רמת גן,רמת גן,מרכז,32.08227,34.81065,רמת גן,locality
7235,"עירוני מודיעין 2 ""צו פיוס""",1186,מודיעין מגרש ליגד,עמק האלה 51 מודיעין מכבים רעות,מודיעין מכבים רעות,מרכז,31.9132208,35.006815,עמק האלה 51 מודיעין מכבים רעות,street
7236,הפועל הרצליה ע. מערב,334,הרצליה רן 1,הרצליה,הרצליה,שרון,32.1656255,34.8469023,הרצליה,street
7237,מכבי שוהם 2,608,שוהם,גפן שוהם,שוהם,מרכז,31.98781,34.9365866,גפן שוהם,street
7238,הפועל מטה אשר 2,342,ראש הנקרה,כפר ראש הנקרה,כפר ראש הנקרה,צפון,33.085461,35.114013,כפר ראש הנקרה,street
7240,"הפועל חוף הכרמל / מ""מ 2",258,קיבוץ החותרים,החותרים,החותרים,צפון,32.7514976,34.9567795,החותרים,street
7241,"הפועל ר""ג צפון",181,רמת גן השקמה,אחד העם 8 רמת גן,רמת גן,מרכז,32.08227,34.81065,רמת גן,locality
7243,שמשון בני טייבה 2,53,טייבה,טייבה,טייבה,שרון,32.2671249,35.0089029,טייבה,fallback
7244,הפ' מעגן מיכאל 2,1060,מעגן מיכאל,מעגן מיכאל,מעגן מיכאל,שרון,32.5553209,34.9166572,מעגן מיכאל,street
7246,"בית""ר ע.מעלה אדומים דרום",515,מעלה אדומים אצטדיון טוטו,נביעות 8 מעלה אדומים,מעלה אדומים,מרכז,31.7705643,35.2987457,מעלה אדומים,fallback
7252,"שמשון ת""א צפון",1352,תל אביב ספורטק צפון מגרש מזרחי,שדרות רוקח 40 תל אביב יפו,יפו,מרכז,32.098446,34.787669,שדרות רוקח 40 תל אביב יפו,street
7253,"שמשון ת""א 2",1352,תל אביב ספורטק צפון מגרש מזרחי,שדרות רוקח 40 תל אביב יפו,יפו,מרכז,32.098446,34.787669,שדרות רוקח 40 תל אביב יפו,street
7255,מ.כ. חולון ירמיהו צפון,1082,"(סגור)חולון אימונים ע""י בית העלמין",משה דיין חולון,חולון,מרכז,32.000768,34.770396,משה דיין חולון,street
7256,מ.כ. חולון ירמיהו 2,1082,"(סגור)חולון אימונים ע""י בית העלמין",משה דיין חולון,חולון,מרכז,32.000768,34.770396,משה דיין חולון,street
7258,"הפועל פ""ת צפון",1136,פתח תקוה מושבה דרומי,דרך אם המושבות 10 פתח תקווה,פתח תקווה,מרכז,32.102633,34.864924,דרך אם המושבות  פתח תקווה,street
7266,אגודת ספורט הפועל עומר,1245,עומר,תפוז 20 עומר,עומר,דרום,31.2703017,34.8577512,תפוז 20 עומר,street
7272,"מכבי ב""ש ""צו פיוס""",330,באר שבע טאובל,שדרות דוד בן גוריון 40 באר שבע,באר שבע,דרום,31.261395,34.8047493,שדרות דוד בן גוריון 40 באר שבע,street
7283,הפועל לב השרון,161,כפר יונה,הגליל כפר יונה,כפר יונה,שרון,32.3114467,34.9328481,הגליל כפר יונה,street
7285,הפועל לב השרון,161,כפר יונה,הגליל כפר יונה,כפר יונה,שרון,32.3114467,34.9328481,הגליל כפר יונה,street
7287,בני אילת 2,1312,אילת קרית הספורט סינטטי,אילת,אילת,דרום,29.5569348,34.9497949,אילת,street
7294,מכבי ע. בת ים 2,344,בת ים אימונים 1,דרך מנחם בגין 7 בת ים,בת ים,מרכז,31.998446,34.743239,דרך מנחם בגין  בת ים,street
7299,מכבי עספיא 2,57,עספיא,אל קלעה עספיא,עספיא,צפון,32.718494,35.076803,אל קלעה עספיא,street
7300,מכבי עספיא 2,57,עספיא,אל קלעה עספיא,עספיא,צפון,32.718494,35.076803,אל קלעה עספיא,street
7303,"בית""ר ע. מעלה אדומים 2 ""צו פיוס""",515,מעלה אדומים אצטדיון טוטו,נביעות 8 מעלה אדומים,מעלה אדומים,מרכז,31.7705643,35.2987457,מעלה אדומים,fallback
7304,מ.ס כפר כמא 2,141,כפר כמא,כפר כמא,כפר כמא,צפון,32.721053,35.4407705,כפר כמא,street
7306,צעירי סכנין 2,596,סכנין אימונים סינטטי,אלריאדה סח'נין,סח’נין,צפון,32.86506,35.29771,סחנין,locality
7311,בני א.א. פאחם 2,367,אום אל פחם,אום אל פחם,אום אל פחם,שרון,32.5158385,35.152491,אום אל פחם,fallback
7313,א.ס. הפועל עומר,1245,עומר,תפוז 20 עומר,עומר,דרום,31.2703017,34.8577512,תפוז 20 עומר,street
7325,"מ.ס. פרדס חנה כרכור 2 ""צו פיוס""",91,פרדס חנה,דרך הים פרדס חנה כרכור,פרדס חנה כרכור,שרון,32.4805699,34.9697493,דרך הים פרדס חנה כרכור,street
7326,מכבי שוהם 2,608,שוהם,גפן שוהם,שוהם,מרכז,31.98781,34.9365866,גפן שוהם,street
7327,"הפועל ב""ש 2",966,באר שבע וסרמיל 1,אצ''ל 6 באר שבע,באר שבע,דרום,31.2720302,34.7777836,אצ''ל 6 באר שבע,street
7328,"מכבי פ""ת דרום",954,פתח תקוה מכבי סינטטי,מרדכי בן דרור 1 פתח תקווה,פתח תקווה,מרכז,32.1000191,34.8900673,מרדכי בן דרור 1 פתח תקווה,street
7329,"מכבי ב""ש 2 ""צו פיוס""",330,באר שבע טאובל,שדרות דוד בן גוריון 40 באר שבע,באר שבע,דרום,31.261395,34.8047493,שדרות דוד בן גוריון 40 באר שבע,street
7330,שמשון בני טייבה 2,53,טייבה,טייבה,טייבה,שרון,32.2671249,35.0089029,טייבה,fallback
7331,הפועל חדרה מערב,1331,חדרה מתחם אימונים סינטטי,צה''ל 2 חדרה,חדרה,שרון,32.4444466,34.9473677,צה''ל 2 חדרה,street
7332,הפועל חדרה מערב,50,חדרה בית אליעזר,כ''ט בנובמבר חדרה,חדרה,שרון,32.4285836,34.9514667,כ''ט בנובמבר חדרה,street
7333,הפועל חדרה מערב,50,חדרה בית אליעזר,כ''ט בנובמבר חדרה,חדרה,שרון,32.4285836,34.9514667,כ''ט בנובמבר חדרה,street
7334,הפועל חדרה מערב,50,חדרה בית אליעזר,כ''ט בנובמבר חדרה,חדרה,שרון,32.4285836,34.9514667,כ''ט בנובמבר חדרה,street
7336,ה.מטה אשר 2,1103,עין המפרץ נעמן,עין המפרץ,עין המפרץ,צפון,32.9036151,35.0961117,עין המפרץ,street
7337,הפועל מעגן מיכאל,1060,מעגן מיכאל,מעגן מיכאל,מעגן מיכאל,שרון,32.5553209,34.9166572,מעגן מיכאל,street
7340,"הפועל ר""ג צפון",613,רמת גן ספארי,שדרת הצבי 2 רמת גן,רמת גן,מרכז,32.0526749,34.8262636,שדרת הצבי 2 רמת גן,street
7341,מ.ס פרדס חנה כרכור 2,91,פרדס חנה,דרך הים פרדס חנה כרכור,פרדס חנה כרכור,שרון,32.4805699,34.9697493,דרך הים פרדס חנה כרכור,street
7345,"שמשון ת""א 2",1352,תל אביב ספורטק צפון מגרש מזרחי,שדרות רוקח 40 תל אביב יפו,יפו,מרכז,32.098446,34.787669,שדרות רוקח 40 תל אביב יפו,street
7353,מ.כ.ע אריאל,255,אריאל,רמת הגולן 1 אריאל,אריאל,מרכז,32.1049634,35.1989244,רמת הגולן 1 אריאל,street
7359,מכבי כפר סבא,282,כפר סבא אימונים תחתון (סינטטי),התוכנה 9 כפר סבא,כפר סבא,שרון,32.177971,34.9258419,התוכנה 9 כפר סבא,street
7361,בני אילת 2,1312,אילת קרית הספורט סינטטי,אילת,אילת,דרום,29.5569348,34.9497949,אילת,street
7373,סקציה נס ציונה 2,1303,נס ציונה אימונים סינטטי חדש,הנבחרת 1 נס ציונה,נס ציונה,דרום,31.9147195,34.7733411,הנבחרת 1 נס ציונה,street
7374,הפועל יוקנעם 1,55,יקנעם,הגנים יקנעם,יקנעם עילית,צפון,32.6480601,35.0943545,יקנעם,fallback
7379,מכבי כפר סבא מזרח,439,כפר סבא קפלן,שולמית 1 כפר סבא,כפר סבא,שרון,32.175,34.90694,כפר סבא,locality
7380,מ.עמק חפר 3,352,קיבוץ גבעת חיים,גבעת חיים איחוד,גבעת חיים (איחוד),שרון,32.4002771,34.9330496,גבעת חיים איחוד,street
7381,מ.עמק חפר 3,352,קיבוץ גבעת חיים,גבעת חיים איחוד,גבעת חיים (איחוד),שרון,32.4002771,34.9330496,גבעת חיים איחוד,street
7383,"מכבי ב""ש 2 ""צו פיוס""",330,באר שבע טאובל,שדרות דוד בן גוריון 40 באר שבע,באר שבע,דרום,31.261395,34.8047493,שדרות דוד בן גוריון 40 באר שבע,street
7384,"מכבי ב""ש 2 ""צו פיוס""",330,באר שבע טאובל,שדרות דוד בן גוריון 40 באר שבע,באר שבע,דרום,31.261395,34.8047493,שדרות דוד בן גוריון 40 באר שבע,street
7388,אחי ביר אלמכסור 2,31,שפרעם,שפרעם,שפרעם,צפון,32.8045765,35.1723866,שפרעם,street
7392,מ.כ. אור יהודה 1,39,אור יהודה,חטיבת אלכסנדרוני 2 אור יהודה,אור יהודה,מרכז,32.0253798,34.865591,חטיבת אלכסנדרוני 2 אור יהודה,street
7394,מכבי סקציה מעלות תרשיחא 2,44,מעלות,בן גוריון 1 מעלות תרשיחא,מעלות תרשיחא,צפון,33.0136558,35.286681,בן גוריון 1 מעלות תרשיחא,street
7395,מ.ס.צ.כפר קנא 2,78,כפר כנא,אל מלעב כפר כנא,כפר כנא,צפון,32.751207,35.337654,אל מלעב כפר כנא,street
7403,הפועל פרדסייה,105,פרדסיה,התהילה 24 פרדסיה,פרדסיה,שרון,32.3084939,34.9049422,התהילה 24 פרדסיה,street
7406,מכבי קרית גת 2 דרום,1190,קרית גת סינטטי אגוז,שדרות צה''ל 5 קרית גת,קרית גת,דרום,31.6089037,34.7596434,שדרות צה''ל 5 קרית גת,street
7407,ה.איכסל עמאד,237,איכסל,אכסאל,איכסל,צפון,32.6815837,35.3239769,איכסל,fallback
7408,הפועל הרצליה ע. מערב,588,הרצליה רן 2 (ילדים וטרומים),יוסף נבו 6 הרצליה,הרצליה,שרון,32.1673594,34.82377,יוסף נבו 6 הרצליה,street
7437,"מכבי קרית גת 2 ""צו פיוס""",1190,קרית גת סינטטי אגוז,שדרות צה''ל 5 קרית גת,קרית גת,דרום,31.6089037,34.7596434,שדרות צה''ל 5 קרית גת,street
7438,הפועל ירושלים מערב,1310,אבו גוש,השדות 2 אבו גוש,אבו גוש,מרכז,31.80592,35.1093,אבו גוש,locality
7439,"מכבי פ""ת",310,פתח תקוה מכבי אימונים,מרדכי בן דרור 1 פתח תקווה,פתח תקווה,מרכז,32.1000191,34.8900673,מרדכי בן דרור 1 פתח תקווה,street
7440,מ.כ חולון ירמיהו דרום,1260,חולון אימונים סינטטי ליד בית העלמין,משה דיין 1 חולון,חולון,מרכז,32.000768,34.770396,משה דיין 1 חולון,street
7441,מ.כ חולון ירמיהו צפון,1260,חולון אימונים סינטטי ליד בית העלמין,משה דיין 1 חולון,חולון,מרכז,32.000768,34.770396,משה דיין 1 חולון,street
7442,מ.כ. קרית חיים,1238,קרית חיים בית נגלר מזרחי (אתוס לשעבר),אברהם דנינו 6 חיפה,חיפה,צפון,32.8181708,35.066066,אברהם דנינו 6 חיפה,street
7443,"מ.כ. קרית חיים ""צו פיוס""",1238,קרית חיים בית נגלר מזרחי (אתוס לשעבר),אברהם דנינו 6 חיפה,חיפה,צפון,32.8181708,35.066066,אברהם דנינו 6 חיפה,street
7444,מכבי ע. שדרות,66,שדרות,מבצע סיני 2 שדרות,שדרות,דרום,31.5278466,34.5965889,מבצע סיני 2 שדרות,street
7445,מכבי ע. שדרות,66,שדרות,מבצע סיני 2 שדרות,שדרות,דרום,31.5278466,34.5965889,מבצע סיני 2 שדרות,street
7447,"הפועל ב""ש 3",966,באר שבע וסרמיל 1,אצ''ל 6 באר שבע,באר שבע,דרום,31.2720302,34.7777836,אצ''ל 6 באר שבע,street
7449,"הפועל ב""ש 2",966,באר שבע וסרמיל 1,אצ''ל 6 באר שבע,באר שבע,דרום,31.2720302,34.7777836,אצ''ל 6 באר שבע,street
7451,"מכבי שוהם 2 ""צו פיוס""",608,שוהם,גפן שוהם,שוהם,מרכז,31.98781,34.9365866,גפן שוהם,street
7452,הפועל לב השרון 2,161,כפר יונה,הגליל כפר יונה,כפר יונה,שרון,32.3114467,34.9328481,הגליל כפר יונה,street
7453,הפועל חיפה 2,3,קרית חיים,האיצטדיון 1 חיפה,חיפה,צפון,32.82305,35.058868,האיצטדיון  חיפה,street
7454,"מכבי ב""ש 2 ""צו פיוס""",330,באר שבע טאובל,שדרות דוד בן גוריון 40 באר שבע,באר שבע,דרום,31.261395,34.8047493,שדרות דוד בן גוריון 40 באר שבע,street
7455,"מכבי ב""ש 2 ""צו פיוס""",330,באר שבע טאובל,שדרות דוד בן גוריון 40 באר שבע,באר שבע,דרום,31.261395,34.8047493,שדרות דוד בן גוריון 40 באר שבע,street
7456,מ.ס. הפועל שגב שלום,1257,באר שבע רייסר 4 סינטטי,שלושת המצפים 3 באר שבע,באר שבע,דרום,31.2329997,34.8099317,שלושת המצפים 3 באר שבע,street
7457,"בית""ר קרית אתא כפיר",1331,חדרה מתחם אימונים סינטטי,צה''ל 2 חדרה,חדרה,שרון,32.4444466,34.9473677,צה''ל 2 חדרה,street
7458,מ.ס טירת כרמל,32,טירת כרמל,הרב משה מרדכי 7 טירת כרמל,טירת כרמל,צפון,32.76025,34.96874,טירת כרמל,locality
7459,הפועל אשקלון 2,370,(סגור)אשקלון אימונים-2,קיבוץ גלויות 1 אשקלון,אשקלון,דרום,31.6657521,34.5672225,קיבוץ גלויות 1 אשקלון,street
7460,מכבי ע. קרית אתא,326,קרית אתא,רופין קרית אתא,קרית אתא,צפון,32.8155268,35.1106668,רופין קרית אתא,street
7461,מכבי ע. קרית אתא,326,קרית אתא,רופין קרית אתא,קרית אתא,צפון,32.8155268,35.1106668,רופין קרית אתא,street
7462,ע. מודיעין 3,1186,מודיעין מגרש ליגד,עמק האלה 51 מודיעין מכבים רעות,מודיעין מכבים רעות,מרכז,31.9132208,35.006815,עמק האלה 51 מודיעין מכבים רעות,street
7463,ע. מודיעין 3,1186,מודיעין מגרש ליגד,עמק האלה 51 מודיעין מכבים רעות,מודיעין מכבים רעות,מרכז,31.9132208,35.006815,עמק האלה 51 מודיעין מכבים רעות,street
7464,הפועל ע. כרמיאל 2,580,כרמיאל,מורד הגיא 99 כרמיאל,כרמיאל,צפון,32.9054806,35.2947039,מורד הגיא 99 כרמיאל,street
7466,הפועל בית שאן מסילות,365,בית שאן אימונים,בית שאן,בית שאן,צפון,32.4967519,35.4973022,בית שאן,street
7467,ה.בית שאן יוסי בניפוסי,365,בית שאן אימונים,בית שאן,בית שאן,צפון,32.4967519,35.4973022,בית שאן,street
7469,הפועל מ.ס. חבל מודיעין 2,1153,כפר בן שמן,בן שמן,בן שמן,מרכז,31.9522788,34.921944,בן שמן,street
7470,מכבי ע. כפר יונה 2,161,כפר יונה,הגליל כפר יונה,כפר יונה,שרון,32.3114467,34.9328481,הגליל כפר יונה,street
7471,מכבי צור שלום ק. ביאליק 2,174,צור שלום,הפרטיזנים 14 קרית ביאליק,קרית ביאליק,צפון,32.8568655,35.0979117,הפרטיזנים 14 קרית ביאליק,street
7472,"הכח מכבי עמידר ר""ג מרכז",613,רמת גן ספארי,שדרת הצבי 2 רמת גן,רמת גן,מרכז,32.0526749,34.8262636,שדרת הצבי 2 רמת גן,street
7473,"הכח מכבי עמידר ר""ג 3",181,רמת גן השקמה,אחד העם 8 רמת גן,רמת גן,מרכז,32.08227,34.81065,רמת גן,locality
7474,"מכבי עמישב פ""ת 2",595,פתח תקוה סירקין ספורטק אצטדיון,הרב עובדיה יוסף 3 פתח תקווה,פתח תקווה,מרכז,32.0813004,34.9065744,הרב עובדיה יוסף 3 פתח תקווה,street
7481,ה.קרית ים,1269,קרית ים סינטטי,פנחס לבון 1 קרית ים,קרית ים,צפון,32.8553846,35.0765524,פנחס לבון 1 קרית ים,street
7482,מ.כפר סבא מערב,439,כפר סבא קפלן,שולמית 1 כפר סבא,כפר סבא,שרון,32.175,34.90694,כפר סבא,locality
7483,"מ.כפ""ס מערב",439,כפר סבא קפלן,שולמית 1 כפר סבא,כפר סבא,שרון,32.175,34.90694,כפר סבא,locality
7485,קרית ים,1269,קרית ים סינטטי,פנחס לבון 1 קרית ים,קרית ים,צפון,32.8553846,35.0765524,פנחס לבון 1 קרית ים,street
7486,"בית""ר חיפה 2",602,חיפה אבי רן 2,צביה ויצחק חיפה,חיפה,צפון,32.7941142,34.9684183,צביה ויצחק חיפה,street
7487,ב.חיפה,1159,חיפה אגרטק (אתוס 1 לשעבר),קדושי יאסי 2 חיפה,חיפה,צפון,32.7916931,34.9644972,קדושי יאסי 2 חיפה,street
7489,מ.כ אור יהודה,39,אור יהודה,חטיבת אלכסנדרוני 2 אור יהודה,אור יהודה,מרכז,32.0253798,34.865591,חטיבת אלכסנדרוני 2 אור יהודה,street
7490,"מ.כ.ע אור יהודה 2 ""צו פיוס""",39,אור יהודה,חטיבת אלכסנדרוני 2 אור יהודה,אור יהודה,מרכז,32.0253798,34.865591,חטיבת אלכסנדרוני 2 אור יהודה,street
7491,"הפועל ר""ג צפון",402,רמת גן ספארי (תשיעיות),שדרת הצבי 1 רמת גן,רמת גן,מרכז,32.0526749,34.8262636,שדרת הצבי 1 רמת גן,street
7493,מכבי ברקאי 2,512,קיבוץ ברקאי,ברקאי,ברקאי,שרון,32.475134,35.0300253,ברקאי,street
7494,"בית""ר פתח תקוה 2",1136,פתח תקוה מושבה דרומי,דרך אם המושבות 10 פתח תקווה,פתח תקווה,מרכז,32.102633,34.864924,דרך אם המושבות  פתח תקווה,street
7497,"עוצמה מ.כ.""הרצל""חולון מרכז",1316,חולון טוטו,משה דיין  חולון,חולון,מרכז,32.000768,34.770396,משה דיין  חולון,street
7498,"עוצמה מ.כ.""הרצל"" חולון מרכז",1260,חולון אימונים סינטטי ליד בית העלמין,משה דיין 1 חולון,חולון,מרכז,32.000768,34.770396,משה דיין 1 חולון,street
7506,ס. נס ציונה 2,1086,(סגור)נס ציונה סינטטי מרגולין 1,מרגולין 1 נס ציונה,נס ציונה,דרום,31.93369,34.8111872,מרגולין 1 נס ציונה,street
7510,מ.ס. קרית ים 2,1269,קרית ים סינטטי,פנחס לבון 1 קרית ים,קרית ים,צפון,32.8553846,35.0765524,פנחס לבון 1 קרית ים,street
7513,מ.כ. מועצה אזורית יואב,1224,גדרה,וייצמן 44 גדרה,גדרה,דרום,31.8164497,34.7805624,וייצמן 44 גדרה,street
7517,מ.כ. חולון ירמיהו מרכז,1260,חולון אימונים סינטטי ליד בית העלמין,משה דיין 1 חולון,חולון,מרכז,32.000768,34.770396,משה דיין 1 חולון,street
7518,מ.כ חולון ירמיהו צפון,1260,חולון אימונים סינטטי ליד בית העלמין,משה דיין 1 חולון,חולון,מרכז,32.000768,34.770396,משה דיין 1 חולון,street
7520,"מכבי עתלית ""צו פיוס""",313,עתלית,מלח הארץ עתלית,עתלית,צפון,32.68889,34.94236,עתלית,locality
7522,מ.כ עמק המעיינות,569,קיבוץ מסילות,מסילות,מסילות,צפון,32.495833,35.4750001,מסילות,street
7524,ע. ראש העין 2,637,"מכבי פ""ת מגרש ב'",,ראש העין,מרכז,32.09556,34.95664,ראש העין,locality
7532,מכבי רחובות דרום,1215,רחובות מכבי רחובות וייסגל סינטטי,שמעון דובנוב 47 רחובות,רחובות,מרכז,31.8872278,34.7941944,שמעון דובנוב 47 רחובות,street
7533,מכבי צורן,464,קדימה,הניצן 5 קדימה צורן,קדימה צורן,שרון,32.2712141,34.9197397,הניצן 5 קדימה צורן,street
7534,מ.כ. מועצה איזורית יואב,1224,גדרה,וייצמן 44 גדרה,גדרה,דרום,31.8164497,34.7805624,וייצמן 44 גדרה,street
7535,"הכח מכבי עמידר ר""ג 3",181,רמת גן השקמה,אחד העם 8 רמת גן,רמת גן,מרכז,32.08227,34.81065,רמת גן,locality
7536,מ.כ חולון ירמיהו 2,41,אזור,יצחק שדה אזור,אזור,מרכז,32.0243903,34.8096147,יצחק שדה אזור,street
7544,מ.כ. בנימינה 2,606,בנימינה,דרך ניל''י 28 בנימינה גבעת עדה,גבעת עדה,שרון,32.521485,34.942256,דרך ניל''י  בנימינה גבעת עדה,street
7545,הפועל עפולה 2,1132,עפולה סינטטי,חיים ברלב 2 עפולה,עפולה,צפון,32.6271182,35.315469,חיים ברלב 2 עפולה,street
7546,מ.כ חולון ירמיהו מרכז,186,(סגור)חולון ישן,ההסתדרות 25 חולון,חולון,מרכז,32.0184889,34.7683329,ההסתדרות 25 חולון,street
7548,מ.כ. דלית אל כרמל,58,דלית אל כרמל,אלרוחראח  דאלית אל כרמל,דלית אל כרמל,צפון,32.6869077,35.057284,אלרוחראח  דאלית אל כרמל,street
7555,סקציה נס ציונה 2,1086,(סגור)נס ציונה סינטטי מרגולין 1,מרגולין 1 נס ציונה,נס ציונה,דרום,31.93369,34.8111872,מרגולין 1 נס ציונה,street
7557,הפועל רעננה 3,363,רעננה פארק צפוני סינטטי,מרטין דרוקר רעננה,רעננה,שרון,32.1933115,34.8463327,מרטין דרוקר רעננה,street
7563,הפועל י-ם מערב,1310,אבו גוש,השדות 2 אבו גוש,אבו גוש,מרכז,31.80592,35.1093,אבו גוש,locality
7564,מ.כ. כרמל חיפה 2,1159,חיפה אגרטק (אתוס 1 לשעבר),קדושי יאסי 2 חיפה,חיפה,צפון,32.7916931,34.9644972,קדושי יאסי 2 חיפה,street
7567,מכבי רחובות דרום,1215,רחובות מכבי רחובות וייסגל סינטטי,שמעון דובנוב 47 רחובות,רחובות,מרכז,31.8872278,34.7941944,שמעון דובנוב 47 רחובות,street
7568,הפועל הרצליה ע. מערב,588,הרצליה רן 2 (ילדים וטרומים),יוסף נבו 6 הרצליה,הרצליה,שרון,32.1673594,34.82377,יוסף נבו 6 הרצליה,street
7570,הפועל לב השרון דרום,161,כפר יונה,הגליל כפר יונה,כפר יונה,שרון,32.3114467,34.9328481,הגליל כפר יונה,street
7571,הפועל לב השרון 2,161,כפר יונה,הגליל כפר יונה,כפר יונה,שרון,32.3114467,34.9328481,הגליל כפר יונה,street
7572,מ.כ קרית חיים,1238,קרית חיים בית נגלר מזרחי (אתוס לשעבר),אברהם דנינו 6 חיפה,חיפה,צפון,32.8181708,35.066066,אברהם דנינו 6 חיפה,street
7573,מ.כ בנימינה 2,606,בנימינה,דרך ניל''י 28 בנימינה גבעת עדה,גבעת עדה,שרון,32.521485,34.942256,דרך ניל''י  בנימינה גבעת עדה,street
7574,מ.כ. ג'וליס,204,ג׳וליס,אלריאד'ה ג'וליס,ג'וליס,צפון,32.9430618,35.1869431,ג'וליס,fallback
7575,הפועל עירוני כרמיאל 2,580,כרמיאל,מורד הגיא 99 כרמיאל,כרמיאל,צפון,32.9054806,35.2947039,מורד הגיא 99 כרמיאל,street
7577,מ.כ.ע אריאל 2,255,אריאל,רמת הגולן 1 אריאל,אריאל,מרכז,32.1049634,35.1989244,רמת הגולן 1 אריאל,street
7578,מכבי ע. קרית אתא 2,326,קרית אתא,רופין קרית אתא,קרית אתא,צפון,32.8155268,35.1106668,רופין קרית אתא,street
7579,מכבי ע. קרית אתא 2,326,קרית אתא,רופין קרית אתא,קרית אתא,צפון,32.8155268,35.1106668,רופין קרית אתא,street
7580,"מכבי עמישב פ""ת צפון",595,פתח תקוה סירקין ספורטק אצטדיון,הרב עובדיה יוסף 3 פתח תקווה,פתח תקווה,מרכז,32.0813004,34.9065744,הרב עובדיה יוסף 3 פתח תקווה,street
7581,"מ.ס ב""ש 3 ""צו פיוס""",1253,באר שבע רייסר 1 סינטטי,שלושת המצפים 3 באר שבע,באר שבע,דרום,31.2329997,34.8099317,שלושת המצפים 3 באר שבע,street
7582,"מ.ס.באר שבע 2 ""צו פיוס""",1253,באר שבע רייסר 1 סינטטי,שלושת המצפים 3 באר שבע,באר שבע,דרום,31.2329997,34.8099317,שלושת המצפים 3 באר שבע,street
7583,מ.ס. קרית ים 2,1269,קרית ים סינטטי,פנחס לבון 1 קרית ים,קרית ים,צפון,32.8553846,35.0765524,פנחס לבון 1 קרית ים,street
7585,הפועל קרית אונו 2,28,קרית אונו ישן,קפלן 56 קרית אונו,קרית אונו,מרכז,32.0627851,34.851488,קפלן 56 קרית אונו,street
7586,מכבי חיפה צפון,636,חיפה קצף סינטטי,צביה ויצחק חיפה,חיפה,צפון,32.7941142,34.9684183,צביה ויצחק חיפה,street
7587,צ.שעב,162,שעב,אלביאדר 10 שעב,שעב,צפון,32.89014,35.23885,שעב,locality
7588,מכבי קרית גת 2 דרום,1190,קרית גת סינטטי אגוז,שדרות צה''ל 5 קרית גת,קרית גת,דרום,31.6089037,34.7596434,שדרות צה''ל 5 קרית גת,street
7590,מכבי ע. שדרות 2,66,שדרות,מבצע סיני 2 שדרות,שדרות,דרום,31.5278466,34.5965889,מבצע סיני 2 שדרות,street
7593,ע. ראש העין צפון,1339,ראש העין,יחיאל סנדרוב ראש העין,ראש העין,מרכז,32.1090043,34.9407424,יחיאל סנדרוב ראש העין,street
7597,מכבי עספיא 2,57,עספיא,אל קלעה עספיא,עספיא,צפון,32.718494,35.076803,אל קלעה עספיא,street
7598,"בית""ר פ""ת 2",1252,פתח תקוה סירקין אימונים 3,הרב עובדיה יוסף 3 פתח תקווה,פתח תקווה,מרכז,32.0813004,34.9065744,הרב עובדיה יוסף 3 פתח תקווה,street
7599,"שמשון ת""א דרום",1352,תל אביב ספורטק צפון מגרש מזרחי,שדרות רוקח 40 תל אביב יפו,יפו,מרכז,32.098446,34.787669,שדרות רוקח 40 תל אביב יפו,street
7602,מ.סהפועל קרית ים,1269,קרית ים סינטטי,פנחס לבון 1 קרית ים,קרית ים,צפון,32.8553846,35.0765524,פנחס לבון 1 קרית ים,street
7604,מכבי צור שלום ביאליק 2,174,צור שלום,הפרטיזנים 14 קרית ביאליק,קרית ביאליק,צפון,32.8568655,35.0979117,הפרטיזנים 14 קרית ביאליק,street
7606,"בית""ר ת""א צפון",344,בת ים אימונים 1,דרך מנחם בגין 7 בת ים,בת ים,מרכז,31.998446,34.743239,דרך מנחם בגין  בת ים,street
7607,"בית""ר ת""א צפון",344,בת ים אימונים 1,דרך מנחם בגין 7 בת ים,בת ים,מרכז,31.998446,34.743239,דרך מנחם בגין  בת ים,street
7613,הפועל חורפיש,603,בענה,בענה,בענה,צפון,32.9280587,35.272169,בענה,street
7622,מ.כ. ג'וליס,204,ג׳וליס,אלריאד'ה ג'וליס,ג'וליס,צפון,32.9430618,35.1869431,ג'וליס,fallback
7625,הפועל אורנית 2,516,אורנית,מבוא אורנית 2 אורנית,אורנית,מרכז,32.1309209,34.9919607,אורנית,fallback
7628,מ עמק חפר 2,1020,בת חפר יישוב,בת חפר,בת חפר,שרון,32.3345015,35.012351,בת חפר,street
7632,"מ.כ. שדרות ""צו פיוס""",66,שדרות,מבצע סיני 2 שדרות,שדרות,דרום,31.5278466,34.5965889,מבצע סיני 2 שדרות,street
7639,מכבי קרית מלאכי 2,1088,קרית מלאכי סינטטי,הרצל 70 קרית מלאכי,קרית מלאכי,דרום,31.7365647,34.7418154,הרצל 70 קרית מלאכי,street
7640,מ.כ מכבי נהריה,1305,נהריה 2 סינטטי,שלום הגליל 8 נהריה,נהריה,צפון,33.0117577,35.1089668,שלום הגליל 8 נהריה,street
7641,איחוד בני שפרעם,1251,שפרעם חדש סינטטי,תופיק זיאד שפרעם,שפרעם,צפון,32.8002989,35.1791767,תופיק זיאד שפרעם,street
7647,"מ.כ. שדרות ""צו פיוס""",66,שדרות,מבצע סיני 2 שדרות,שדרות,דרום,31.5278466,34.5965889,מבצע סיני 2 שדרות,street
7659,ס. נס ציונה 2,1303,נס ציונה אימונים סינטטי חדש,הנבחרת 1 נס ציונה,נס ציונה,דרום,31.9147195,34.7733411,הנבחרת 1 נס ציונה,street
7660,בית''ר גן יבנה 2,984,(סגור)גן יבנה,המגינים 45 גן יבנה,גן יבנה,דרום,31.7922496,34.711908,המגינים 45 גן יבנה,street
7661,בית''ר גן יבנה,984,(סגור)גן יבנה,המגינים 45 גן יבנה,גן יבנה,דרום,31.7922496,34.711908,המגינים 45 גן יבנה,street
7662,בית''ר גן יבנה,984,(סגור)גן יבנה,המגינים 45 גן יבנה,גן יבנה,דרום,31.7922496,34.711908,המגינים 45 גן יבנה,street
7665,"מכבי ב""ש דרום ""צו פיוס""",330,באר שבע טאובל,שדרות דוד בן גוריון 40 באר שבע,באר שבע,דרום,31.261395,34.8047493,שדרות דוד בן גוריון 40 באר שבע,street
7668,הפ' ניר רמת השרון דרום,1281,רמת השרון סינטטי קטן,דרך דודו דותן 2 רמת השרון,רמת השרון,שרון,32.14613,34.8394,רמת השרון,locality
7670,הפועל נוף הגליל 2,1318,נוף הגליל סינטטי חדש,יזרעאל 46 נוף הגליל,נוף הגליל,צפון,32.689583,35.3167752,יזרעאל 46 נוף הגליל,street
7671,הפ' נוף הגליל 2,1318,נוף הגליל סינטטי חדש,יזרעאל 46 נוף הגליל,נוף הגליל,צפון,32.689583,35.3167752,יזרעאל 46 נוף הגליל,street
7672,הפ' נוף הגליל,1318,נוף הגליל סינטטי חדש,יזרעאל 46 נוף הגליל,נוף הגליל,צפון,32.689583,35.3167752,יזרעאל 46 נוף הגליל,street
7673,מ.כ.כרמל חיפה 2,1159,חיפה אגרטק (אתוס 1 לשעבר),קדושי יאסי 2 חיפה,חיפה,צפון,32.7916931,34.9644972,קדושי יאסי 2 חיפה,street
7675,מ.כ בנימינה 2,606,בנימינה,דרך ניל''י 28 בנימינה גבעת עדה,גבעת עדה,שרון,32.521485,34.942256,דרך ניל''י  בנימינה גבעת עדה,street
7678,"מ.ס.באר שבע 2 ""צו פיוס""",1277,רייסר 3 (דשא),באר שבע,באר שבע,צפון,31.2457442,34.7925181,באר שבע,street
7679,מ.כ גני תקווה 2,1247,גני תקווה,דרך הים 9 גני תקווה,גני תקווה,מרכז,32.0642371,34.8738515,דרך הים 9 גני תקווה,street
7680,"בית""ר חיפה",1159,חיפה אגרטק (אתוס 1 לשעבר),קדושי יאסי 2 חיפה,חיפה,צפון,32.7916931,34.9644972,קדושי יאסי 2 חיפה,street
7681,"מכבי עמישב פ""ת אלי צפון",595,פתח תקוה סירקין ספורטק אצטדיון,הרב עובדיה יוסף 3 פתח תקווה,פתח תקווה,מרכז,32.0813004,34.9065744,הרב עובדיה יוסף 3 פתח תקווה,street
7683,"הפ' חולון צפרירים ""צו פיוס""",22,חולון צפרירים חולון,הלוחמים 13 חולון,חולון,מרכז,32.0304312,34.7709226,הלוחמים 13 חולון,street
7684,מ.ס. ב''ש 3,1253,באר שבע רייסר 1 סינטטי,שלושת המצפים 3 באר שבע,באר שבע,דרום,31.2329997,34.8099317,שלושת המצפים 3 באר שבע,street
7687,"מ.ס הפועל לוד בני רגב ""צו פיוס""",573,לוד אימונים 1,דרך הרמ''א  לוד,לוד,מרכז,31.933597,34.889205,דרך הרמ''א  לוד,street
7689,מ.ס. הפועל לוד 2 בני רגב,1123,לוד סינטטי חדש,דרך הרמ''א 2 לוד,לוד,מרכז,31.933597,34.889205,דרך הרמ''א  לוד,street
7695,הפועל מטה אשר 2,1103,עין המפרץ נעמן,עין המפרץ,עין המפרץ,צפון,32.9036151,35.0961117,עין המפרץ,street
7696,הפועל מטה יהודה,1310,אבו גוש,השדות 2 אבו גוש,אבו גוש,מרכז,31.80592,35.1093,אבו גוש,locality
7699,מכבי רחובות דרום,238,(סגור)רחובות מכבי רחובות קריית משה,דרך יצחק כץ 11 רחובות,רחובות,דרום,31.888059,34.778507,דרך יצחק כץ  רחובות,street
7700,מ.ס.קרית ים 2,1269,קרית ים סינטטי,פנחס לבון 1 קרית ים,קרית ים,צפון,32.8553846,35.0765524,פנחס לבון 1 קרית ים,street
7701,מ.ס קרית ים,1269,קרית ים סינטטי,פנחס לבון 1 קרית ים,קרית ים,צפון,32.8553846,35.0765524,פנחס לבון 1 קרית ים,street
7704,הפועל מ.ס חבל מודיעין 2,1153,כפר בן שמן,בן שמן,בן שמן,מרכז,31.9522788,34.921944,בן שמן,street
7708,הפועל א.א. פאחם 2,411,אום אל פאחם סינטטי,אלהאדיה 2 אום אל פחם,אום אל פחם,שרון,32.5158385,35.152491,אום אל פחם,fallback
7709,ה.מטה אשר 3,1103,עין המפרץ נעמן,עין המפרץ,עין המפרץ,צפון,32.9036151,35.0961117,עין המפרץ,street
7711,אהלי טמרה 2,254,טמרה,טמרה,טמרה,צפון,32.85301,35.1987,טמרה,locality
7712,הפועל ברנר דרום,121,קרית עקרון,משה שרת 30 קרית עקרון,קרית עקרון,דרום,31.859636,34.8251782,משה שרת 30 קרית עקרון,street
7713,הפועל בני בענה 2,603,בענה,בענה,בענה,צפון,32.9280587,35.272169,בענה,street
7715,"מ.כ.שדרות דרום ""צו פיוס""",66,שדרות,מבצע סיני 2 שדרות,שדרות,דרום,31.5278466,34.5965889,מבצע סיני 2 שדרות,street
7720,מכבי חיפה מנצ'ל,636,חיפה קצף סינטטי,צביה ויצחק חיפה,חיפה,צפון,32.7941142,34.9684183,צביה ויצחק חיפה,street
7724,מ.כ.ע אריאל 2,255,אריאל,רמת הגולן 1 אריאל,אריאל,מרכז,32.1049634,35.1989244,רמת הגולן 1 אריאל,street
7725,הפ' עירוני גדרה 2,1224,גדרה,וייצמן 44 גדרה,גדרה,דרום,31.8164497,34.7805624,וייצמן 44 גדרה,street
7729,מכבי יהוד מונוסון 2,1012,יהוד ק.סביונים,דרך משה דיין 5 יהוד מונוסון,יהוד,מרכז,32.035438,34.881537,דרך משה דיין  יהוד מונוסון,street
7730,מכבי יהוד מונוסון 2,1012,יהוד ק.סביונים,דרך משה דיין 5 יהוד מונוסון,יהוד,מרכז,32.035438,34.881537,דרך משה דיין  יהוד מונוסון,street
7734,מ.כ. שפרעם 2,1251,שפרעם חדש סינטטי,תופיק זיאד שפרעם,שפרעם,צפון,32.8002989,35.1791767,תופיק זיאד שפרעם,street
7743,"מ.כ. מועצה איזורית חוף אשקלון ""צו פיוס""",1350,הודיה,הודיה,הודיה,דרום,31.673816,34.6377029,הודיה,street
7745,מ.ס שיכון המזרח 2,233,ראשון לציון מתחת לגשר,ראשון לציון,ראשון לציון,מרכז,31.9635712,34.8101149,ראשון לציון,street
7746,הפועל עפולה 2,1132,עפולה סינטטי,חיים ברלב 2 עפולה,עפולה,צפון,32.6271182,35.315469,חיים ברלב 2 עפולה,street
7747,שמשון ת''א דרום,1352,תל אביב ספורטק צפון מגרש מזרחי,שדרות רוקח 40 תל אביב יפו,יפו,מרכז,32.098446,34.787669,שדרות רוקח 40 תל אביב יפו,street
7748,הפ' בית שאן 2,148,בית שאן,בית שאן,בית שאן,צפון,32.4967519,35.4973022,בית שאן,street
7751,איחוד בני שפרעם,1251,שפרעם חדש סינטטי,תופיק זיאד שפרעם,שפרעם,צפון,32.8002989,35.1791767,תופיק זיאד שפרעם,street
7753,מ.ס שפרעם,1251,שפרעם חדש סינטטי,תופיק זיאד שפרעם,שפרעם,צפון,32.8002989,35.1791767,תופיק זיאד שפרעם,street
7755,"בית""ר תל אביב חולון 2",1316,חולון טוטו,משה דיין  חולון,חולון,מרכז,32.000768,34.770396,משה דיין  חולון,street
7757,"הפ' חולון צפרירים 2 ""צו פיוס""",22,חולון צפרירים חולון,הלוחמים 13 חולון,חולון,מרכז,32.0304312,34.7709226,הלוחמים 13 חולון,street
7758,מ.קרית חיים 2,1238,קרית חיים בית נגלר מזרחי (אתוס לשעבר),אברהם דנינו 6 חיפה,חיפה,צפון,32.8181708,35.066066,אברהם דנינו 6 חיפה,street
7759,מ.כפר סבא,439,כפר סבא קפלן,שולמית 1 כפר סבא,כפר סבא,שרון,32.175,34.90694,כפר סבא,locality
7767,"בית""ר נהריה 3",1306,נהריה 3 סינטטי,שלום הגליל 8 נהריה,נהריה,צפון,33.0117577,35.1089668,שלום הגליל 8 נהריה,street
7769,"בית""ר נהריה 2",1306,נהריה 3 סינטטי,שלום הגליל 8 נהריה,נהריה,צפון,33.0117577,35.1089668,שלום הגליל 8 נהריה,street
7775,הפ' מעגן מיכאל 2,1060,מעגן מיכאל,מעגן מיכאל,מעגן מיכאל,שרון,32.5553209,34.9166572,מעגן מיכאל,street
7778,מ.כ גני תקווה 2,1247,גני תקווה,דרך הים 9 גני תקווה,גני תקווה,מרכז,32.0642371,34.8738515,דרך הים 9 גני תקווה,street
7782,מ.ס.הפועל קרית ים,1269,קרית ים סינטטי,פנחס לבון 1 קרית ים,קרית ים,צפון,32.8553846,35.0765524,פנחס לבון 1 קרית ים,street
7783,"גדנע ת""א 2",1302,תל אביב גדנע ת״א חדש,חנה מרון 1 תל אביב יפו,יפו,מרכז,32.048384,34.774499,חנה מרון 1 תל אביב יפו,street
7787,ה.יוקנעם,55,יקנעם,הגנים יקנעם,יקנעם עילית,צפון,32.6480601,35.0943545,יקנעם,fallback
7789,מכבי השקמה חן דרום,181,רמת גן השקמה,אחד העם 8 רמת גן,רמת גן,מרכז,32.08227,34.81065,רמת גן,locality
7790,מכבי שעריים רחובות 2,1212,רחובות שעריים וייסגל סינטטי,שמעון דובנוב 47 רחובות,רחובות,מרכז,31.8872278,34.7941944,שמעון דובנוב 47 רחובות,street
7791,מכבי ע. נתיבות,1280,נתיבות חדש סינטטי,בדולח 1 נתיבות,נתיבות,דרום,31.4196436,34.5710321,בדולח 1 נתיבות,street
7794,הפועל עפולה 2,1132,עפולה סינטטי,חיים ברלב 2 עפולה,עפולה,צפון,32.6271182,35.315469,חיים ברלב 2 עפולה,street
7795,מכבי תל מונד,105,פרדסיה,התהילה 24 פרדסיה,פרדסיה,שרון,32.3084939,34.9049422,התהילה 24 פרדסיה,street
7799,שמשון בני טייבה 2,53,טייבה,טייבה,טייבה,שרון,32.2671249,35.0089029,טייבה,fallback
7810,מכבי אשקלון צפון,1145,"אשקלון סינטטי ע""ש איציק ""חיפה"" כהן",קיבוץ גלויות 1 אשקלון,אשקלון,דרום,31.6657521,34.5672225,קיבוץ גלויות 1 אשקלון,street
7855,מכבי זכרון יעקב,51,זכרון יעקב,הברושים זכרון יעקב,זכרון יעקב,שרון,32.5750652,34.9505678,הברושים זכרון יעקב,street
7857,הפועל לב השרון 2,161,כפר יונה,הגליל כפר יונה,כפר יונה,שרון,32.3114467,34.9328481,הגליל כפר יונה,street
7858,ס. נס ציונה 2,1303,נס ציונה אימונים סינטטי חדש,הנבחרת 1 נס ציונה,נס ציונה,דרום,31.9147195,34.7733411,הנבחרת 1 נס ציונה,street
7861,הפ' ניר רמת השרון 2,1106,רמת השרון סינטטי,דרך דודו דותן 2 רמת השרון,רמת השרון,שרון,32.14613,34.8394,רמת השרון,locality
7862,הפ' ניר רמת השרון 3,1281,רמת השרון סינטטי קטן,דרך דודו דותן 2 רמת השרון,רמת השרון,שרון,32.14613,34.8394,רמת השרון,locality
7865,הפ' נוף הגליל 2,1318,נוף הגליל סינטטי חדש,יזרעאל 46 נוף הגליל,נוף הגליל,צפון,32.689583,35.3167752,יזרעאל 46 נוף הגליל,street
7868,הפועל עמק הירדן 2,1147,קיבוץ מעגן,מעגן,מעגן,צפון,32.706731,35.6010794,מעגן,street
7870,בית''ר גן יבנה 2,984,(סגור)גן יבנה,המגינים 45 גן יבנה,גן יבנה,דרום,31.7922496,34.711908,המגינים 45 גן יבנה,street
7871,מ.עתלית,313,עתלית,מלח הארץ עתלית,עתלית,צפון,32.68889,34.94236,עתלית,locality
7880,מכבי יהוד מונוסון 2,1012,יהוד ק.סביונים,דרך משה דיין 5 יהוד מונוסון,יהוד,מרכז,32.035438,34.881537,דרך משה דיין  יהוד מונוסון,street
7886,"הפ' חולון צפרירים צפון ""צו פיוס""",22,חולון צפרירים חולון,הלוחמים 13 חולון,חולון,מרכז,32.0304312,34.7709226,הלוחמים 13 חולון,street
7889,מ.כ גני תקווה 2,1247,גני תקווה,דרך הים 9 גני תקווה,גני תקווה,מרכז,32.0642371,34.8738515,דרך הים 9 גני תקווה,street
7891,הפועל ברנר דרום,121,קרית עקרון,משה שרת 30 קרית עקרון,קרית עקרון,דרום,31.859636,34.8251782,משה שרת 30 קרית עקרון,street
7893,מכבי קרית גת 3,1190,קרית גת סינטטי אגוז,שדרות צה''ל 5 קרית גת,קרית גת,דרום,31.6089037,34.7596434,שדרות צה''ל 5 קרית גת,street
7896,"עוצמה מ.כ""הרצל"" חולון דרום",1316,חולון טוטו,משה דיין  חולון,חולון,מרכז,32.000768,34.770396,משה דיין  חולון,street
7899,הפועל עפולה 2,1132,עפולה סינטטי,חיים ברלב 2 עפולה,עפולה,צפון,32.6271182,35.315469,חיים ברלב 2 עפולה,street
7901,מכבי השקמה חן צפון,613,רמת גן ספארי,שדרת הצבי 2 רמת גן,רמת גן,מרכז,32.0526749,34.8262636,שדרת הצבי 2 רמת גן,street
7906,מ.ס.דימונה לבן,1294,דימונה סינטטי חדש,התפוצות 1 דימונה,דימונה,דרום,31.076393,35.0253093,התפוצות 1 דימונה,street
7908,מ.כ מועצה אזורית יואב,583,כנות,כנות,כנות,דרום,31.8026404,34.752375,כנות,street
7910,איחוד בני מג'דל כרום,603,בענה,בענה,בענה,צפון,32.9280587,35.272169,בענה,street
7911,א.ב.מג'דל כרום,48,מג'ד אל כרום,מג'ד אל כרום,מג'ד אל כרום,צפון,32.9225771,35.2579504,מג'ד אל כרום,fallback
7912,הפ' מ.ס חבל מודיעין 2,1153,כפר בן שמן,בן שמן,בן שמן,מרכז,31.9522788,34.921944,בן שמן,street
7913,הפועל מטה אשר 2,1103,עין המפרץ נעמן,עין המפרץ,עין המפרץ,צפון,32.9036151,35.0961117,עין המפרץ,street
7917,מכבי נווה שאנן 2,400,חיפה אבי רן,צביה ויצחק חיפה,חיפה,צפון,32.7941142,34.9684183,צביה ויצחק חיפה,street
7919,הפועל עמק הירדן 2,1147,קיבוץ מעגן,מעגן,מעגן,צפון,32.706731,35.6010794,מעגן,street
7920,"מכבי אשקלון צפון ""צו פיוס""",1145,"אשקלון סינטטי ע""ש איציק ""חיפה"" כהן",קיבוץ גלויות 1 אשקלון,אשקלון,דרום,31.6657521,34.5672225,קיבוץ גלויות 1 אשקלון,street
7921,מכבי אשקלון צפון,1145,"אשקלון סינטטי ע""ש איציק ""חיפה"" כהן",קיבוץ גלויות 1 אשקלון,אשקלון,דרום,31.6657521,34.5672225,קיבוץ גלויות 1 אשקלון,street
7931,מ.ס.קרית ים 2,1269,קרית ים סינטטי,פנחס לבון 1 קרית ים,קרית ים,צפון,32.8553846,35.0765524,פנחס לבון 1 קרית ים,street
7932,הפועל ר. מנשה מגידו 2,350,רמות מנשה,רמות מנשה,רמות מנשה,צפון,32.5978839,35.0576452,רמות מנשה,street
7934,איחוד בני בקה 2,49,בקה אל גרביה,אלסיראט 2 באקה אל ע'רביה,בקה אל ע’רביה,שרון,32.42061,35.04266,בקה אל גרביה,locality
7944,ה.ריינה,1291,ריינה סינטטי,ריינה,ריינה,צפון,32.723612,35.312492,ריינה,street
7953,מכבי עין מאהל 2,293,דבוריה,דבוריה,דבוריה,צפון,32.6927785,35.3716044,דבוריה,street
7960,מכבי עירוני בת ים צפון,245,בת ים אצטדיון טוטו,דרך מנחם בגין 7 בת ים,בת ים,מרכז,31.998446,34.743239,דרך מנחם בגין  בת ים,street
7961,מכבי עירוני בת ים 3,344,בת ים אימונים 1,דרך מנחם בגין 7 בת ים,בת ים,מרכז,31.998446,34.743239,דרך מנחם בגין  בת ים,street
7967,מכבי צור שלום ק. ביאליק 2,174,צור שלום,הפרטיזנים 14 קרית ביאליק,קרית ביאליק,צפון,32.8568655,35.0979117,הפרטיזנים 14 קרית ביאליק,street
7973,מכבי תל מונד,105,פרדסיה,התהילה 24 פרדסיה,פרדסיה,שרון,32.3084939,34.9049422,התהילה 24 פרדסיה,street
7974,בית''ר פרדס חנה 2,1146,פרדס חנה אימונים,דרך הים 5 פרדס חנה כרכור,פרדס חנה כרכור,שרון,32.4805699,34.9697493,דרך הים 5 פרדס חנה כרכור,street
7976,מ.ס.שפרעם 2,1251,שפרעם חדש סינטטי,תופיק זיאד שפרעם,שפרעם,צפון,32.8002989,35.1791767,תופיק זיאד שפרעם,street
7977,מ.כ. מועצה אזורית יואב,583,כנות,כנות,כנות,דרום,31.8026404,34.752375,כנות,street
7978,מ.ס עמק חפר צפון,512,קיבוץ ברקאי,ברקאי,ברקאי,שרון,32.475134,35.0300253,ברקאי,street
7981,"מ.כ. נהלל יזרעאל ""צו פיוס""",250,נהלל,נהלל,נהלל,צפון,32.6900631,35.1968485,נהלל,street
7983,"מכבי צורן ""צו פיוס""",464,קדימה,הניצן 5 קדימה צורן,קדימה צורן,שרון,32.2712141,34.9197397,הניצן 5 קדימה צורן,street
7985,מ.ס באר שבע 2,1253,באר שבע רייסר 1 סינטטי,שלושת המצפים 3 באר שבע,באר שבע,דרום,31.2329997,34.8099317,שלושת המצפים 3 באר שבע,street
7986,מ.ס באר שבע 3,297,"(סגור)רייסר ב""ש",אצ''ל באר שבע,באר שבע,דרום,31.2644946,34.7657452,אצ''ל באר שבע,street
7987,מ.ס באר שבע 3,297,"(סגור)רייסר ב""ש",אצ''ל באר שבע,באר שבע,דרום,31.2644946,34.7657452,אצ''ל באר שבע,street
7989,הפועל עירוני גדרה 2,1224,גדרה,וייצמן 44 גדרה,גדרה,דרום,31.8164497,34.7805624,וייצמן 44 גדרה,street
7996,עירוני באר יעקב 2,68,באר יעקב,שוהם 1 באר יעקב,באר יעקב,מרכז,31.9341905,34.8257844,שוהם 1 באר יעקב,street
8004,"מ.כדורגל נהלל יזראעל ""צו פיוס""",250,נהלל,נהלל,נהלל,צפון,32.6900631,35.1968485,נהלל,street
8006,מ.כדורגל נהלל צפון,250,נהלל,נהלל,נהלל,צפון,32.6900631,35.1968485,נהלל,street
8008,מ.כדורגל נהלל יזראעל צפון,250,נהלל,נהלל,נהלל,צפון,32.6900631,35.1968485,נהלל,street
8009,מ.כדורגל נהלל יזראעל צפון,250,נהלל,נהלל,נהלל,צפון,32.6900631,35.1968485,נהלל,street
8014,שמשון בני טייבה 3,53,טייבה,טייבה,טייבה,שרון,32.2671249,35.0089029,טייבה,fallback
8015,מ.כ.כרמל חיפה 2,1159,חיפה אגרטק (אתוס 1 לשעבר),קדושי יאסי 2 חיפה,חיפה,צפון,32.7916931,34.9644972,קדושי יאסי 2 חיפה,street
8016,"הפועל חוף הכרמל / מ""מ 2",1060,מעגן מיכאל,מעגן מיכאל,מעגן מיכאל,שרון,32.5553209,34.9166572,מעגן מיכאל,street
8020,ב.חיפה יעקב 2,400,חיפה אבי רן,צביה ויצחק חיפה,חיפה,צפון,32.7941142,34.9684183,צביה ויצחק חיפה,street
8022,מ.כ.שפרעם 2,1251,שפרעם חדש סינטטי,תופיק זיאד שפרעם,שפרעם,צפון,32.8002989,35.1791767,תופיק זיאד שפרעם,street
8025,ה.ב. בענה 2,603,בענה,בענה,בענה,צפון,32.9280587,35.272169,בענה,street
8027,בני מג'אר,603,בענה,בענה,בענה,צפון,32.9280587,35.272169,בענה,street
8028,"מ.ס הפועל לוד 2 בני רגב ""צו פיוס""",1123,לוד סינטטי חדש,דרך הרמ''א 2 לוד,לוד,מרכז,31.933597,34.889205,דרך הרמ''א  לוד,street
8031,הפועל סכנין,596,סכנין אימונים סינטטי,אלריאדה סח'נין,סח’נין,צפון,32.86506,35.29771,סחנין,locality
8032,הפועל סכנין,596,סכנין אימונים סינטטי,אלריאדה סח'נין,סח’נין,צפון,32.86506,35.29771,סחנין,locality
8033,הפועל סכנין,596,סכנין אימונים סינטטי,אלריאדה סח'נין,סח’נין,צפון,32.86506,35.29771,סחנין,locality
8037,הפועל טירת כרמל 2,32,טירת כרמל,הרב משה מרדכי 7 טירת כרמל,טירת כרמל,צפון,32.76025,34.96874,טירת כרמל,locality
8038,"בית""ר ר""ג 2",225,רמת גן אימונים,דרך אבא הלל  רמת גן,רמת גן,מרכז,32.08227,34.81065,רמת גן,locality
8041,מכבי יבנה 2,349,יבנה דרך הנשיאים,הנשיאים 17 יבנה,יבנה,דרום,31.8716059,34.7513276,הנשיאים 17 יבנה,street
8042,איחוד בני כפר קרע 2,89,כפר קרע,כפר קרע,כפר קרע,שרון,32.5029914,35.0504995,כפר קרע,street
8043,"מ.כ. מועצה איזורית חוף אשקלון ""צו פיוס""",1350,הודיה,הודיה,הודיה,דרום,31.673816,34.6377029,הודיה,street
8044,מ.ס.כפר כמא 2,141,כפר כמא,כפר כמא,כפר כמא,צפון,32.721053,35.4407705,כפר כמא,street
8045,מ.ס יפו אורתודוכסים,63,תל אביב יפו צעירי יפו,שדרות הבעש''ט 2 תל אביב יפו,יפו,מרכז,32.0376753,34.752471,שדרות הבעש''ט 2 תל אביב יפו,street
8049,מכבי סקציה מ.תרשיחא 2,44,מעלות,בן גוריון 1 מעלות תרשיחא,מעלות תרשיחא,צפון,33.0136558,35.286681,בן גוריון 1 מעלות תרשיחא,street
8051,מכבי ס.מעלות תרשיחא 2,44,מעלות,בן גוריון 1 מעלות תרשיחא,מעלות תרשיחא,צפון,33.0136558,35.286681,בן גוריון 1 מעלות תרשיחא,street
8061,עירוני טבריה 2,14,טבריה,בר כוכבא טבריה,טבריה,צפון,32.7927949,35.5205175,בר כוכבא טבריה,street
8071,"בית""ר מועצה איזורית מטה בנימין",1136,פתח תקוה מושבה דרומי,דרך אם המושבות 10 פתח תקווה,פתח תקווה,מרכז,32.102633,34.864924,דרך אם המושבות  פתח תקווה,street
8088,א.ס נורדיה ירושלים 2,1208,ירושלים הר חומה סינטטי,הרב ישעיהו דולגין 7 ירושלים,ירושלים,מרכז,31.7199984,35.2272089,הרב ישעיהו דולגין 7 ירושלים,street
8089,צעירי סכנין 2,596,סכנין אימונים סינטטי,אלריאדה סח'נין,סח’נין,צפון,32.86506,35.29771,סחנין,locality
8097,בית''ר חיפה יעקב 2,400,חיפה אבי רן,צביה ויצחק חיפה,חיפה,צפון,32.7941142,34.9684183,צביה ויצחק חיפה,street
8114,הפ' ירושלים מערב,1310,אבו גוש,השדות 2 אבו גוש,אבו גוש,מרכז,31.80592,35.1093,אבו גוש,locality
8115,ה. קרית אונו ב',28,קרית אונו ישן,קפלן 56 קרית אונו,קרית אונו,מרכז,32.0627851,34.851488,קפלן 56 קרית אונו,street
8116,מכבי נווה שאנן 2,602,חיפה אבי רן 2,צביה ויצחק חיפה,חיפה,צפון,32.7941142,34.9684183,צביה ויצחק חיפה,street
8117,ס. נס ציונה 2,1303,נס ציונה אימונים סינטטי חדש,הנבחרת 1 נס ציונה,נס ציונה,דרום,31.9147195,34.7733411,הנבחרת 1 נס ציונה,street
8122,מ.ס קדימה צורן 2,464,קדימה,הניצן 5 קדימה צורן,קדימה צורן,שרון,32.2712141,34.9197397,הניצן 5 קדימה צורן,street
8126,ע. באר יעקב 2,68,באר יעקב,שוהם 1 באר יעקב,באר יעקב,מרכז,31.9341905,34.8257844,שוהם 1 באר יעקב,street
8128,"עוצמה מ.כ.""הרצל"" חולון 2",1316,חולון טוטו,משה דיין  חולון,חולון,מרכז,32.000768,34.770396,משה דיין  חולון,street
8130,"מ.כ מכבי אשקלון צפון  ""צו פיוס""",1145,"אשקלון סינטטי ע""ש איציק ""חיפה"" כהן",קיבוץ גלויות 1 אשקלון,אשקלון,דרום,31.6657521,34.5672225,קיבוץ גלויות 1 אשקלון,street
8138,ה.מ יהודה ד',197,פתח תקוה מחנה יהודה,הנרייטה סולד 46 פתח תקווה,פתח תקווה,מרכז,32.0766111,34.8933795,הנרייטה סולד 46 פתח תקווה,street
8140,הפועל עירוני עראבה 2,317,דיר חנא,דייר חנא,דיר חנא,צפון,32.861898,35.365638,דייר חנא,street
8146,מכבי השקמה חן צפון,181,רמת גן השקמה,אחד העם 8 רמת גן,רמת גן,מרכז,32.08227,34.81065,רמת גן,locality
8148,"הפועל קרית חיים ליבוביץ יעקב ""צו פיוס""",1238,קרית חיים בית נגלר מזרחי (אתוס לשעבר),אברהם דנינו 6 חיפה,חיפה,צפון,32.8181708,35.066066,אברהם דנינו 6 חיפה,street
8149,"הפ' ת""א ""אלון שמלי"" צפון",417,תל אביב וולפסון 2,הלוחמים חולון,חולון,מרכז,32.0353386,34.7678567,הלוחמים חולון,street
8168,"ה. ניר רמה""ש צפון",1281,רמת השרון סינטטי קטן,דרך דודו דותן 2 רמת השרון,רמת השרון,שרון,32.14613,34.8394,רמת השרון,locality
8171,"מכבי עתלית 2 ""צו פיוס""",313,עתלית,מלח הארץ עתלית,עתלית,צפון,32.68889,34.94236,עתלית,locality
8180,הפועל סכנין,596,סכנין אימונים סינטטי,אלריאדה סח'נין,סח’נין,צפון,32.86506,35.29771,סחנין,locality
8181,מכבי גן יבנה 2,1326,גן יבנה אצטדיון,העמל 10 גן יבנה,גן יבנה,דרום,31.7749871,34.7012775,העמל 10 גן יבנה,street
8184,"הפועל חוף הכרמל / מ""מ 3",258,קיבוץ החותרים,החותרים,החותרים,צפון,32.7514976,34.9567795,החותרים,street
8218,מ.ס. שפרעם 2,1251,שפרעם חדש סינטטי,תופיק זיאד שפרעם,שפרעם,צפון,32.8002989,35.1791767,תופיק זיאד שפרעם,street
8224,"בית""ר אום אל פאחם",411,אום אל פאחם סינטטי,אלהאדיה 2 אום אל פחם,אום אל פחם,שרון,32.5158385,35.152491,אום אל פחם,fallback
8231,מכבי יבנה 2,349,יבנה דרך הנשיאים,הנשיאים 17 יבנה,יבנה,דרום,31.8716059,34.7513276,הנשיאים 17 יבנה,street
8252,אחווה כפר קרע 2,89,כפר קרע,כפר קרע,כפר קרע,שרון,32.5029914,35.0504995,כפר קרע,street
8254,מ.כ.ע אריאל 2,255,אריאל,רמת הגולן 1 אריאל,אריאל,מרכז,32.1049634,35.1989244,רמת הגולן 1 אריאל,street
8255,מכבי עירוני קרית אתא 2,326,קרית אתא,רופין קרית אתא,קרית אתא,צפון,32.8155268,35.1106668,רופין קרית אתא,street
8256,הפועל מגדל העמק,54,מגדל העמק,האיצטדיון 1 מגדל העמק,מגדל העמק,צפון,32.6701517,35.2381416,האיצטדיון 1 מגדל העמק,street
8261,מ.ס שיכון המזרח 2,233,ראשון לציון מתחת לגשר,ראשון לציון,ראשון לציון,מרכז,31.9635712,34.8101149,ראשון לציון,street
8282,מ.כ. הפועל גלבוע 2,325,תענך גוש יעל/אסי גלבוע,יעל,יעל,צפון,31.71083,34.7444,יעל,locality
8301,עירוני אשקלון 2,1145,"אשקלון סינטטי ע""ש איציק ""חיפה"" כהן",קיבוץ גלויות 1 אשקלון,אשקלון,דרום,31.6657521,34.5672225,קיבוץ גלויות 1 אשקלון,street
8311,ע. בית שמש 2,1266,בית שמש אצטדיון,שדרות יגאל אלון 1 בית שמש,בית שמש,מרכז,31.7545232,34.9934341,שדרות יגאל אלון 1 בית שמש,street
8319,מ.כ. טייבה,53,טייבה,טייבה,טייבה,שרון,32.2671249,35.0089029,טייבה,fallback
8346,מכבי השקמה חן צפון,181,רמת גן השקמה,אחד העם 8 רמת גן,רמת גן,מרכז,32.08227,34.81065,רמת גן,locality
8352,סקציה נס ציונה 2,1303,נס ציונה אימונים סינטטי חדש,הנבחרת 1 נס ציונה,נס ציונה,דרום,31.9147195,34.7733411,הנבחרת 1 נס ציונה,street
8353,מכבי ס.מעלות תרשיחא 12,44,מעלות,בן גוריון 1 מעלות תרשיחא,מעלות תרשיחא,צפון,33.0136558,35.286681,בן גוריון 1 מעלות תרשיחא,street
8355,מכבי באר שבע 2,330,באר שבע טאובל,שדרות דוד בן גוריון 40 באר שבע,באר שבע,דרום,31.261395,34.8047493,שדרות דוד בן גוריון 40 באר שבע,street
8358,"מכבי יהוד מונסון 2 ""צו פיוס""",1012,יהוד ק.סביונים,דרך משה דיין 5 יהוד מונוסון,יהוד,מרכז,32.035438,34.881537,דרך משה דיין  יהוד מונוסון,street
8362,ה. ירושלים מערב,1310,אבו גוש,השדות 2 אבו גוש,אבו גוש,מרכז,31.80592,35.1093,אבו גוש,locality
8367,מכבי כפר סבא מערב,282,כפר סבא אימונים תחתון (סינטטי),התוכנה 9 כפר סבא,כפר סבא,שרון,32.177971,34.9258419,התוכנה 9 כפר סבא,street
8369,מ.כ. נהלל יזרעאל צפון,250,נהלל,נהלל,נהלל,צפון,32.6900631,35.1968485,נהלל,street
8370,"מ.כ. נהלל יזרעאל  ""צו פיוס""",250,נהלל,נהלל,נהלל,צפון,32.6900631,35.1968485,נהלל,street
8371,מ.כ. מכבי אשקלון צפון,564,אשקלון אימונים-3,קיבוץ גלויות 1 אשקלון,אשקלון,דרום,31.6657521,34.5672225,קיבוץ גלויות 1 אשקלון,street
8375,"מ.ס הפועל לוד בני רגב ""צו פיוס""",573,לוד אימונים 1,דרך הרמ''א  לוד,לוד,מרכז,31.933597,34.889205,דרך הרמ''א  לוד,street
8381,מכבי יבנה 2,349,יבנה דרך הנשיאים,הנשיאים 17 יבנה,יבנה,דרום,31.8716059,34.7513276,הנשיאים 17 יבנה,street
8387,"בית""ר נהריה 2 ""צו פיוס""",1305,נהריה 2 סינטטי,שלום הגליל 8 נהריה,נהריה,צפון,33.0117577,35.1089668,שלום הגליל 8 נהריה,street
8389,"מכבי באר יעקב עמית ""צו פיוס""",68,באר יעקב,שוהם 1 באר יעקב,באר יעקב,מרכז,31.9341905,34.8257844,שוהם 1 באר יעקב,street
8393,מכבי באר יעקב עמית 2,68,באר יעקב,שוהם 1 באר יעקב,באר יעקב,מרכז,31.9341905,34.8257844,שוהם 1 באר יעקב,street
8399,אחווה כפר קרע 2,89,כפר קרע,כפר קרע,כפר קרע,שרון,32.5029914,35.0504995,כפר קרע,street
8401,אגודת ספורט נורדיה ירושלים 2,1208,ירושלים הר חומה סינטטי,הרב ישעיהו דולגין 7 ירושלים,ירושלים,מרכז,31.7199984,35.2272089,הרב ישעיהו דולגין 7 ירושלים,street
8402,מ.ס. קרית חיים,1238,קרית חיים בית נגלר מזרחי (אתוס לשעבר),אברהם דנינו 6 חיפה,חיפה,צפון,32.8181708,35.066066,אברהם דנינו 6 חיפה,street
8406,הפועל בני עין מאהל,232,עין מאהל,מאלכ אבן אנס 8 עין מאהל,עין מאהל,צפון,32.72325,35.35298,עין מאהל,locality
8416,אתלטיקו שפרעם,1251,שפרעם חדש סינטטי,תופיק זיאד שפרעם,שפרעם,צפון,32.8002989,35.1791767,תופיק זיאד שפרעם,street
8417,אתלטיקו שפרעם,1251,שפרעם חדש סינטטי,תופיק זיאד שפרעם,שפרעם,צפון,32.8002989,35.1791767,תופיק זיאד שפרעם,street
8441,הפועל עירוני כרמיאל 2,580,כרמיאל,מורד הגיא 99 כרמיאל,כרמיאל,צפון,32.9054806,35.2947039,מורד הגיא 99 כרמיאל,street
8452,"בית""ר פ""ת משה לוי 2",1252,פתח תקוה סירקין אימונים 3,הרב עובדיה יוסף 3 פתח תקווה,פתח תקווה,מרכז,32.0813004,34.9065744,הרב עובדיה יוסף 3 פתח תקווה,street
8482,מועדון הכדורגל מרום הגליל,75,צפת,האחד עשר צפת,צפת,צפון,32.9589421,35.5008402,האחד עשר צפת,street
8486,מ.ס. חיפה רובי שפירא 1,1159,חיפה אגרטק (אתוס 1 לשעבר),קדושי יאסי 2 חיפה,חיפה,צפון,32.7916931,34.9644972,קדושי יאסי 2 חיפה,street
8503,מ.ס. שיכון המזרח 2,1349,ראשון לציון שיכון המזרח חצבים,ראשון לציון,ראשון לציון,מרכז,31.9635712,34.8101149,ראשון לציון,street
8506,"בית""ר עירוני קרית גת 2",1190,קרית גת סינטטי אגוז,שדרות צה''ל 5 קרית גת,קרית גת,דרום,31.6089037,34.7596434,שדרות צה''ל 5 קרית גת,street
8514,בני הרצליה,334,הרצליה רן 1,הרצליה,הרצליה,שרון,32.1656255,34.8469023,הרצליה,street
8515,בני הרצליה,588,הרצליה רן 2 (ילדים וטרומים),יוסף נבו 6 הרצליה,הרצליה,שרון,32.1673594,34.82377,יוסף נבו 6 הרצליה,street
8516,בני הרצליה,334,הרצליה רן 1,הרצליה,הרצליה,שרון,32.1656255,34.8469023,הרצליה,street
8517,בני הרצליה,334,הרצליה רן 1,הרצליה,הרצליה,שרון,32.1656255,34.8469023,הרצליה,street
8518,בני הרצליה,588,הרצליה רן 2 (ילדים וטרומים),יוסף נבו 6 הרצליה,הרצליה,שרון,32.1673594,34.82377,יוסף נבו 6 הרצליה,street
8570,"מכ""א אשקלון",1361,מקיף ו׳ אשקלון,שדרות עמק חפר 52 אשקלון,אשקלון,דרום,31.648091,34.564935,שדרות עמק חפר  אשקלון,street
8575,מ.כ. אולמות מכבי נתניה,1174,"אולם בי""ס נעמי שמר (בן גוריון) נתניה",ליאון רייך 4 נתניה,נתניה,שרון,32.3392369,34.8564498,ליאון רייך  נתניה,street
8579,מ.כ. אולמות ראשון לציון,633,"אולם גן נחום ראשל""צ",תמר אבן 9 ראשון לציון,ראשון לציון,מרכז,31.9556947,34.803073,תמר אבן 9 ראשון לציון,street
8581,מ.כ. אולמות רמת גן,1000,"מרום נווה ר""ג",חזון אי''ש 90 רמת גן,רמת גן,מרכז,32.0756205,34.831786,חזון אי''ש 90 רמת גן,street
8587,"מ.כ. מועצה איזורית חוף אשקלון ""צו פיוס""",1350,הודיה,הודיה,הודיה,דרום,31.673816,34.6377029,הודיה,street
8605,מועדון כדורגל טייבה,,,,מועדון כדורגל טייבה,,,,,unresolved
8613,מכבי פתח-תקוה - פיתוח,954,פתח תקוה מכבי סינטטי,מרדכי בן דרור 1 פתח תקווה,פתח תקווה,מרכז,32.1000191,34.8900673,מרדכי בן דרור 1 פתח תקווה,street
8619,הפועל חדרה ערן - פיתוח,1331,חדרה מתחם אימונים סינטטי,צה''ל 2 חדרה,חדרה,שרון,32.4444466,34.9473677,צה''ל 2 חדרה,street
8650,"מ.כ. הפועל אשדוד 2 ""צו פיוס""",,,,אשדוד,,31.79213,34.64966,אשדוד,locality
8652,מ.ס. קרית ים 2,1269,קרית ים סינטטי,פנחס לבון 1 קרית ים,קרית ים,צפון,32.8553846,35.0765524,פנחס לבון 1 קרית ים,street
8655,מכבי יהוד מונוסון 2,1012,יהוד ק.סביונים,דרך משה דיין 5 יהוד מונוסון,יהוד,מרכז,32.035438,34.881537,דרך משה דיין  יהוד מונוסון,street
8668,"מכבי באר יעקב עמית 2 ""צו פיוס""",68,באר יעקב,שוהם 1 באר יעקב,באר יעקב,מרכז,31.9341905,34.8257844,שוהם 1 באר יעקב,street
8678,מכבי עמק חפר מערב,1020,בת חפר יישוב,בת חפר,בת חפר,שרון,32.3345015,35.012351,בת חפר,street
8681,בני סכנין פיתוח,981,סכנין אימונים,אלריאדה סח'נין,סח’נין,צפון,32.86506,35.29771,סחנין,locality
8683,הפועל ע. כרמיאל 2,580,כרמיאל,מורד הגיא 99 כרמיאל,כרמיאל,צפון,32.9054806,35.2947039,מורד הגיא 99 כרמיאל,street
8689,"הפועל מחנה יהודה צפון  ""צו פיוס""",197,פתח תקוה מחנה יהודה,הנרייטה סולד 46 פתח תקווה,פתח תקווה,מרכז,32.0766111,34.8933795,הנרייטה סולד 46 פתח תקווה,street
8691,מועדון ספורט איחוד קלנסואה,102,קלנסואה,סוראקה קלנסווה,קלנסווה,שרון,32.28493,34.98106,קלנסווה,locality
